"ID","Title","Section","Priority","Business_Rule","Edge_Case_Refs","Preconditions","Test_Data","Steps","Assertions","Cross_Layer_Checks","Failure_Signals","Cleanup","References","Automation_Status"
"CFG-PDP-001","Configurable Product PDP Renders Configuration Widget Correctly","Configurable Products > PDP Rendering","Critical","BL-CAT-006; BL-PRICE-001","ECL-7.1","[PRE:SIGNIN_AS:USER_DEFAULT]
[PRE:RESET_CART]
Storefront accessible at {{FRONT_URL}}. Product @td(CFG_BIKE.name) exists at @td(CFG_BIKE.url)","url={{FRONT_URL}}@td(CFG_BIKE.url), base_price=$350.00","[NAV] Navigate to {{FRONT_URL}}@td(CFG_BIKE.url); [WAIT] Wait for Configure text to appear; [ASSERT] Observe product name at top of page; [ASSERT] Observe base product price; [ASSERT] Observe the Configure the parameters widget; [ASSERT] Observe accordion section label Select one; [ASSERT] Observe subtitle Personalize your selection further (optional); [ASSERT] Observe accordion is open (expanded) by default; [ASSERT] Verify 5 radio options visible: Rear wheel 26 double-wall rim motorized; 200CC 250CC 4-Stroke Engine Motor; Seat; Pedals; None; [ASSERT] Verify None is selected by default; [ASSERT] Verify dedicated Add to cart button is visible (no quantity stepper for configurable products); [ASSERT] Verify no CountInCart badge shown in fresh state (no lineItemId in URL)","[DOM] Product name @td(CFG_BIKE.name) visible in h1 or product title element; [DOM] Base price $350.00 displayed in price element; [DOM] Configure the parameters widget header visible; [DOM] Accordion label reads Select one with subtitle Personalize your selection further (optional); [DOM] All 5 radio options present with None selected by default; [STATE] Dedicated Add to cart button visible (not a quantity stepper — configurable products use a single action button per VCST-3902); [STATE] No CountInCart badge displayed when no lineItemId query param in URL; [DOM] In stock badge visible","[CONSOLE] No JavaScript errors on page load; [NETWORK] Product detail GraphQL query returns 200 with configurable sections in response","Quantity stepper shown instead of dedicated button; CountInCart badge visible without lineItemId; price element missing or showing wrong value; widget not rendered; fewer than 5 radio options visible; None not pre-selected","none","TP_CONFIGURABLE_PRODUCTS_001","Manual"
"CFG-PDP-002","Selecting Radio Option Updates Total Price Immediately","Configurable Products > Option Selection","Critical","BL-CAT-006; BL-PRICE-001","ECL-7.1","Storefront accessible. @td(CFG_BIKE.name) PDP loaded. None selected by default. Base price $350.00 visible.","url={{FRONT_URL}}@td(CFG_BIKE.url), base_price=$350.00, seat_total=$365.00, pedals_total=$364.00, engine_total=$575.00, rearwheel_total=$526.00","[NAV] Navigate to @td(CFG_BIKE.name) PDP; [WAIT] Wait for Configure widget; [ASSERT] Note base price $350.00 (None selected); [ACT] Click radio button for Seat option; [ASSERT] Observe total price update to $365.00; [ACT] Click radio button for Pedals option; [ASSERT] Observe total price update to $364.00; [ACT] Click radio button for 200CC 250CC 4-Stroke Engine Motor option; [ASSERT] Observe total price update to $575.00; [ACT] Click radio button for Rear wheel 26 double-wall rim motorized option; [ASSERT] Observe total price update to $526.00; [ACT] Click None radio button; [ASSERT] Observe total price returns to $350.00","[MATH] Seat total=$365.00 ($350 base + $15 x1); [MATH] Pedals total=$364.00 ($350 base + $14 x1); [MATH] Engine total=$575.00 ($350 base + $225 x1); [MATH] Rear wheel total=$526.00 ($350 base + $88 x2=$176); [MATH] None total=$350.00; [STATE] Only one radio selectable at a time; [STATE] Price updates are immediate with no page reload; [DOM] Accordion subtitle updates to show selected option name","[CONSOLE] No JavaScript errors on option selection; [NETWORK] No full page reload triggered on radio click","Price does not update on radio click; multiple radios appear selected simultaneously; price update requires page reload; wrong total for any option (especially Rear wheel which is $88 x2 not x1)","none","TP_CONFIGURABLE_PRODUCTS_001","Manual"
"CFG-PDP-003","Each Option Row Displays Unit Price Quantity and Extended Price","Configurable Products > Price Display","High","BL-CAT-006","ECL-7.1","@td(CFG_BIKE.name) PDP loaded. Accordion open showing all option rows.","url={{FRONT_URL}}@td(CFG_BIKE.url), rearwheel_unit=$88.00, rearwheel_list=$126.00, rearwheel_qty=2; rearwheel_extended=$176.00, engine_unit=$225.00, seat_unit=$15.00, pedals_unit=$14.00","[NAV] Navigate to @td(CFG_BIKE.name) PDP and wait for Configure text; [ASSERT] Observe Rear wheel 26 double-wall rim motorized row: read unit price quantity and extended price; [ASSERT] Observe 200CC 250CC 4-Stroke Engine Motor row: read unit price quantity and extended price; [ASSERT] Observe Seat row: read unit price quantity and extended price; [ASSERT] Observe Pedals row: read unit price quantity and extended price; [ASSERT] Observe None row: verify no price shown; [ASSERT] Verify extended price = unit price x quantity for each option","[FORMAT] Rear wheel: unit $88.00 (salePrice) with $126.00 strikethrough (listPrice); qty 2; extended $176.00; [MATH] Engine: unit $225.00; qty 1; extended $225.00; [MATH] Seat: unit $15.00; qty 1; extended $15.00; [MATH] Pedals: unit $14.00; qty 1; extended $14.00; [DOM] None row shows no price; [MATH] Extended price = unit price x quantity for all options with prices","[CONSOLE] No rendering errors; [NETWORK] Price data returned in product GraphQL response matches displayed values","Any option showing list price as primary price instead of sale price; extended price not matching unit x qty; None row showing a price; Rear wheel extended showing $88 instead of $176 (missed qty=2)","none","TP_CONFIGURABLE_PRODUCTS_001","Manual"
"CFG-PDP-004","Sale Price Shown as Primary Price with List Price Strikethrough","Configurable Products > Price Display","High","BL-CAT-006","ECL-7.1; ECL-14.1","@td(CFG_BIKE.name) PDP loaded. Rear wheel option has salePrice $88.00 and listPrice $126.00.","url={{FRONT_URL}}@td(CFG_BIKE.url), rearwheel_sale=$88.00, rearwheel_list=$126.00, rearwheel_extended=$176.00, rearwheel_total=$526.00","[NAV] Navigate to @td(CFG_BIKE.name) PDP; [WAIT] Wait for Configure widget; [ASSERT] Locate Rear wheel 26 double-wall rim motorized option row; [ASSERT] Observe the price display on that option row; [ACT] Click the Rear wheel radio button; [ASSERT] Observe the total product price update","[FORMAT] Rear wheel option shows $88.00 as the primary/sale price; [FORMAT] $126.00 appears with strikethrough CSS (text-decoration:line-through) as the list price; [MATH] Selecting Rear wheel: total updates to $526.00 (base $350 + extended $176 using salePrice $88 x2); [STATE] List price $126.00 is NOT used in price calculations; [FORMAT] Visual hierarchy: sale price prominent; list price secondary","[CONSOLE] No errors; [NETWORK] GraphQL response contains both salePrice and listPrice fields for Rear wheel option","List price $126 used in total instead of sale price $88; total showing $602 ($350+$126x2) instead of $526; strikethrough not applied to list price; sale price not visually prominent; total not updating on radio click","none","TP_CONFIGURABLE_PRODUCTS_001 VCST-4586","Manual"
"CFG-PDP-005","Configurable Product Uses Dedicated Add to Cart Button (No Quantity Stepper)","Configurable Products > Add to Cart Button","Critical","BL-CAT-006","ECL-7.1; VCST-3902","[PRE:SIGNIN_AS:USER_DEFAULT]
[PRE:RESET_CART]
@td(CFG_BIKE.name) PDP loaded. Page in fresh state. No lineItemId in URL.","url={{FRONT_URL}}@td(CFG_BIKE.url)","[NAV] Navigate to @td(CFG_BIKE.name) PDP; [WAIT] Configure widget visible; [ASSERT] Verify NO quantity stepper is shown for the configurable product (stepper replaced by dedicated button per VCST-3902); [ASSERT] Verify a single Add to cart button is visible with outline variant; [ACT] Click Add to cart without selecting any option (None selected by default); [WAIT] Observe validation behavior; [ACT] Select Seat option; [ASSERT] Verify Add to cart button remains visible with outline variant (no item in cart yet); [ACT] Click Add to cart; [WAIT] Success notification or cart update; [ASSERT] Button changes to solid variant and text changes to Update cart; [ASSERT] CountInCart badge now visible showing qty 1","[STATE] No QuantityControl stepper rendered for configurable products — only a VcButton; [DOM] Button text reads Add to cart in fresh state (outline variant); [STATE] After successful add: button text changes to Update cart (solid variant); [DOM] CountInCart badge appears after add showing quantity 1; [STATE] lineItemId query param added to URL after successful add","[CONSOLE] No JavaScript errors; [NETWORK] addItem mutation fires exactly once on button click; [API] addItem returns cart with new line item containing configurationItems[]","Quantity stepper visible instead of dedicated button; button text not changing after add; CountInCart badge not appearing; lineItemId not written to URL; multiple addItem calls on single click","none","TP_CONFIGURABLE_PRODUCTS_001 VCST-3902","Manual"
"CFG-PDP-006","Add Configured Product to Cart with Option Selected (Happy Path)","Configurable Products > Add to Cart","Critical","BL-CAT-006; BL-CART-007","ECL-7.1; ECL-14.1","[PRE:SIGNIN_AS:USER_DEFAULT]
[PRE:RESET_CART]
@td(CFG_BIKE.name) PDP loaded. User is authenticated (logged in as {{USER_EMAIL}}). Cart is empty.","url={{FRONT_URL}}@td(CFG_BIKE.url), user={{USER_EMAIL}}, password={{USER_PASSWORD}}, seat_total=$365.00","[ACT] Click radio button for Seat option ($15.00; qty 1); [ASSERT] Verify total price=$365.00; [ACT] Click Add to cart button (dedicated button for configurable products — no stepper interaction needed); [ASSERT] Observe success notification; [ASSERT] Observe cart icon update in header; [ASSERT] Observe button text changes from Add to cart to Update cart; [ASSERT] Observe lineItemId query param appears in URL; [NAV] Navigate to cart page at {{FRONT_URL}}/cart; [ASSERT] Locate @td(CFG_BIKE.name) in cart; [ASSERT] Observe configuration detail in cart line item; [ASSERT] Observe cart item price; [ASSERT] Observe cart subtotal; [ASSERT] Observe quantity=1 (minQty added automatically)","[STATE] Seat radio selected; total price=$365.00; [DOM] Add to cart button visible and clickable (no qty stepper needed); [DOM] Success notification shown (Product added to cart or equivalent); [DOM] Cart icon updates to show 1 item; [STATE] Button text changes to Update cart after successful add; [STATE] URL now contains lineItemId query param; [DOM] Cart page shows @td(CFG_BIKE.name) as a line item; [DOM] Cart line item shows Seat as the selected configuration option; [MATH] Cart item price=$365.00; [MATH] Cart subtotal=$365.00; [MATH] Quantity=1 (system adds minQty automatically for configurable products)","[API] addItem mutation returns 200 with cart item including configurationItems[]; [CONSOLE] No errors during add-to-cart; [NETWORK] Cart API response includes configuredGroupCode or equivalent option identifier","Success notification not shown; cart icon count not updated; Seat configuration detail missing from cart line item; cart price showing $350 (base) instead of $365; add-to-cart silently fails; button text not changing to Update cart; lineItemId missing from URL","Remove @td(CFG_BIKE.name) from cart after test","TP_CONFIGURABLE_PRODUCTS_001","Manual"
"CFG-PDP-007","Add Configured Product to Cart with None Selected (Optional Section)","Configurable Products > Add to Cart","High","BL-CAT-006","ECL-7.1; ECL-14.1","[PRE:SIGNIN_AS:USER_DEFAULT]
[PRE:RESET_CART]
@td(CFG_BIKE.name) PDP loaded. None selected by default. User authenticated.","url={{FRONT_URL}}@td(CFG_BIKE.url), user={{USER_EMAIL}}, password={{USER_PASSWORD}}, base_price=$350.00","[ASSERT] Verify None radio is selected by default; [ASSERT] Verify accordion subtitle reads Personalize your selection further (optional); [ACT] Click + to set quantity to 1; [ASSERT] Observe Add to cart button is enabled; [ACT] Click Add to cart; [ASSERT] Verify no validation error about unselected required option; [NAV] Navigate to cart; [ASSERT] Verify @td(CFG_BIKE.name) appears at base price $350.00; [ASSERT] Verify no configuration error state shown","[STATE] Optional section allows add-to-cart with None selected; [STATE] No blocking validation error shown; [DOM] Success notification appears; [MATH] Cart shows @td(CFG_BIKE.name) at base price $350.00; [DOM] Cart may show None or no configuration detail without error","[API] Add to cart POST returns 200; [CONSOLE] No validation or permission errors; [NETWORK] Cart item created with base price","Validation error incorrectly blocking optional None selection; cart showing wrong price; add-to-cart failing with unselected required field error when section is optional","Remove item from cart after test","TP_CONFIGURABLE_PRODUCTS_001","Manual"
"CFG-PDP-008","Accordion Expands and Collapses Correctly","Configurable Products > UI Interaction","Medium","BL-PRICE-001","ECL-7.1","@td(CFG_BIKE.name) PDP loaded. Accordion is open by default.","url={{FRONT_URL}}@td(CFG_BIKE.url)","[ASSERT] Verify accordion starts expanded (all 5 radio options visible); [ACT] Click the accordion header Select one to collapse; [ASSERT] Verify radio options hidden; header still visible; [ACT] Click accordion header again to expand; [ASSERT] Verify radio options visible again; [ACT] Select Seat option; [ACT] Collapse accordion; [ASSERT] Observe accordion subtitle when collapsed with Seat selected; [ACT] Expand accordion; [ASSERT] Verify Seat is still selected","[STATE] Accordion starts in open/expanded state; [DOM] Clicking header collapses and hides radio options; [DOM] Clicking header again expands and shows radio options; [DOM] When collapsed with Seat selected: subtitle updates to show Seat; [STATE] Re-expanding: Seat remains selected; [STATE] Selection state preserved through collapse/expand cycles","[CONSOLE] No errors on accordion toggle; [NETWORK] No API calls triggered by accordion toggle alone","Accordion does not collapse on click; radio options still visible when collapsed; selection lost after collapse/expand cycle; subtitle not updating to show selected option name","none","TP_CONFIGURABLE_PRODUCTS_001","Manual"
"CFG-PDP-009","Accordion Subtitle Updates to Show Selected Option Name","Configurable Products > UI Interaction","High","BL-PRICE-001","ECL-7.1","@td(CFG_BIKE.name) PDP loaded. Accordion open. None selected.","url={{FRONT_URL}}@td(CFG_BIKE.url)","[ASSERT] Observe initial accordion subtitle: Personalize your selection further (optional); [ACT] Click Seat radio button; [ASSERT] Observe accordion subtitle updates to Seat; [ACT] Click Pedals radio button; [ASSERT] Observe accordion subtitle updates to Pedals; [ACT] Click 200CC 250CC 4-Stroke Engine Motor option; [ASSERT] Observe accordion subtitle updates to engine name; [ACT] Click None radio button; [ASSERT] Observe accordion subtitle reverts to default","[DOM] Initial subtitle: Personalize your selection further (optional); [DOM] After selecting Seat: subtitle updates to Seat; [DOM] After selecting Pedals: subtitle updates to Pedals; [DOM] After selecting Engine: subtitle updates to engine name (full or truncated); [DOM] After selecting None: subtitle reverts to Personalize your selection further (optional)","[CONSOLE] No errors on subtitle update; [NETWORK] No API call triggered by subtitle update","Subtitle not updating on radio selection; subtitle showing wrong option name; subtitle not reverting to default on None selection; subtitle update causing layout shift or scroll jump","none","TP_CONFIGURABLE_PRODUCTS_001 VCST-4612","Manual"
"CFG-PDP-010","No Auto-Scroll on Radio Button Click (VCST-4612 Regression)","Configurable Products > UI Interaction","High","BL-PRICE-001","ECL-7.1","@td(CFG_BIKE.name) PDP loaded. Scroll position at the Configure the parameters widget. None selected.","url={{FRONT_URL}}@td(CFG_BIKE.url)","[SCROLL] Scroll to configure widget; note current scroll position (scrollY via JS evaluate); [ACT] Click radio for 200CC 250CC 4-Stroke Engine Motor (very long name causing 2-line subtitle); [ASSERT] Verify scroll position unchanged via window.scrollY; [ACT] Click radio for Seat (short name; 1-line subtitle); [ASSERT] Verify scroll position unchanged; [ACT] Click radio for Pedals; [ASSERT] Verify scroll position unchanged; [ACT] Alternate between Engine and Seat several times; [ASSERT] Verify no scroll occurs on any radio click","[STATE] Clicking any radio button does NOT change page scroll position; [STATE] scrollY remains constant across all radio button transitions; [STATE] No auto-scroll on subtitle line count change (2 lines to 1 line or vice versa); [STATE] Regression check for VCST-4612 fix","[CONSOLE] No scroll-related JavaScript errors; evaluate window.scrollY before and after each click to confirm no change","Page scrolls up or down on radio click; scrollY changes between option selections; longer option names cause layout reflow that shifts scroll position","none","TP_CONFIGURABLE_PRODUCTS_001 VCST-4612","Manual"
"CFG-PDP-011","Cart Shows Configured Product with Option Details and Correct Prices","Configurable Products > Cart","High","BL-CAT-006; BL-CART-007","ECL-7.1; ECL-14.1","[PRE:SIGNIN_AS:USER_DEFAULT]
[PRE:RESET_CART]
@td(CFG_BIKE.name) PDP loaded. User authenticated. Cart empty.","url={{FRONT_URL}}@td(CFG_BIKE.url), user={{USER_EMAIL}}, password={{USER_PASSWORD}}, engine_total=$575.00","[ACT] Select Engine option (total=$575.00); [ACT] Click Add to cart button (qty=1 added automatically for configurable products); [NAV] Navigate to cart page; [ASSERT] Observe @td(CFG_BIKE.name) cart line item; [ASSERT] Observe configuration detail (Engine) in cart; [ASSERT] Observe cart item price=$575.00; [ASSERT] Observe quantity=1; [ASSERT] Observe subtotal=$575.00; [ACT] Increase cart quantity to 2 using cart quantity stepper; [ASSERT] Observe subtotal update to $1150.00","[DOM] Cart shows @td(CFG_BIKE.name) as line item; [DOM] Engine option name visible as configuration detail; [MATH] Cart item price=$575.00 (base $350 + engine $225); [MATH] Subtotal=$575.00; [MATH] After qty=2: subtotal=$1,150.00 (2x$575); [DOM] Configuration detail (Engine) still shown after quantity change in cart; [STATE] Quantity changes happen in cart only — PDP uses dedicated Add to cart button without stepper","[API] Cart update PUT returns 200 with recalculated line total; [CONSOLE] No errors on quantity update; [NETWORK] Cart total recalculation in API response","Configuration detail disappearing after quantity change; subtotal not updating after qty change; wrong unit price ($350 base instead of $575); line total not doubling correctly on qty increase","Remove @td(CFG_BIKE.name) from cart after test","TP_CONFIGURABLE_PRODUCTS_001","Manual"
"CFG-PDP-012","Checkout Completes Successfully with Configured Product","Configurable Products > Checkout","High","BL-CAT-006; BL-CART-007","ECL-7.1; ECL-14.1","[PRE:SIGNIN_AS:USER_DEFAULT]
[PRE:RESET_CART]
Cart contains @td(CFG_BIKE.name) with Seat option selected. User authenticated with valid shipping address. Payment method available.","user={{USER_EMAIL}}, password={{USER_PASSWORD}}, seat_total=$365.00","[NAV] Navigate to cart page; verify @td(CFG_BIKE.name) with Seat option at $365.00; [ACT] Click Proceed to checkout; [ASSERT] Observe configured product in checkout order summary at $365.00 with Seat detail; [ACT] Complete shipping address step; [ACT] Select a shipping method; [ACT] Enter payment details (use test credentials from .env); [ASSERT] Review order summary: verify @td(CFG_BIKE.name) with Seat at $365.00; [ACT] Click Place order; [ASSERT] Observe order confirmation page with order number","[DOM] Checkout order summary shows @td(CFG_BIKE.name) with Seat option at $365.00; [STATE] All checkout steps complete without errors; [STATE] Order placed successfully; [DOM] Order confirmation page shows order number; [DOM] Confirmation lists @td(CFG_BIKE.name) with Seat configuration detail; [MATH] Correct total $365.00 on confirmation","[API] Order creation POST returns 201 with order ID; [CONSOLE] No errors during checkout flow; [NETWORK] Payment gateway request/response successful","Configuration detail missing from checkout summary; wrong price at checkout ($350 instead of $365); order placement failing; order confirmation not showing Seat detail","none","TP_CONFIGURABLE_PRODUCTS_001","Manual"
"CFG-PDP-013","Order History Displays Configured Product with Option Details","Configurable Products > Orders","High","BL-CART-007","ECL-7.1","[PRE:SIGNIN_AS:USER_DEFAULT]
[PRE:RESET_CART]
An order with configured @td(CFG_BIKE.name) (Seat option at $365.00) has been placed and is visible in account order history. User authenticated.","user={{USER_EMAIL}}, password={{USER_PASSWORD}}, order_price=$365.00","[NAV] Navigate to {{FRONT_URL}}/account/orders; [ASSERT] Locate most recent order for @td(CFG_BIKE.name); [ACT] Click to open order detail page; [ASSERT] Locate @td(CFG_BIKE.name) in line items; [ASSERT] Observe configuration detail (Seat option); [ASSERT] Verify item price=$365.00; [ASSERT] Verify order total consistent with checkout","[DOM] Order appears in order history list; [DOM] Order detail shows @td(CFG_BIKE.name) in line items; [DOM] Seat configuration option visible as sub-item or detail; [MATH] Item price=$365.00; [MATH] Order total consistent with checkout total; [DOM] Configuration details readable and accurate","[ADMIN] Admin order view shows same Seat configuration detail; [CONSOLE] No errors loading order history","Configuration detail absent from order history; wrong price in order history; order not appearing; Seat option showing as generic line without configuration","none","TP_CONFIGURABLE_PRODUCTS_001","Manual"
"CFG-PDP-014","Price Calculation Accuracy for All Five Option Combinations","Configurable Products > Price Calculation","High","BL-CAT-006","ECL-7.1","@td(CFG_BIKE.name) PDP loaded. Base price $350.00.","url={{FRONT_URL}}@td(CFG_BIKE.url), base=$350.00, seat_total=$365.00, pedals_total=$364.00, engine_total=$575.00, rearwheel_total=$526.00","[ASSERT] Record base price with None selected: $350.00; [ACT] Select Seat; [ASSERT] verify total=$365.00; [ACT] Select Pedals; [ASSERT] verify total=$364.00; [ACT] Select Engine; [ASSERT] verify total=$575.00; [ACT] Select Rear wheel; [ASSERT] verify total=$526.00; [ACT] Select None; [ASSERT] verify total=$350.00; [ACT] Repeat full cycle once more to verify no stale state","[MATH] None: $350.00; [MATH] Seat: $365.00 ($350+$15 x1); [MATH] Pedals: $364.00 ($350+$14 x1); [MATH] Engine: $575.00 ($350+$225 x1); [MATH] Rear wheel: $526.00 ($350+$88 x2); [MATH] None again: $350.00; [STATE] All prices correct on second cycle (no stale state)","[CONSOLE] No calculation errors in console; [NETWORK] Each option selection triggers price recalculation without page reload","Any price incorrect on first or second cycle; stale price showing after returning to previously selected option; Rear wheel showing $438 instead of $526 (missed x2 multiplier)","none","TP_CONFIGURABLE_PRODUCTS_001","Manual"
"CFG-PDP-016","Out-of-Stock Option Indicated and Non-Selectable","Configurable Products > Edge Cases","Medium","BL-CAT-006","ECL-7.1","[PRE:SIGNIN_AS:USER_DEFAULT]
[PRE:RESET_CART]
A configurable product exists with at least one out-of-stock option (qty=0). Navigate to that product PDP.","url={{FRONT_URL}}, product=configurable-hat (check option out-of-stock status in Admin)","[NAV] Navigate to PDP of a configurable product with an out-of-stock option; [WAIT] Wait for configuration widget to load; [ASSERT] Locate the out-of-stock option row; [ASSERT] Observe its visual state (greyed out; disabled; Out of Stock label); [ACT] Attempt to click the out-of-stock option; [ASSERT] Verify selection is prevented or a warning shown; [ASSERT] Verify in-stock options remain selectable; [ACT] Select an in-stock option and add to cart","[DOM] Out-of-stock options visually differentiated (greyed out or labeled Out of Stock); [STATE] Clicking out-of-stock option is prevented or shows a warning; [STATE] In-stock options remain fully selectable; [STATE] Product addable to cart using an in-stock option","[CONSOLE] No errors on interaction with OOS option; [NETWORK] No add-to-cart API call fires when clicking disabled OOS option","OOS option selectable with no warning; OOS option blocking all other options; in-stock options also greyed out; no visual distinction between OOS and in-stock options","Remove cart items added during test","TP_CONFIGURABLE_PRODUCTS_001","Manual"
"CFG-VAR-001","Variation Section Renders on PDP with Variation Options","Configurable Products > Variation Section > PDP Rendering","Critical","BL-CAT-006; BL-PRICE-001","ECL-7.1","PREREQUISITE: Configurable product must have variations defined on it (admin Variations widget shows >0 variations). Variation section created and options added from those variations. Storefront accessible at {{FRONT_URL}}. A configurable product with a Variation section exists. The section is seeded with at least 2 variation options. Product is published and indexed.","url={{FRONT_URL}}/search?q=@td(CFG_BIKE.name), store_id={{STORE_ID}}","[NAV] Navigate to {{FRONT_URL}}/search?q=@td(CFG_BIKE.name); [WAIT] Wait for Configure the parameters widget to appear; [ASSERT] Observe the Variation section heading and its options (color/size swatches or radio buttons); [ASSERT] Observe that each option displays variation-level properties such as Color or Size; [ASSERT] Observe that the section type visually distinguishes itself from a Product section (variation properties vs standalone product names)","[DOM] Configure the parameters widget renders with at least one Variation section; [DOM] Variation section heading visible with section name; [DOM] Each variation option row shows variation-level properties (e.g. Color: Red; Size: M); [DOM] Options rendered as swatches or radio buttons; [STATE] None selected by default OR first option pre-selected per configuration; [DOM] Add to Cart button state matches selection state","[CONSOLE] No JavaScript errors on page load; [NETWORK] productConfiguration GraphQL query returns 200 with configurationSections containing type=Variation","Widget not rendering; options missing; variation properties (Color/Size) absent from option rows; console TypeError on page load, type=Product returned instead of type=Variation","none","VCST-4765","Manual"
"CFG-VAR-002","Selecting a Variation Option Updates Total Price","Configurable Products > Variation Section > Price Calculation","Critical","BL-CAT-006; BL-PRICE-001; BL-PRICE-003","ECL-7.1","PREREQUISITE: Configurable product must have variations defined on it (admin Variations widget shows >0 variations). Variation section created and options added from those variations. Configurable product with Variation section loaded on PDP. Each variation option has a distinct salePrice. Base product price known. None selected by default.","url={{FRONT_URL}}/search?q=@td(CFG_BIKE.name), store_id={{STORE_ID}}","[NAV] Navigate to {{FRONT_URL}}/search?q=@td(CFG_BIKE.name); [WAIT] Wait for Configure widget; [ASSERT] Note the base price displayed with no variation selected; [ACT] Click the first variation option (e.g. Color: Red); [WAIT] Price element updates; [ASSERT] Note the updated total; [ACT] Click a second variation option (e.g. Color: Blue); [WAIT] Price element updates; [ASSERT] Note the updated total; [ACT] Click None or deselect; [WAIT] Price returns to base; [ASSERT] Verify price returns to base amount","[MATH] Total = base price + selected variation salePrice x quantity (2 decimal places per BL-PRICE-003); [STATE] Price updates immediately on variation selection with no page reload; [STATE] Only one variation option selectable at a time; [MATH] Deselecting returns total to base price; [FORMAT] All prices display with exactly 2 decimal places","[CONSOLE] No JavaScript errors on option selection; [NETWORK] No full page reload triggered on variation click; [API] productConfiguration query price fields match displayed values","Price not updating on variation click; multiple variation options appear selected simultaneously; total using listPrice instead of salePrice; price requiring page reload to update","none","VCST-4765","Manual"
"CFG-VAR-003","Variation Option Displays Variation-Level Properties Alongside Pricing","Configurable Products > Variation Section > Property Display","High","BL-CAT-006","ECL-7.1","PREREQUISITE: Configurable product must have variations defined on it (admin Variations widget shows >0 variations). Variation section created and options added from those variations. Configurable product PDP with Variation section loaded. Variation options have Color and/or Size properties set at the variation level.","url={{FRONT_URL}}/search?q=@td(CFG_BIKE.name)","[NAV] Navigate to {{FRONT_URL}}/search?q=@td(CFG_BIKE.name); [WAIT] Wait for Configure widget; [ASSERT] Locate the Variation section; [ASSERT] For each option row observe: variation property labels and values (e.g. Color: Red; Size: M); unit price; quantity; and extended price; [ASSERT] Verify that the properties shown are variation-level (not parent product properties)","[DOM] Each variation option row shows at least one variation-level property (Color; Size; or Material) with label and value; [DOM] Unit price visible per option row; [DOM] Quantity visible per option row; [MATH] Extended price = unit price x quantity per row; [FORMAT] Property values use human-readable labels not internal codes","[CONSOLE] No errors; [NETWORK] GraphQL response includes product.properties[] for each variation option","Option rows missing variation properties; showing parent product properties instead of variation properties; extended price not matching unit x qty; property values showing internal codes","none","VCST-4765","Manual"
"CFG-VAR-004","Variation Option Shows ListPrice Strikethrough When SalePrice Differs","Configurable Products > Variation Section > Price Display","High","BL-CAT-006; BL-PRICE-003","ECL-7.1; ECL-14.1","PREREQUISITE: Configurable product must have variations defined on it (admin Variations widget shows >0 variations). Variation section created and options added from those variations. Configurable product PDP with Variation section loaded. At least one variation option has salePrice lower than listPrice (i.e. on sale).","url={{FRONT_URL}}/search?q=@td(CFG_BIKE.name)","[NAV] Navigate to {{FRONT_URL}}/search?q=@td(CFG_BIKE.name); [WAIT] Wait for Configure widget; [ASSERT] Locate a variation option with a sale price (salePrice < listPrice); [ASSERT] Observe the price display on that option row; [ACT] Click the on-sale variation option; [ASSERT] Observe total price update uses salePrice not listPrice","[FORMAT] On-sale variation option shows salePrice as the primary/prominent price; [FORMAT] listPrice appears with CSS strikethrough (text-decoration: line-through) as secondary price; [MATH] Total price calculation uses salePrice x quantity (not listPrice); [FORMAT] Visual hierarchy: salePrice prominent; listPrice secondary/muted","[CONSOLE] No errors; [NETWORK] GraphQL response contains both salePrice and listPrice fields for the variation option","listPrice used in total instead of salePrice; strikethrough not applied to listPrice; no visual distinction between sale and list prices; total calculated with listPrice","none","VCST-4765","Manual"
"CFG-VAR-005","ExtendedPrice Equals SalePrice Times Quantity for Variation Options","Configurable Products > Variation Section > Price Calculation","High","BL-CAT-006; BL-PRICE-003","ECL-7.1","PREREQUISITE: Configurable product must have variations defined on it (admin Variations widget shows >0 variations). Variation section created and options added from those variations. Configurable product PDP with Variation section loaded. At least one variation option has quantity > 1 (e.g. qty=2 for a paired item). All variation option prices known.","url={{FRONT_URL}}/search?q=@td(CFG_BIKE.name)","[NAV] Navigate to {{FRONT_URL}}/search?q=@td(CFG_BIKE.name); [WAIT] Wait for Configure widget; [ASSERT] Observe each variation option row noting salePrice; quantity; and extendedPrice; [ASSERT] For option with qty=1: verify extendedPrice = salePrice; [ASSERT] For option with qty>1 if present: verify extendedPrice = salePrice x qty; [ACT] Select the option with the highest qty; [ASSERT] Observe that total = base + extendedPrice (not base + unit salePrice alone)","[MATH] extendedPrice = salePrice x quantity for every variation option row (2 decimal places); [MATH] Total = base price + selected variation extendedPrice (not unit salePrice); [FORMAT] All price fields display with exactly 2 decimal places per BL-PRICE-003","[CONSOLE] No errors; [NETWORK] GraphQL extendedPrice field in options[] matches salePrice x quantity calculation","extendedPrice equals salePrice instead of salePrice x quantity when qty>1; total uses unit salePrice instead of extendedPrice; decimal rounding inconsistent","none","VCST-4765","Manual"
"CFG-VAR-006","Required Variation Section Blocks Add to Cart When No Variation Selected","Configurable Products > Variation Section > Validation","Critical","BL-CAT-006; BL-CAT-006","ECL-7.1","[PRE:SIGNIN_AS:USER_DEFAULT]
[PRE:RESET_CART]
PREREQUISITE: Configurable product must have variations defined on it (admin Variations widget shows >0 variations). Variation section created and options added from those variations. Configurable product PDP with a Required (isRequired=true) Variation section loaded. No variation option selected (None state). Product quantity set to 1.","url={{FRONT_URL}}/search?q=@td(CFG_BIKE.name), user={{USER_EMAIL}}, password={{USER_PASSWORD}}","[NAV] Navigate to {{FRONT_URL}}/search?q=@td(CFG_BIKE.name); [WAIT] Wait for Configure widget; [ASSERT] Verify the Variation section is marked as Required; [ASSERT] Verify no variation option is selected (None state); [ACT] Set quantity to 1; [ACT] Attempt to click Add to Cart; [WAIT] Observe system response; [ASSERT] Add to Cart action is blocked or a validation message is shown; [ASSERT] Cart badge does NOT increment","[STATE] Add to Cart button is disabled or non-functional when Required Variation section has no selection; [DOM] Validation message or visual indicator shown directing user to fill the Required Variation section; [DOM] Cart badge does not increment after blocked attempt; [STATE] No cart API call fires when Add to Cart is blocked OR if fired errors[] is non-empty","[API] If addItem API call is made it returns error; addItem response errors[] non-empty; [CONSOLE] No unhandled JavaScript errors; [NETWORK] No successful addItem mutation when Required section unfilled","Add to Cart succeeding without a variation selected; no validation message shown; cart badge incrementing with no variation selected; page error on blocked submit","none","VCST-4765","Manual"
"CFG-VAR-007","Optional Variation Section Allows None Selection and Cart Add","Configurable Products > Variation Section > Optional Section","Medium","BL-CAT-006","ECL-7.1","[PRE:SIGNIN_AS:USER_DEFAULT]
[PRE:RESET_CART]
PREREQUISITE: Configurable product must have variations defined on it (admin Variations widget shows >0 variations). Variation section created and options added from those variations. Configurable product PDP with an Optional (isRequired=false) Variation section loaded. None option available or no selection required. User is logged in.","url={{FRONT_URL}}/search?q=@td(CFG_BIKE.name), user={{USER_EMAIL}}, password={{USER_PASSWORD}}","[NAV] Sign in at {{FRONT_URL}}; [NAV] Navigate to {{FRONT_URL}}/search?q=@td(CFG_BIKE.name); [WAIT] Wait for Configure widget; [ASSERT] Verify the Variation section is NOT marked as Required (optional indicator absent); [ASSERT] Verify None is available or no selection is forced; [ACT] Set quantity to 1 without selecting any variation; [ACT] Click Add to Cart; [WAIT] Observe system response; [ASSERT] Item is added to cart successfully","[STATE] Add to Cart succeeds with no variation selected in an optional Variation section; [DOM] Success notification visible (toast with added or cart text); [DOM] Cart badge increments by 1; [STATE] Cart line item added without variation selection; [FORMAT] Cart displays base price (no variation surcharge) when no variation selected","[API] addItem mutation returns HTTP 200 with errors[] empty; [API] cart.items includes the new line item without configuration surcharge; [CONSOLE] No JavaScript errors; [NETWORK] No 4xx/5xx on addItem","Add to Cart blocked when optional section has no selection; cart badge not incrementing; errors[] non-empty for valid optional-section add; success notification absent","Remove added item from cart after test","VCST-4765","Manual"
"CFG-VAR-008","Variation Section Coexists with Product Text and File Sections on Same Product","Configurable Products > Variation Section > Mixed Sections","High","BL-CAT-006; BL-PRICE-001","ECL-7.1","[PRE:SIGNIN_AS:USER_DEFAULT]
[PRE:RESET_CART]
PREREQUISITE: Configurable product must have variations defined on it (admin Variations widget shows >0 variations). Variation section created and options added from those variations. A configurable product exists with at least Variation and Product section types present together. User is logged in. All sections are published and visible on PDP.","url={{FRONT_URL}}/search?q=@td(CFG_BIKE.name), user={{USER_EMAIL}}, password={{USER_PASSWORD}}","[NAV] Sign in at {{FRONT_URL}}; [NAV] Navigate to {{FRONT_URL}}/search?q=@td(CFG_BIKE.name); [WAIT] Wait for Configure the parameters widget to load; [ASSERT] Observe both Variation section and Product section present in the widget; [ASSERT] Locate the Variation section and verify its distinct rendering (variation-level properties like Color/Size); [ASSERT] Locate the Product section and verify it shows standalone product names; [ACT] Make a selection in the Variation section; [ACT] Make a selection in the Product section if present; [ACT] Set quantity to 1; [ACT] Click Add to Cart; [WAIT] Success notification","[DOM] Variation section and Product section both render within the Configure widget without layout issues; [DOM] Variation section shows variation-level properties; Product section shows standalone product names — visually distinct; [STATE] Selecting a variation updates total price; [STATE] Add to Cart succeeds with required sections filled; [FORMAT] Section ordering and spacing consistent","[CONSOLE] No JavaScript errors on page with multiple section types; [NETWORK] productConfiguration query returns all section types including type=Variation; [API] addItem with mixed configuration succeeds; errors[] empty","Widget not rendering one or more section types; Variation section rendering identically to Product section; layout broken; total price not including variation surcharge","Remove cart item after test","VCST-4765","Manual"
"CFG-VAR-009","Cart Displays Variation Configuration with Variation Properties","Configurable Products > Variation Section > Cart Display","Critical","BL-PRICE-001; BL-CROSS-005","ECL-7.1","[PRE:SIGNIN_AS:USER_DEFAULT]
[PRE:RESET_CART]
PREREQUISITE: Configurable product must have variations defined on it (admin Variations widget shows >0 variations). Variation section created and options added from those variations. User is logged in. Configurable product with Variation section added to cart with a specific variation selected (e.g. Color: Blue).","url={{FRONT_URL}}/cart, user={{USER_EMAIL}}, password={{USER_PASSWORD}}","[NAV] Sign in at {{FRONT_URL}}; [NAV] Navigate to configurable product PDP with Variation section; [ACT] Select a specific variation option (e.g. Color: Blue); [ASSERT] Note the selected option and total price; [ACT] Set quantity to 1; [ACT] Click Add to Cart; [WAIT] Success notification; [NAV] Navigate to {{FRONT_URL}}/cart; [WAIT] Cart page loaded; [ASSERT] Locate the line item for the configurable product; [ASSERT] Observe the configuration details shown on the cart line item","[DOM] Cart line item shows the selected variation option details (e.g. Color: Blue with value matching what was selected on PDP); [DOM] Configuration section name visible on cart line item; [MATH] Line item price = base price + variation extendedPrice (2 decimal places); [FORMAT] Variation property labels/values use human-readable text; [STATE] Configuration details persist in cart across page refresh","[API] Cart query returns line item with configurationItems[] containing variation section data; [CONSOLE] No JavaScript errors on cart page; [NETWORK] No 4xx/5xx loading cart page","Cart line item missing configuration details; showing product name only without variation properties; incorrect price on line item; configuration details not surviving page refresh","Remove cart item after test","VCST-4765","Manual"
"CFG-VAR-010","Edit Configuration for Variation Option via Cart Line Item","Configurable Products > Variation Section > Cart Edit","High","BL-PRICE-001; BL-CART-007","ECL-7.1","[PRE:SIGNIN_AS:USER_DEFAULT]
[PRE:RESET_CART]
PREREQUISITE: Configurable product must have variations defined on it (admin Variations widget shows >0 variations). Variation section created and options added from those variations. User is logged in. Configurable product with Variation section is in cart with variation Color: Red selected.","url={{FRONT_URL}}/cart, user={{USER_EMAIL}}, password={{USER_PASSWORD}}","[NAV] Sign in at {{FRONT_URL}} and ensure configurable product with Variation section (Color: Red) is in cart; [NAV] Navigate to {{FRONT_URL}}/cart; [WAIT] Cart page loaded; [ASSERT] Locate line item with Color: Red configuration; [ACT] Click Edit or Configure button on the cart line item if available OR navigate back to PDP via item link; [WAIT] Configuration UI accessible; [ACT] Change variation selection from Color: Red to Color: Blue; [ACT] Confirm the change (Update Cart or Add to Cart); [NAV] Navigate to cart; [ASSERT] Line item reflects updated configuration","[STATE] Variation selection updated from Color: Red to Color: Blue; [DOM] Cart line item configuration details show updated Color: Blue; [MATH] Price updated to reflect new variation salePrice; [STATE] Line item updated rather than creating a duplicate OR if duplicate: old item removed; [FORMAT] Updated configuration correctly labeled","[API] updateConfigurationItem or addItem mutation reflects new variation selection; errors[] empty; [CONSOLE] No JavaScript errors during edit flow; [NETWORK] No 4xx/5xx during update","Edit UI not available; configuration update creating duplicate line item with both colors; price not updating after edit; Color: Red still showing after save","Remove cart item after test","VCST-4765","Manual"
"CFG-VAR-011","Checkout Preserves Variation Configuration Data","Configurable Products > Variation Section > Checkout","Critical","BL-PRICE-001; BL-CROSS-010; BL-CROSS-005","ECL-7.1","[PRE:SIGNIN_AS:USER_DEFAULT]
[PRE:RESET_CART]
PREREQUISITE: Configurable product must have variations defined on it (admin Variations widget shows >0 variations). Variation section created and options added from those variations. User is logged in. Configurable product with Variation section (specific variation selected) is in cart. Shipping address and payment method configured.","url={{FRONT_URL}}/cart, user={{USER_EMAIL}}, password={{USER_PASSWORD}}","[NAV] Sign in at {{FRONT_URL}} and add configurable product with Variation section to cart (e.g. Color: Red selected); [NAV] Navigate to {{FRONT_URL}}/cart; [WAIT] Cart page loaded; [ASSERT] Verify variation configuration visible on line item; [ACT] Click Proceed to Checkout; [WAIT] Checkout page loads; [ASSERT] Observe line item on checkout page — verify variation configuration still visible; [ACT] Complete checkout (select/confirm shipping; payment); [ACT] Click Place Order; [WAIT] Order confirmation page","[DOM] Checkout page shows line item with variation configuration (e.g. Color: Red); [DOM] Order confirmation page shows variation configuration data; [MATH] Order total includes variation extendedPrice; [STATE] Variation configuration data survives the cart-to-checkout transition; [NAV] URL reaches /order/confirmation after Place Order","[API] POST /graphql (createOrder) returns HTTP 200 with errors[] empty; [API] Order response contains line item with configuration data including variation section; [CONSOLE] No JavaScript errors during checkout; [NETWORK] No 4xx/5xx on createOrder or checkout steps","Variation configuration missing from checkout line item; order total incorrect (missing variation surcharge); order creation failing (errors[] non-empty); configuration data lost at cart-to-order boundary","Cancel order via admin if placed during test","VCST-4765","Manual"
"CFG-VAR-012","Order History Shows Variation Option Details","Configurable Products > Variation Section > Order History","High","BL-PRICE-001; BL-CROSS-005","ECL-7.1","PREREQUISITE: Configurable product must have variations defined on it (admin Variations widget shows >0 variations). Variation section created and options added from those variations. User is logged in. At least one completed order containing a configurable product with a Variation section exists in the system.","url={{FRONT_URL}}/account/orders, user={{USER_EMAIL}}, password={{USER_PASSWORD}}","[NAV] Sign in at {{FRONT_URL}}; [NAV] Navigate to {{FRONT_URL}}/account/orders; [WAIT] Orders list loaded; [ACT] Click on the order containing the configurable product with Variation section; [WAIT] Order detail page loaded; [ASSERT] Locate the configurable product line item; [ASSERT] Observe the configuration details shown on the order detail","[DOM] Order detail shows the configurable product line item with variation configuration data (section name and selected variation option with properties like Color or Size); [MATH] Line item price matches the original order price including variation surcharge; [FORMAT] Variation option properties displayed in human-readable format; [STATE] Configuration data persisted in order history","[API] GET order detail returns line item with configurationItems[] containing variation section data; [CONSOLE] No JavaScript errors on order detail page; [NETWORK] No 4xx/5xx loading order detail","Order detail missing configuration data; showing generic product info instead of variation properties; price incorrect; configuration section blank on completed order","none","VCST-4765","Manual"
"CFG-VAR-013","GraphQL productConfiguration Returns Sections with type Variation and isDefault Field","Configurable Products > Variation Section > GraphQL API","Critical","BL-CAT-006","ECL-7.1","PREREQUISITE: Configurable product must have variations defined. Variation section configured with variation options via admin. Product with Variation section configuration exists in QA catalog. User authenticated with Bearer token or storefront session. GraphiQL accessible at {{BACK_URL}}/ui/graphiql.","store_id={{STORE_ID}}, back_url={{BACK_URL}}, user={{USER_EMAIL}}, password={{USER_PASSWORD}}","[AUTH] Obtain Bearer token via POST {{BACK_URL}}/connect/token with {{USER_EMAIL}}/{{USER_PASSWORD}} credentials; [GQL] POST {{BACK_URL}}/graphql with query { productConfiguration(configurableProductId: ""<configurable-product-id>"" storeId: ""{{STORE_ID}}"") { configurationSections { id name description type isRequired options { id isDefault quantity listPrice { amount } salePrice { amount } extendedPrice { amount } product { id name code properties { name value } } } } } }; [VAR] Extract configurationSections array from response","[ERRORS] errors[] is empty in response; [DATA] configurationSections[] contains at least one section with type = Variation (string exact match); [DATA] Variation section options[] each contain id; isDefault; quantity; salePrice.amount; extendedPrice.amount; [DATA] options[].product.properties[] contains variation-level properties (Color; Size); [SCHEMA] response.data.productConfiguration is not null; [DATA] isRequired field present as boolean; [DATA] isDefault field present as boolean on each option (value false or true; no option is null)","[ROUNDTRIP] Query result type=Variation matches section type set via REST API POST /api/catalog/products/configurations; [ROUNDTRIP] isDefault values on options match isDefault values stored via REST API (GET /api/catalog/products/configurations?productId=<id>); [CONSOLE] No errors if queried via browser GraphiQL; [ADMIN] Variation section visible in admin configurable product tab","errors[] non-empty despite HTTP 200; type field returning Product instead of Variation; options[] empty or missing; product.properties[] empty; extendedPrice.amount not matching salePrice x quantity; isDefault field absent or null on options (schema regression)","none","VCST-4765; VCST-4715; Synced: PR #115 vc-module-x-cart (2026-05-27) — isDefault field added to ConfigurationLineItemType","Manual"
"CFG-VAR-014","addItem Mutation with Variation Section Configuration Adds to Cart","Configurable Products > Variation Section > GraphQL API","Critical","BL-CAT-006; BL-CART-007; BL-CROSS-010","ECL-7.1","[PRE:SIGNIN_AS:USER_DEFAULT]
[PRE:RESET_CART]
Configurable product with Variation section configured and variation options available. User authenticated. Variation section ID and at least one variation option ID are known. Cart is empty.","store_id={{STORE_ID}}, back_url={{BACK_URL}}, user={{USER_EMAIL}}, password={{USER_PASSWORD}}","[AUTH] Obtain Bearer token; [SETUP] Ensure cart is empty (removeCartItem mutations if needed); [GQL] POST {{BACK_URL}}/graphql with mutation addItem(command: { storeId: ""{{STORE_ID}}"" userId: <user-id> productId: <configurable-product-id> quantity: 1 configurationSections: [{ sectionId: <variation-section-id> optionIds: [<variation-option-id>] }] }) { id items { id quantity configurationItems { sectionId optionId } } errors { code description } }; [VAR] Extract cart item id and configurationItems from response","[ERRORS] addItem mutation response errors[] is empty; [DATA] response.data.addItem.items[] contains new item with configurationItems[] present; [DATA] configurationItems[].sectionId matches the Variation section id; [DATA] configurationItems[].optionId matches the selected variation option id; [COUNT] cart items count incremented by 1; [MATH] cart item price reflects base + variation extendedPrice","[ROUNDTRIP] Follow-up cart query confirms item with configurationItems[] containing variation data persisted; [STOREFRONT] Cart page at {{FRONT_URL}}/cart shows the item with variation configuration label; [CONSOLE] No errors","errors[] non-empty despite HTTP 200; configurationItems[] empty or missing from response; cart item missing variation section data; cart item price incorrect; follow-up cart query returns item without configuration","Remove cart item via removeCartItem mutation after test","VCST-4765","Manual"
"CFG-VAR-015","updateConfigurationItem Mutation Changes Variation Selection","Configurable Products > Variation Section > GraphQL API","High","BL-PRICE-001","ECL-7.1","[PRE:SIGNIN_AS:USER_DEFAULT]
[PRE:RESET_CART]
PREREQUISITE: Configurable product must have variations defined. Variation section configured with variation options via admin. User authenticated. Cart contains a configurable product line item with Variation section; variation A selected. Second variation option ID known.","store_id={{STORE_ID}}, back_url={{BACK_URL}}, user={{USER_EMAIL}}, password={{USER_PASSWORD}}","[AUTH] Obtain Bearer token; [SETUP] Add configurable product with Variation section (variation A selected) to cart using addItem mutation (see CFG-VAR-014 steps); [VAR] Note lineItemId from addItem response; [GQL] POST {{BACK_URL}}/graphql with mutation updateConfigurationItem(command: { storeId: ""{{STORE_ID}}"" cartId: <cart-id> lineItemId: <lineItemId> configurationSections: [{ sectionId: <variation-section-id> optionIds: [<variation-option-id-B>] }] }) { id items { id configurationItems { sectionId optionId } } errors { code description } }; [VAR] Extract updated item configurationItems","[ERRORS] updateConfigurationItem response errors[] is empty; [DATA] Updated item configurationItems[].optionId matches variation B (not variation A); [MATH] Cart item price updated to reflect variation B extendedPrice (2 decimal places); [COUNT] Cart item count unchanged (update not duplicate creation)","[ROUNDTRIP] Follow-up cart query confirms configurationItems[].optionId = variation B option id; [STOREFRONT] Cart page reflects updated variation label; [CONSOLE] No errors","errors[] non-empty; configurationItems still showing variation A after update; new duplicate line item created instead of updating existing; price not reflecting variation B","Remove cart item after test","VCST-4765","Manual"
"CFG-VAR-016","Cart-to-Order Transfer Preserves Variation Data via selectedForCheckout Filter","Configurable Products > Variation Section > GraphQL API","Critical","BL-PRICE-001; BL-CROSS-005; BL-CROSS-010","ECL-7.1; ECL-14.1","[PRE:SIGNIN_AS:USER_DEFAULT]
[PRE:RESET_CART]
PREREQUISITE: Configurable product must have variations defined. Variation section configured with variation options via admin. User authenticated. Cart contains configurable product with Variation section selected. Item marked selectedForCheckout=true. Shipping and payment configured for checkout.","store_id={{STORE_ID}}, back_url={{BACK_URL}}, user={{USER_EMAIL}}, password={{USER_PASSWORD}}","[AUTH] Obtain Bearer token; [SETUP] Add configurable product with Variation section to cart (variation selected); mark item as selectedForCheckout=true; [GQL] POST {{BACK_URL}}/graphql with query { cart(storeId: ""{{STORE_ID}}"") { items { id selectedForCheckout configurationItems { sectionId optionId } } } }; [ASSERT] Confirm variation section data in items with selectedForCheckout=true; [GQL] Execute createOrder mutation to place the order; [VAR] Extract orderId from response; [GQL] Query { order(id: <orderId>) { items { configurationItems { sectionId optionId } } } }","[ERRORS] cart query and createOrder mutation both have errors[] empty; [DATA] cart items with selectedForCheckout=true contain configurationItems[] with Variation section data; [DATA] order query response items[].configurationItems[] matches cart configurationItems[] (sectionId and optionId preserved); [COUNT] Order contains correct number of configured items; [MATH] Order item price matches cart item price","[ROUNDTRIP] Order detail in admin at {{BACK_URL}} shows variation configuration data on the order line item; [ADMIN] Admin order detail blade shows variation option label; [CONSOLE] No errors during order creation","configurationItems[] empty in order response (data lost at transfer); selectedForCheckout filter dropping configuration data; order price not matching cart price; createOrder errors[] non-empty","Cancel created order via admin after test","VCST-4765","Manual"
"CFG-VAR-017","Admin Creates Configuration with Variation Section Type via REST API","Configurable Products > Variation Section > Admin REST API","Critical","BL-CAT-006","ECL-14.1","PREREQUISITE: Target product must have variations defined (admin Variations widget shows >0 variations) before Variation section options can reference them. Admin authenticated at {{BACK_URL}}. A product exists in catalog to configure. Variation product IDs known (e.g. jeans color/size variations with known product IDs in QA catalog).","admin={{ADMIN_EMAIL}}, admin_pass={{ADMIN_PASSWORD}}, back_url={{BACK_URL}}","[AUTH] POST {{BACK_URL}}/connect/token with {{ADMIN_EMAIL}}/{{ADMIN_PASSWORD}} to obtain admin Bearer token; [HTTP] POST {{BACK_URL}}/api/catalog/products/configurations with body { productId: <target-product-id>; isActive: true; sections: [{ name: Choose Color; type: Variation; isRequired: true; options: [{ productId: <variation-red-id>; quantity: 1 }; { productId: <variation-blue-id>; quantity: 1 }] }] }; [WAIT] Response received; capture the configuration id from the POST response; [HTTP] GET {{BACK_URL}}/api/catalog/products/configurations/<configuration-id> to retrieve created configuration (the API has NO GET ?productId= param — use GET /{id} or POST /search)","[STATUS] POST returns HTTP 201 or 200; [BODY] Response body contains the created configuration id; [BODY] sections[].type = Variation in the response; [BODY] sections[].name = Choose Color; [BODY] sections[].isRequired = true; [BODY] sections[].options[] contains both variation product IDs; [SCHEMA] GET response contains configurationSections with the newly created Variation section","[DB] GET after POST returns the Variation section confirming persistence; [ADMIN] Navigate to {{BACK_URL}} Catalog > product > Configurable tab — Variation section visible in admin UI; [SEARCH] After 30-60s reindex; storefront productConfiguration GraphQL query returns the new Variation section","POST returning 4xx (e.g. 400 invalid type; 422 validation); type field rejected (only Product accepted); options validation failing for variation product IDs; GET after POST returning empty sections[]","Deactivate created configuration via PATCH isActive=false after test (no DELETE endpoint exists — deactivation is the supported teardown)","VCST-4765","Manual"
"CFG-VAR-018","Admin Variation Section Options Validate Product IDs on Create","Configurable Products > Variation Section > Admin Validation","High","BL-CAT-006","ECL-14.1","PREREQUISITE: Target product must have variations defined (admin Variations widget shows >0 variations) before Variation section options can reference them. Admin authenticated at {{BACK_URL}}. Valid variation products with known IDs exist in catalog. Non-existent product ID available for negative test.","admin={{ADMIN_EMAIL}}, admin_pass={{ADMIN_PASSWORD}}, back_url={{BACK_URL}}","[AUTH] Obtain admin Bearer token; [HTTP] POST {{BACK_URL}}/api/catalog/products/configurations with Variation section referencing a valid variation productId; [ASSERT] Observe HTTP response — expect 200/201 for valid variation; [HTTP] POST {{BACK_URL}}/api/catalog/products/configurations with Variation section referencing a non-existent productId (e.g. 00000000-0000-0000-0000-000000000000); [ASSERT] Observe HTTP response — expect 4xx or error in body; [HTTP] POST {{BACK_URL}}/api/catalog/products/configurations with Variation section and empty options array []; [ASSERT] Observe HTTP response — expect 400/422 validation error","[STATUS] Valid variation productId: POST returns 200 or 201; [STATUS] Non-existent productId: POST returns 400 or 404; [BODY] Non-existent productId error response contains descriptive error message with error code; [STATUS] Empty options array: POST returns 400 or 422 validation error; [SCHEMA] All error responses include error code and human-readable description","[DB] Only valid variation product IDs appear in GET configuration response after successful POST; [CONSOLE] No unexpected server 500 errors for invalid input — only controlled 4xx","Valid POST returning 4xx; invalid productId silently accepted with no validation; 500 error instead of 4xx for invalid inputs; no error message in response body for invalid inputs","none","VCST-4765","Manual"
"CFG-VAR-019","GraphQL productConfiguration — isDefault Round-Trip on an option (Product) section: Set via REST, Read via GraphQL (VCST-4715)","Configurable Products > Option (Product) Section > GraphQL API","Critical","BL-CAT-006","ECL-7.1","Admin authenticated at {{BACK_URL}}. Use a THROWAWAY configurable product created for this test — do NOT use seeded CFG-030 or CFG-031 (re-POSTing would overwrite default options other VCST-4715 cases depend on). GraphiQL accessible at {{BACK_URL}}/ui/graphiql. The throwaway product gets a Product-type (option) section with at least two options (any two live products), one isDefault=true. NOTE: isDefault round-trips on a Product/option section; the configurations API silently drops options for type:Variation sections when the catalog has no variation parents (see CFG-VAR-017), so this case uses a Product section to exercise the genuine VCST-4715 isDefault behavior.","store_id={{STORE_ID}}, back_url={{BACK_URL}}, admin={{ADMIN_EMAIL}}, admin_pass={{ADMIN_PASSWORD}}, user={{USER_EMAIL}}, password={{USER_PASSWORD}}","[AUTH] POST {{BACK_URL}}/connect/token with {{ADMIN_EMAIL}}/{{ADMIN_PASSWORD}} to obtain admin Bearer token
[HTTP] POST {{BACK_URL}}/api/catalog/products/configurations with body { productId: <throwaway-product-id>; isActive: true; sections: [{ name: Choose Option; type: Product; isRequired: true; options: [{ productId: <option-A-id>; quantity: 1; isDefault: true }; { productId: <option-B-id>; quantity: 1; isDefault: false }] }] } (resolve option product ids via live-discover; NOT @td(CFG_WITH_DEFAULT.id) or @td(CFG_WITH_DEFAULT_COND.id)); capture the returned configuration id
[ASSERT] POST returns 200 or 201; response sections[0].type=Product and sections[0].options[] length = 2 (options persisted — guards the silent-drop trap)
[HTTP] GET {{BACK_URL}}/api/catalog/products/configurations/<configuration-id> to read back (the API exposes GET /{id} and POST /search; there is NO GET ?productId= param)
[ASSERT] GET response shows option A with isDefault=true and option B with isDefault=false
[AUTH] POST {{BACK_URL}}/connect/token with {{USER_EMAIL}}/{{USER_PASSWORD}} for storefront Bearer token
[GQL] POST {{BACK_URL}}/graphql with query { productConfiguration(configurableProductId: ""<throwaway-product-id>"" storeId: ""{{STORE_ID}}"") { configurationSections { id name type isRequired options { id isDefault quantity listPrice { amount } salePrice { amount } extendedPrice { amount } product { id name } } } } }
[VAR] Extract the option where isDefault=true from GQL response","[ERRORS] GraphQL errors[] is empty
[DATA] configurationSections[0].options[] is non-empty (>=2 options persisted — not silently dropped)
[DATA] configurationSections[0].options[].isDefault field is present on every option (no null; no missing field)
[DATA] Exactly one option has isDefault=true (the one set via REST API POST)
[DATA] All other options have isDefault=false
[SCHEMA] isDefault is a boolean (not a string)
[COUNT] options[].isDefault values count: exactly 1 true, remaining false","[ROUNDTRIP] REST API POST isDefault=true for option X -> GQL query returns isDefault=true for same option X (by id)
[ROUNDTRIP] REST normalization: if POST submitted multiple options with isDefault=true, only the FIRST is preserved (server-side normalization rule); GQL should return exactly 1 true
[CONSOLE] No errors in GraphiQL response; no GraphQL errors on query execution","isDefault field absent from GQL options response (schema missing field), isDefault=null on all options; REST POST saves isDefault=true but GQL returns false; multiple options returning isDefault=true (normalization not applied); HTTP 400/500 on POST with isDefault payload","Deactivate the throwaway test configuration via PATCH isActive=false (no DELETE endpoint exists — deactivation is the supported teardown)","VCST-4715; Synced: PR #880 vc-module-catalog + PR #115 vc-module-x-cart (2026-05-27)","Draft"
"CFG-XAPI-002","GraphQL productConfiguration Query Returns Text Section Type","Configurable Products > GraphQL xAPI > Text Section","Critical","BL-CAT-006","ECL-7.1","User authenticated. Text-section product @td(CFG_TEXT_DRIVEN_COND.name) (@td(CFG_TEXT_DRIVEN_COND.name)) exists with a Text-type configuration section.","store_id={{STORE_ID}}, back_url={{BACK_URL}}, user={{USER_EMAIL}}, password={{USER_PASSWORD}}, product_name=@td(CFG_TEXT_DRIVEN_COND.name)","[AUTH] Obtain Bearer token via POST {{BACK_URL}}/connect/token; [GQL] POST {{BACK_URL}}/graphql with query { productConfiguration(configurableProductId: ""@td(CFG_TEXT_DRIVEN_COND.id)"" storeId: ""{{STORE_ID}}"") { configurationSections { id name type isRequired options { id product { properties { name value } } } } } }; [VAR] Extract Text-type sections from response","[ERRORS] errors[] is empty; [DATA] configurationSections[] contains at least one section with type=Text; [DATA] Text section has isRequired field as boolean; [DATA] Text section options may contain propertyDictItems or empty options list for freetext; [NULL] response.data.productConfiguration is not null","[ROUNDTRIP] Text section type matches admin configuration; [ADMIN] Text section visible in admin product Configuration tab","errors[] non-empty, type=Text not found in sections; response null; HTTP 500","none","GAP-CFG-001","Automated"
"CFG-XAPI-004","addItem Mutation with Product Section configurationItems Adds to Cart","Configurable Products > GraphQL xAPI > Add to Cart","Critical","BL-CAT-006; BL-PRICE-001","ECL-7.1; ECL-14.1","[PRE:SIGNIN_AS:USER_DEFAULT]
[PRE:RESET_CART]
User authenticated. Configurable Hat product ID and Product section option IDs known. Cart is empty.","store_id={{STORE_ID}}, back_url={{BACK_URL}}, user={{USER_EMAIL}}, password={{USER_PASSWORD}}","[AUTH] Obtain Bearer token; [SETUP] Ensure cart is empty via removeCartItem mutations if needed; [GQL] POST {{BACK_URL}}/graphql with mutation addItem(command: { storeId: ""{{STORE_ID}}"" userId: <user-id> productId: <configurable-hat-id> quantity: 1 configurationSections: [{ sectionId: <product-section-id> optionIds: [<option-id>] }] }) { id items { id quantity configurationItems { sectionId optionId } } errors { code description } }; [VAR] Extract cart item id and configurationItems from response","[ERRORS] addItem mutation errors[] is empty; [DATA] response items[] contains new item with configurationItems[] present; [DATA] configurationItems[].sectionId matches the Product section id; [COUNT] cart items count incremented by 1; [MATH] cart item price = base price + selected option extendedPrice","[ROUNDTRIP] Follow-up cart query confirms item with configurationItems persisted; [STOREFRONT] Cart page at {{FRONT_URL}}/cart shows the configured item; [CONSOLE] No errors","errors[] non-empty despite HTTP 200; configurationItems[] empty; cart count unchanged; price incorrect","Remove cart item via removeCartItem mutation after test","GAP-CFG-001","Automated"
"CFG-XAPI-005","addItem Mutation with Text Section configurationItems","Configurable Products > GraphQL xAPI > Text Add to Cart","High","BL-CAT-006; BL-PRICE-001","ECL-7.1","[PRE:SIGNIN_AS:USER_DEFAULT]
[PRE:RESET_CART]
User authenticated. Base product EN (111111) has Text section. Cart empty.","store_id={{STORE_ID}}, back_url={{BACK_URL}}, user={{USER_EMAIL}}, password={{USER_PASSWORD}}","[AUTH] Obtain Bearer token; [SETUP] Ensure cart empty; [GQL] POST {{BACK_URL}}/graphql with mutation addItem with configurationSections containing Text section sectionId and custom text value; [VAR] Extract configurationItems from response","[ERRORS] addItem mutation errors[] is empty; [DATA] configurationItems[] contains Text section data with custom value preserved; [COUNT] cart items count incremented by 1","[ROUNDTRIP] Cart query confirms text value persisted in configurationItems; [CONSOLE] No errors","errors[] non-empty; text value lost in configurationItems; cart count unchanged","Remove cart item after test","GAP-CFG-001","Automated"
"CFG-XAPI-007","updateConfigurationItem Mutation Changes Text Section Value","Configurable Products > GraphQL xAPI > Update Text Section","Medium","BL-PRICE-001","ECL-7.1","[PRE:SIGNIN_AS:USER_DEFAULT]
[PRE:RESET_CART]
User authenticated. Cart contains configurable product with Text section (original text entered).","store_id={{STORE_ID}}, back_url={{BACK_URL}}, user={{USER_EMAIL}}, password={{USER_PASSWORD}}","[AUTH] Obtain Bearer token; [SETUP] Add configurable product with Text section value A to cart; [VAR] Note lineItemId; [GQL] POST {{BACK_URL}}/graphql with mutation updateConfigurationItem changing Text section to new value B; [VAR] Extract updated configurationItems","[ERRORS] updateConfigurationItem errors[] is empty; [DATA] Text section value updated to B (not A); [COUNT] Cart item count unchanged","[ROUNDTRIP] Cart query confirms new text value B; [CONSOLE] No errors","errors[] non-empty; text value unchanged; new line item created instead of update","Remove cart item after test","GAP-CFG-001","Automated"
"CFG-ADM-001","Admin Create Product Section in Configuration Blade","Configurable Products > Admin UI > Product Section CRUD","High","BL-CAT-006","ECL-14.1","Admin logged in at {{BACK_URL}}. A configurable product exists in catalog. Standalone option products exist to reference.","admin={{ADMIN_EMAIL}}, admin_pass={{ADMIN_PASSWORD}}, back_url={{BACK_URL}}","[NAV] Navigate to {{BACK_URL}} > Catalog > Products; [BLADE] Open a configurable product; [BLADE] Click Configuration tab/blade; [ACT] Click Add Section button; [ACT] Set section name to Test Product Section; [ACT] Set type to Product; [ACT] Toggle isRequired to true; [ACT] Click Add Options; select at least 2 option products; set quantity for each; [SAVE] Click Save on the section blade; [WAIT] Wait for success notification; [BLADE] Verify section appears in the configuration sections list","[TOAST] Success notification displayed after save; [FORM] Section name=Test Product Section persisted; [FORM] Section type=Product; [FORM] isRequired=true; [BLADE] Section visible in configuration list with correct name and type; [GRID] Options list shows the added products with quantities","[API] GET configuration API returns the new Product section; [STOREFRONT] After reindex (30-60s); productConfiguration query returns the section on storefront; [CONSOLE] No JS errors in admin during create; [NETWORK] No 4xx/5xx on save","Save button unresponsive; 500 error on save; section not appearing in list after save; type dropdown missing Product option","Delete created section after test","GAP-CFG-002","Manual"
"CFG-ADM-002","Admin Create Text Section with Required/Optional Toggle","Configurable Products > Admin UI > Text Section CRUD","High","BL-CAT-006","ECL-14.1","Admin logged in at {{BACK_URL}}. A configurable product exists.","admin={{ADMIN_EMAIL}}, admin_pass={{ADMIN_PASSWORD}}, back_url={{BACK_URL}}","[NAV] Navigate to {{BACK_URL}} > Catalog > Products; [BLADE] Open a configurable product > Configuration tab; [ACT] Click Add Section; [ACT] Set name to Test Text Section; [ACT] Set type to Text; [ACT] Toggle isRequired to false; [SAVE] Click Save; [WAIT] Success notification; [BLADE] Open the created section; [ACT] Toggle isRequired to true; [SAVE] Click Save; [WAIT] Success notification","[TOAST] Success notification on initial create; [FORM] Section name=Test Text Section, type=Text, isRequired=false; [TOAST] Success notification on toggle update; [FORM] isRequired now shows true after second save","[API] GET configuration returns Text section with isRequired matching last saved state; [CONSOLE] No JS errors; [NETWORK] No 4xx/5xx","isRequired toggle not saving, type=Text not available in dropdown; save failing with validation error","Delete created section after test","GAP-CFG-002","Manual"
"CFG-ADM-003","Admin Create File Section with MIME Type Configuration","Configurable Products > Admin UI > File Section CRUD","High","BL-CAT-006","ECL-14.1","Admin logged in at {{BACK_URL}}. A configurable product exists.","admin={{ADMIN_EMAIL}}, admin_pass={{ADMIN_PASSWORD}}, back_url={{BACK_URL}}","[NAV] Navigate to {{BACK_URL}} > Catalog > Products; [BLADE] Open configurable product > Configuration tab; [ACT] Click Add Section; [ACT] Set name to Test File Section; [ACT] Set type to File; [ACT] Configure accepted MIME types if available (image/png; application/pdf); [ACT] Toggle isRequired to false; [SAVE] Click Save; [WAIT] Success notification","[TOAST] Success notification; [FORM] Section name=Test File Section, type=File; [BLADE] Section appears in configuration list; [FORM] MIME type configuration persisted (if field exists)","[API] GET configuration returns File section; [STOREFRONT] After reindex; storefront shows file upload widget for this section; [CONSOLE] No JS errors; [NETWORK] No 4xx/5xx","File type not in dropdown; save failing; MIME config not persisting","Delete created section after test","GAP-CFG-002","Manual"
"CFG-ADM-004","Admin Edit Section — Change Name and isRequired and Options","Configurable Products > Admin UI > Section Edit","Medium",,"ECL-14.1","Admin logged in. A configurable product has at least one existing Product section with options.","admin={{ADMIN_EMAIL}}, admin_pass={{ADMIN_PASSWORD}}, back_url={{BACK_URL}}","[NAV] Navigate to {{BACK_URL}} > Catalog > Products; [BLADE] Open configurable product > Configuration tab; [BLADE] Click on existing Product section to open its blade; [ACT] Change section name from original to Updated Section Name; [ACT] Toggle isRequired from current state to opposite; [ACT] Add or remove one option; [SAVE] Click Save; [WAIT] Success notification; [BLADE] Re-open section blade to verify changes persisted","[TOAST] Success notification after save; [FORM] Section name updated to Updated Section Name; [FORM] isRequired toggled to new value; [GRID] Option list reflects add/remove; [BLADE] All changes persist after blade close and re-open","[API] GET configuration reflects updated name; isRequired; and options; [STOREFRONT] Storefront reflects changes after reindex; [CONSOLE] No JS errors; [NETWORK] No 4xx/5xx","Changes not persisting after save; name reverting; isRequired not toggling; option changes lost","Restore original section state after test","GAP-CFG-002","Manual"
"CFG-ADM-005","Admin Delete Section and Verify Storefront Updates","Configurable Products > Admin UI > Section Delete","High",,"ECL-14.1","Admin logged in. A configurable product has a test section that can be safely deleted.","admin={{ADMIN_EMAIL}}, admin_pass={{ADMIN_PASSWORD}}, back_url={{BACK_URL}}","[NAV] Navigate to {{BACK_URL}} > Catalog > Products; [BLADE] Open configurable product > Configuration tab; [ASSERT] Note current section count; [ACT] Select the test section; click Delete; [ACT] Confirm deletion dialog; [SAVE] Save product; [WAIT] Success notification; [WAIT] 30-60s for reindex","[TOAST] Success/confirmation notification; [BLADE] Section no longer appears in configuration list; [GRID] Section count decreased by 1","[API] GET configuration no longer returns deleted section; [STOREFRONT] productConfiguration query no longer includes deleted section after reindex; [CONSOLE] No JS errors; [NETWORK] No 4xx/5xx","Delete button not working; section still appearing after save; storefront still showing deleted section after 60s; 500 error on delete","Recreate deleted section if needed for other tests","GAP-CFG-002","Manual"
"CFG-ADM-006","Admin Section Ordering in Configuration Blade","Configurable Products > Admin UI > Section Ordering","Medium",,"ECL-14.1","Admin logged in. A configurable product has at least 2 configuration sections.","admin={{ADMIN_EMAIL}}, admin_pass={{ADMIN_PASSWORD}}, back_url={{BACK_URL}}","[NAV] Navigate to {{BACK_URL}} > Catalog > Products; [BLADE] Open configurable product > Configuration tab; [ASSERT] Note current section order (section A first; section B second); [ACT] Drag section B above section A (or use reorder controls if drag not available); [SAVE] Save product; [WAIT] Success notification; [BLADE] Re-open Configuration tab; [ASSERT] Section B now appears before section A","[BLADE] Section order updated after save; [FORM] Section B precedes section A in the list after re-opening blade","[STOREFRONT] productConfiguration query returns sections in new order after reindex; [CONSOLE] No JS errors during reorder; [NETWORK] No 4xx/5xx","Drag/reorder not working; order reverting after save; sections duplicated during reorder","Restore original section order after test","GAP-CFG-002","Manual"
"CFG-PROMO-004","Cart Total with Multiple Configured Products and Coupon","Configurable Products > Promotions > Multi-Item Cart","High","BL-PRICE-001","ECL-7.1","[PRE:SIGNIN_AS:USER_DEFAULT]
[PRE:RESET_CART]
User logged in. Configurable Hat ($15 base) and Custom T-shirt ($12 base) available. Valid coupon code. Cart empty.","user={{USER_EMAIL}}, password={{USER_PASSWORD}}, front_url={{FRONT_URL}}","[NAV] Navigate to Configurable Hat PDP; [ACT] Select an option; note configured total A; [ACT] Click Add to cart; [NAV] Navigate to Custom T-shirt PDP at {{FRONT_URL}}/search?q=@td(CFG_TSHIRT.name); [ACT] Select an option; note configured total B; [ACT] Click Add to cart; [NAV] Navigate to cart; [ASSERT] Two line items with correct configured totals; [ACT] Enter coupon code; click Apply; [WAIT] Coupon applied","[MATH] Cart subtotal = configured total A + configured total B; [MATH] Coupon discount applied correctly across both configured items; [MATH] Final total = subtotal - discount; [STATE] Both line items retain their configuration details after coupon apply","[API] applyCoupon errors[] empty; [API] Cart shows correct subtotal and discount; [CONSOLE] No JS errors; [NETWORK] No 4xx/5xx","Subtotal incorrect; coupon only applying to one item; configuration details lost after coupon apply; cart total math error","Remove coupon and cart items after test","GAP-CFG-003","Manual"
"CFG-MOB-001","Configuration Widget Renders Correctly on 375px Mobile Viewport","Configurable Products > Mobile > Widget Rendering","High","BL-CAT-006","ECL-7.1","Storefront accessible. @td(CFG_BIKE.name) product exists.","front_url={{FRONT_URL}}, viewport=375x812","[NAV] Resize viewport to 375x812 (iPhone SE/13 mini); [NAV] Navigate to {{FRONT_URL}}@td(CFG_BIKE.url); [WAIT] Configure widget visible; [ASSERT] Widget renders without horizontal overflow; [ASSERT] All radio options visible and readable; [ASSERT] Price display not truncated; [SCROLL] Scroll through all options","[DOM] Configuration widget fits within 375px viewport without horizontal scrollbar; [DOM] All radio option labels fully visible (no text clipping); [DOM] Price values not truncated or overlapping; [DOM] Touch targets for radio buttons >= 24x24px; [FORMAT] Font size >= 16px to prevent iOS auto-zoom","[CONSOLE] No JS errors on mobile viewport; [NETWORK] No layout-shift related issues (CLS)","Horizontal scrollbar appearing; text overlapping; radio buttons too small to tap; prices truncated; font < 16px causing auto-zoom","none","GAP-CFG-004","Manual"
"CFG-MOB-002","Accordion Expand/Collapse on Mobile Touch","Configurable Products > Mobile > Accordion Interaction","Medium","BL-CAT-006","ECL-7.1","Mobile viewport (375px). Configurable product PDP with multiple sections loaded.","front_url={{FRONT_URL}}, viewport=375x812","[NAV] Resize viewport to 375x812; [NAV] Navigate to a configurable product with multiple sections; [WAIT] Widget visible; [ACT] Tap accordion header for first section; [WAIT] Section collapses or expands; [ACT] Tap accordion header for second section; [WAIT] Second section responds; [SCROLL] Scroll to verify all sections accessible","[DOM] Accordion headers respond to touch tap; [STATE] Sections expand and collapse on tap; [DOM] Expanded section content fully visible within viewport; [DOM] No content hidden behind fixed headers/footers on mobile","[CONSOLE] No JS errors on accordion interaction; [NETWORK] No failed requests","Accordion not responding to touch; content clipped by viewport; scroll not reaching bottom sections; tap target too small","none","GAP-CFG-004","Manual"
"CFG-MOB-003","Price Display and Add-to-Cart Flow on Mobile","Configurable Products > Mobile > Purchase Flow","High","BL-CAT-006","ECL-7.1","[PRE:SIGNIN_AS:USER_DEFAULT]
[PRE:RESET_CART]
Mobile viewport (375px). User logged in. Configurable product loaded. Cart empty.","user={{USER_EMAIL}}, password={{USER_PASSWORD}}, front_url={{FRONT_URL}}, viewport=375x812","[NAV] Resize viewport to 375x812; [NAV] Navigate to Configurable Hat PDP; [WAIT] Widget visible; [ACT] Tap a radio option; [WAIT] Price updates; [ASSERT] Updated total price visible without scrolling away from widget; [ACT] Tap Add to cart button; [WAIT] Success notification; [NAV] Navigate to cart; [ASSERT] Configured line item visible on mobile cart","[DOM] Total price visible and correctly updated after option selection on mobile; [DOM] Add to Cart button fully visible and tappable on mobile; [STATE] Item successfully added to cart from mobile PDP; [DOM] Cart page renders configured line item correctly on 375px; [MATH] Cart total matches PDP total","[CONSOLE] No JS errors during mobile purchase flow; [NETWORK] addItem mutation returns 200 with empty errors[]","Price hidden below fold after option select; Add to Cart button not reachable; success notification not visible on mobile; cart page broken on mobile","Remove cart item after test","GAP-CFG-004","Manual"
"CFG-A11Y-001","Keyboard Tab Navigation Through Configuration Sections","Configurable Products > Accessibility > Keyboard Navigation","Medium",,"ECL-7.1","Desktop viewport. Configurable product PDP with multiple sections loaded.","front_url={{FRONT_URL}}","[NAV] Navigate to @td(CFG_BIKE.name) PDP; [WAIT] Configure widget visible; [KEY] Press Tab repeatedly to navigate through configuration widget; [ASSERT] Focus moves logically through: accordion header > radio options within section > next accordion header; [KEY] Continue Tab through all interactive elements","[DOM] All interactive elements (accordion headers; radio buttons; quantity stepper; Add to Cart) reachable via Tab key; [DOM] Visible focus indicator (outline or ring) on each focused element; [STATE] Tab order follows visual layout (top to bottom; left to right); [DOM] No focus trapped within a section (Tab eventually moves past widget)","[CONSOLE] No JS errors during keyboard navigation","Focus indicator not visible; Tab skipping interactive elements; focus trap within accordion; Tab order not matching visual order; keyboard-inaccessible elements","none","GAP-CFG-005","Manual"
"CFG-B2B-001","Configured Product Add-to-Cart as Organization User","Configurable Products > B2B Context > Org Add to Cart","High","BL-B2B-001","ECL-7.1","[PRE:SIGNIN_AS:USER_DEFAULT]
[PRE:RESET_CART]
Organization user logged in at {{FRONT_URL}}. Configurable Hat product available. User has org context active.","org_user={{ORG_USER_EMAIL}}, org_pass={{ORG_USER_PASSWORD}}, front_url={{FRONT_URL}}","[NAV] Sign in as {{ORG_USER_EMAIL}} at {{FRONT_URL}}; [ASSERT] Org context active (org name visible in header); [NAV] Navigate to {{FRONT_URL}}/search?q=@td(CFG_HAT.name); [WAIT] Configure widget visible; [ACT] Select a Product section option; [WAIT] Price updates; [ASSERT] Note configured total price; [ACT] Click Add to cart; [WAIT] Success notification; [NAV] Navigate to cart; [ASSERT] Configured line item visible in org cart","[STATE] Configurable product successfully added to cart in B2B org context; [DOM] Configuration details (selected option; section name) visible in cart line item; [MATH] Configured total correct (base + option); [STATE] Cart badge updated","[API] addItem mutation errors[] empty; [API] Cart context includes org-specific data; [CONSOLE] No JS errors; [NETWORK] No 4xx/5xx","Add to Cart failing in org context; configuration lost in org cart; pricing wrong in org context; errors[] non-empty","Remove cart item after test","GAP-CFG-007","Manual"
"CFG-B2B-002","B2B Checkout with Configured Product — PO Number Flow","Configurable Products > B2B Context > B2B Checkout","Critical","BL-B2B-001; BL-PRICE-001","ECL-7.1; ECL-14.1","[PRE:SIGNIN_AS:USER_DEFAULT]
[PRE:RESET_CART]
Organization user logged in. Configured product in org cart. B2B checkout with PO number enabled.","org_user={{ORG_USER_EMAIL}}, org_pass={{ORG_USER_PASSWORD}}, front_url={{FRONT_URL}}","[NAV] Sign in as {{ORG_USER_EMAIL}}; [NAV] Navigate to configurable product PDP; [ACT] Select option; click Add to cart; [NAV] Navigate to cart; [ASSERT] Configured line item visible; [ACT] Click Proceed to Checkout; [WAIT] Checkout page; [ASSERT] PO number field visible (B2B checkout); [ACT] Enter PO number; [ACT] Fill shipping address; select shipping method; [ACT] Proceed to payment; [ACT] Complete payment and Place Order; [WAIT] Order confirmation","[DOM] Configuration details visible in checkout order summary; [STATE] PO number field available in B2B checkout; [MATH] Order total includes configured product surcharge; [NAV] Order confirmation page reached; [STATE] Order placed successfully with configured product in B2B context","[API] createOrder errors[] empty; [API] Order contains configurationItems[] and PO number; [CONSOLE] No JS errors during B2B checkout; [NETWORK] No 4xx/5xx","Checkout failing for configured product in B2B; PO number not available; configuration lost at checkout; order total incorrect; Place Order errors","Cancel order via admin after test","GAP-CFG-007","Manual"
"CFG-TEXT-010","Text Section with Predefined Dictionary Values (Select from List)","Configurable Products > Text Section > Predefined Values","Medium",,"ECL-7.1; ECL-14.5","[PRE:SIGNIN_AS:USER_DEFAULT]
[PRE:RESET_CART]
Storefront accessible. A configurable product with a Text section that has predefined dictionary values (propertyDictItems) exists.","front_url={{FRONT_URL}}","[NAV] Navigate to a configurable product PDP that has a Text section with predefined values; [WAIT] Configure widget visible; [ASSERT] Locate the Text section in the widget; [ASSERT] Verify it renders as a dropdown/select or radio list of predefined values (not a free text input); [ACT] Select one of the predefined values; [WAIT] Price updates if applicable; [ASSERT] Selected value shown as active; [ACT] Click Add to cart; [NAV] Navigate to cart; [ASSERT] Selected predefined text value shown in cart line item configuration","[DOM] Text section renders predefined values as selectable options (dropdown or radio); [STATE] Selected value persists after Add to Cart; [DOM] Cart line item shows the selected predefined text value; [STATE] User cannot type arbitrary text if section is predefined-only","[API] addItem configurationItems includes selected text value; [CONSOLE] No JS errors; [NETWORK] No 4xx/5xx","Text section rendering as freetext input instead of predefined list; selected value lost in cart; freetext accepted when only predefined allowed","Remove cart item after test","GAP-CFG-008","Manual"
"CFG-TEXT-011","Mixed: Freetext + Predefined Text Sections on Same Product","Configurable Products > Text Section > Mixed Text Types","Medium",,"ECL-7.1; ECL-14.5","[PRE:SIGNIN_AS:USER_DEFAULT]
[PRE:RESET_CART]
A configurable product with both a freetext Text section and a predefined-values Text section exists.","front_url={{FRONT_URL}}","[NAV] Navigate to the configurable product PDP with mixed text sections; [WAIT] Configure widget visible; [ASSERT] One section renders as free text input; [ASSERT] Other section renders as dropdown/select of predefined values; [ACT] Type custom text in freetext section; [ACT] Select a predefined value in the other section; [ACT] Click Add to cart; [NAV] Navigate to cart; [ASSERT] Both text values shown in cart line item","[DOM] Freetext section renders as text input field; [DOM] Predefined section renders as select/dropdown; [STATE] Both values persisted in cart; [DOM] Cart shows custom text for freetext and selected value for predefined","[API] Cart configurationItems contains both text section values; [CONSOLE] No JS errors; [NETWORK] No 4xx/5xx","Both sections rendering identically (both freetext or both dropdown); one value lost in cart; sections interfering with each other","Remove cart item after test","GAP-CFG-008","Manual"
"CFG-EDIT-001","Edit Product Section Selection via Cart Edit Configuration","Configurable Products > Edit Configuration > Product Section","High","BL-PRICE-001","ECL-7.1; VCST-3902","[PRE:SIGNIN_AS:USER_DEFAULT]
[PRE:RESET_CART]
User logged in. A configurable product with Product section is in cart (option A selected).","user={{USER_EMAIL}}, password={{USER_PASSWORD}}, front_url={{FRONT_URL}}","[NAV] Sign in at {{FRONT_URL}}; add configurable product with Product section option A to cart; [NAV] Navigate to {{FRONT_URL}}/cart; [ASSERT] Line item shows option A configuration; note price; [ACT] Click Edit configuration button on the cart line item; [WAIT] Configuration edit UI opens — PDP loads with lineItemId query param in URL; [ASSERT] Verify button text reads Update cart (not Add to cart — edit context per VCST-3902); [ACT] Select different option B; [WAIT] Price updates to reflect option B; [ACT] Click Update cart button; [WAIT] Cart updates via changeCartConfiguredItem mutation; [ASSERT] Line item now shows option B; [ASSERT] Price reflects option B","[STATE] Edit configuration opens with current selection (option A) visible; [DOM] Button text reads Update cart (solid variant) — not Add to cart; [DOM] Option B selectable; [MATH] Price updated to base + option B extendedPrice after save; [STATE] Cart line item updated in-place (no duplicate) via changeCartConfiguredItem; [DOM] Option A no longer shown on this line item; [STATE] Configuration marked as saved (dirty tracking reset)","[API] changeCartConfiguredItem mutation errors[] empty; [CONSOLE] No JS errors during edit; [NETWORK] No 4xx/5xx; [NETWORK] Exactly one changeCartConfiguredItem call (not addItem)","Edit configuration button missing; edit UI not opening; button showing Add to cart instead of Update cart; option A still shown after save; price not updating; duplicate line item created; addItem fired instead of changeCartConfiguredItem","none","GAP-CFG-009; Synced: VCST-4205 (2026-05-19) — VALID; edit-configuration flow verified PASS by VCST-4205 Case 3 (frontend-execution-report.md)","Manual"
"CFG-EDIT-002","Edit Text Section Input via Cart Edit Configuration","Configurable Products > Edit Configuration > Text Section","Medium","BL-PRICE-001","ECL-7.1; VCST-3902","[PRE:SIGNIN_AS:USER_DEFAULT]
[PRE:RESET_CART]
User logged in. Configurable product with Text section in cart (text value A entered).","user={{USER_EMAIL}}, password={{USER_PASSWORD}}, front_url={{FRONT_URL}}","[NAV] Sign in; add configurable product with Text section (value: Hello) to cart; [NAV] Navigate to cart; [ASSERT] Line item shows text Hello; [ACT] Click Edit configuration on the line item; [WAIT] Edit UI opens — PDP loads with lineItemId in URL; [ASSERT] Verify button text reads Update cart (not Add to cart); [ASSERT] Text field shows current value Hello; [ACT] Clear and type new value World; [ACT] Click Update cart button; [WAIT] Cart updates via changeCartConfiguredItem; [ASSERT] Line item now shows text World","[STATE] Edit UI pre-fills current text value Hello; [DOM] Button text reads Update cart (solid variant) in edit context; [DOM] Text field editable; [STATE] Updated text value World shown on line item after save; [STATE] No duplicate line item created","[API] changeCartConfiguredItem errors[] empty; [CONSOLE] No JS errors; [NETWORK] No 4xx/5xx","Button showing Add to cart instead of Update cart; edit UI not pre-filling current text; text not updating after save; original value Hello still shown; duplicate line item","none","GAP-CFG-009; Synced: VCST-4205 (2026-05-19) — VALID; edit-configuration flow verified PASS by VCST-4205 Case 3 (frontend-execution-report.md)","Manual"
"CFG-EDIT-003","Edit/Replace Uploaded File via Cart Edit Configuration","Configurable Products > Edit Configuration > File Section","Medium","BL-PRICE-001","ECL-7.1; VCST-3902","[PRE:SIGNIN_AS:USER_DEFAULT]
[PRE:RESET_CART]
User logged in. Hoodie Base (File optional) product with File section in cart (file A uploaded).","user={{USER_EMAIL}}, password={{USER_PASSWORD}}, front_url={{FRONT_URL}}, product_url=@td(CFG_FILE_UPLOAD.url)","[NAV] Sign in; navigate to Hoodie Base PDP; [ACT] Upload file A in File section; [ACT] Click Add to cart button (qty added automatically); [NAV] Navigate to cart; [ASSERT] Line item shows File section with file A reference; [ACT] Click Edit configuration on the line item; [WAIT] Edit UI opens — PDP loads with lineItemId in URL; [ASSERT] Verify button text reads Update cart; [ASSERT] Current uploaded file A shown or referenced; [ACT] Replace with file B (click change/replace and upload new file); [ACT] Click Update cart button; [WAIT] Cart updates via changeCartConfiguredItem; [ASSERT] Line item now shows file B reference","[STATE] Edit UI shows current file A reference; [DOM] Button text reads Update cart in edit context; [DOM] File replace/change control available; [STATE] File B replaces file A after save; [STATE] No duplicate line item created; [DOM] File section on line item reflects new file B","[API] changeCartConfiguredItem errors[] empty; [CONSOLE] No JS errors during file replace; [NETWORK] File upload returns 200","Button showing Add to cart instead of Update cart; edit UI not showing current file; replace control missing; file A still shown after save; upload failing; duplicate line item","none","GAP-CFG-009; Synced: VCST-4205 (2026-05-19) — VALID; edit-configuration flow verified PASS by VCST-4205 Case 3 (frontend-execution-report.md)","Manual"
"CFG-PDP-017","""Create New Configuration"" Link — Visibility and Reset Behavior (VCST-3902)","Configurable Products > PDP Buttons","High","BL-CAT-006","ECL-7.1; VCST-3902","[PRE:SIGNIN_AS:USER_DEFAULT]
[PRE:RESET_CART]
Storefront accessible at {{FRONT_URL}}. @td(CFG_BIKE.name) PDP loaded. User authenticated. A configured item already in cart (lineItemId in URL — user is in edit-from-cart context).","front_url={{FRONT_URL}}, bike_url=@td(CFG_BIKE.url), user={{USER_EMAIL}}, password={{USER_PASSWORD}}","[NAV] Sign in at {{FRONT_URL}}; navigate to @td(CFG_BIKE.name) PDP; [ACT] Select Seat option; click Add to cart; [WAIT] Success — button changes to Update cart; lineItemId appears in URL; [ASSERT] Locate Create new configuration link in the price block area (below price; icon cube-transparent); [ASSERT] Verify link text reads Create new configuration (not old Create your own configuration); [ACT] Click Create new configuration link; [WAIT] Page updates; [ASSERT] Observe lineItemId removed from URL query params; [ASSERT] Observe configuration widget resets to default state (None selected); [ASSERT] Observe button text changes from Update cart back to Add to cart; [ASSERT] Observe CountInCart badge disappears (no lineItemId = no badge)","[DOM] Create new configuration link visible in price block when lineItemId is in URL (edit context); [DOM] Link has cube-transparent icon and text Create new configuration; [STATE] Clicking link removes lineItemId from URL query; [STATE] Configuration sections reset to default values (None selected); [STATE] Button reverts from Update cart (solid) to Add to cart (outline); [STATE] CountInCart badge hidden after lineItemId cleared; [DOM] Link NOT visible on fresh PDP load (no lineItemId in URL)","[CONSOLE] No JavaScript errors on link click; [NETWORK] fetchProductConfiguration fires after lineItemId cleared (fresh config fetch); [NETWORK] No unexpected cart mutations on link click","Link showing old text Create your own configuration; link visible on fresh PDP (no lineItemId); config not resetting after click; button still showing Update cart after reset; lineItemId still in URL after click; CountInCart badge persisting after reset","none","TC-CF-010 VCST-3902","Manual"
CFG-CHK-001,[JOURNEY] Configuration checklist — every required row filled via its link unlocks Add to cart and the cart line matches the green rows,Configurable Products > PDP > Configuration checklist,Critical,BL-CAT-006,ECL-7.3,"[PRE:SIGNIN_AS:USER_DEFAULT]
[PRE:RESET_CART]
Storefront at {{FRONT_URL}}, B2B store, signed in. Fixture @td(CFG_CHECKLIST_ALLTYPES.name) is active and published with its 8 sections (Layers, Text, Photo, Filling, Icing, Decoration, Message, and a long-named optional File section). Cart empty.","front={{FRONT_URL}}, product={{FRONT_URL}}@td(CFG_CHECKLIST_ALLTYPES.url), product_name=@td(CFG_CHECKLIST_ALLTYPES.name), text_value=@td(CFG_TEXT_INPUTS.customValue), file=@td(CFG_TEST_FILES.validPdf.path)","--- SCREEN: PDP load — read the checklist ---
[NAV] Open {{FRONT_URL}}@td(CFG_CHECKLIST_ALLTYPES.url)
[WAIT] The Price and delivery block shows the ""Configuration checklist"" list (data-test-id configuration-checklist) below the Add to cart button; wait until the list and the section accordion are both rendered
[ASSERT] List the checklist rows in order (data-test-id configuration-checklist-item): each row names one visible section, in the same order as the sections in the accordion
[ASSERT] The Text row and the Photo row are red (required) and carry the links ""Fill it in"" and ""Upload a file""
[ASSERT] Every red row has a link; every optional row (Icing, Decoration, Message, the long-named File section) carries ""Review""; rows for sections hidden by dependsOnSectionId are absent
[ASSERT] While at least one row is red, the ""Add to cart"" button is disabled
--- SCREEN: PDP — fill each required section through its link ---
[ACT] Click the ""Fill it in"" link on the Text row
[WAIT] The Text section expands and scrolls into view; the page URL is unchanged
[ACT] Type @td(CFG_TEXT_INPUTS.customValue) into the Text section input
[ASSERT] The Text row turns done (green, ""(completed)"" for screen readers) and no longer shows a link
[ACT] Click the ""Upload a file"" link on the Photo row
[WAIT] Page settles (UI and network idle)
[ACT] upload @td(CFG_TEST_FILES.validPdf.path) in the Photo section
[WAIT] Upload finishes (file chip visible in the section)
[ASSERT] The Photo row turns done
[ACT] If the Filling row is red, click its ""Check it out"" link
[WAIT] Page settles (UI and network idle)
[ACT] Choose any option in the Filling section
[ASSERT] The Filling row turns done and reads ""Filling — <chosen option name>""
[WAIT] Up to 20 s for the ""Add to cart"" button to become enabled; note how long it took
[ASSERT] With no red row left, the ""Add to cart"" button is enabled
--- SCREEN: cart — the line carries what the green rows said ---
[ACT] Click ""Add to cart""
[WAIT] Page settles (UI and network idle)
[NAV] Open the cart
[ASSERT] The cart line for @td(CFG_CHECKLIST_ALLTYPES.name) lists, per configured component, the section name and chosen value shown by the green rows (Layers option, Text value, Photo file, Filling option)
[ASSERT] No section that had a red or hidden row is listed with a value it never showed","[DOM] Rows are one per visible section, in accordion order, with Text and Photo red and each red row carrying exactly one of ""Fill it in"" / ""Upload a file"" / ""Check it out"" {SPEC} VCST-6027 AC-1, AC-2.1, AC-2.2
[STATE] ""Add to cart"" is disabled while any row is red and enabled when none is red {BL} BL-CAT-006
[STATE] Each link expands its section and moves the buyer to it without changing the URL {SPEC} VCST-6027 AC-2
[DOM] Filling a section turns its row done and removes its link; a done Product row reads ""<section> — <option>"" {SPEC} VCST-6027 AC-1
[DOM] Every optional row keeps its own ""Review"" link and never reads as a blocker {SPEC} VCST-6027 AC-3
[DOM] The cart line lists, per component, the section name and chosen value shown by the green rows; every listed component is visible and none is missing or extra {BL} BL-CAT-006
[STATE] The purchase button becomes enabled after the last red row turns green (no manual reload needed) {SPEC} VCST-6027 statement","[CONSOLE] no TypeError or JS error on the page under test
[NETWORK] no 4xx/5xx on /graphql",Mid-journey: Add to cart still disabled after the last red row turned green and 20 s have passed; a row stays red after a valid fill; a link lands on a different section or changes the URL; Photo/Text row green but the cart line lacks that value; Filling row missing after Layers has a value,Open the cart and remove the configured line created by this journey; leave the cart empty,VCST-6027 · Archetype:PARITY · Technique:FLOW · Behavior:cat.cfg.pdp,Draft
CFG-CHK-002,Configuration checklist — hidden dependent sections have no row and rows follow the configuration order,Configurable Products > PDP > Configuration checklist,High,BL-CAT-006,,"[PRE:SIGNIN_AS:USER_DEFAULT]
Storefront at {{FRONT_URL}}. Fixture @td(CFG_DEEP_CHAIN.name) is a 5-level dependency chain (sections A to E, each dependent on the previous). Nothing configured yet in this session.","front={{FRONT_URL}}, product={{FRONT_URL}}@td(CFG_DEEP_CHAIN.url)","[NAV] Open {{FRONT_URL}}@td(CFG_DEEP_CHAIN.url)
[WAIT] Checklist and section accordion rendered
[ASSERT] Record the visible section titles in the accordion and the checklist row names in the same order
[ASSERT] The checklist has no row for any section that is hidden in the accordion (the deep levels of the chain)
[ACT] Choose a value in the deepest currently visible section that has a dependent section
[WAIT] A new section appears in the accordion
[ASSERT] The checklist gains exactly one new row for that section, placed after its parent and in the same position as the section in the accordion
[ACT] Repeat the previous two steps until all five levels are visible
[ASSERT] At every level the number of rows equals the number of visible accordion sections and the row order equals the accordion order","[DOM] No checklist row exists for a section hidden by dependsOnSectionId {SPEC} VCST-6027 AC-1 (rows follow what the buyer can configure)
[DOM] Visible rows appear in the Admin-defined section order, the same order as the accordion {DOC} platform user guide: Manage Product Configurations (drag order = storefront order)
[STATE] Each reveal adds exactly one row and no row is duplicated {BL} BL-CAT-006","[CONSOLE] no TypeError or JS error on the page under test
[NETWORK] no 4xx/5xx on /graphql",Row visible for a hidden level; row order differs from the accordion order; two rows for one section after a reveal; row count differs from accordion section count at any level,none,VCST-6027 · Archetype:FALLBACK · Technique:ST · Behavior:cat.cfg.pdp.conditional-reveal,Draft
CFG-CHK-003,Configuration checklist — empty required Text section shows red name-required row with Fill it in,Configurable Products > PDP > Configuration checklist,High,BL-CAT-006,,"[PRE:SIGNIN_AS:USER_DEFAULT]
Storefront at {{FRONT_URL}}. Fixture @td(CFG_TEXT_DRIVEN_COND.name): the root section ""Engraving Line 1"" is a REQUIRED Text section. Text empty.","front={{FRONT_URL}}, product={{FRONT_URL}}@td(CFG_TEXT_DRIVEN_COND.url)","[NAV] Open {{FRONT_URL}}@td(CFG_TEXT_DRIVEN_COND.url)
[WAIT] Checklist rendered
[ASSERT] Find the checklist row for the ""Engraving Line 1"" section (data-test-id configuration-checklist-item)
[ASSERT] Read its label (configuration-checklist-label), its status styling (red / required) and its link text (configuration-checklist-link)
[ASSERT] The ""Add to cart"" button state","[DOM] The row reads ""Engraving Line 1 — required"" {SPEC} VCST-6027 AC-2.1
[DOM] The row's link reads ""Fill it in"", not ""Check it out"" and not ""Upload a file"" {SPEC} VCST-6027 AC-2.1
[STATE] The row has the required (red) status, not optional or done {SPEC} VCST-6027 AC-2.1
[STATE] ""Add to cart"" is disabled while the required Text is empty {BL} BL-CAT-006","[CONSOLE] no TypeError or JS error on the page under test
[NETWORK] no 4xx/5xx on /graphql",Text row shows 'Check it out'; row not marked required; Text row missing; Add to cart enabled with empty required Text,none,VCST-6027 · Archetype:PARITY · Technique:EP · Behavior:cat.cfg.required-gate.one-missing,Draft
CFG-CHK-004,Configuration checklist — empty required File section shows red name-required row with Upload a file,Configurable Products > PDP > Configuration checklist,High,BL-CAT-006,,"[PRE:SIGNIN_AS:USER_DEFAULT]
Storefront at {{FRONT_URL}}. Fixture @td(CFG_REQUIRED_FILE_CHILD.name): root Product section ""Service Plan"" (required) and the dependent section ""ID Proof"", a REQUIRED File section.","front={{FRONT_URL}}, product={{FRONT_URL}}@td(CFG_REQUIRED_FILE_CHILD.url)","[NAV] Open {{FRONT_URL}}@td(CFG_REQUIRED_FILE_CHILD.url)
[WAIT] Checklist rendered
[ACT] If the ""Service Plan"" row is red, choose any Service Plan option so that the dependent ""ID Proof"" section becomes visible
[ASSERT] Find the checklist row for ""ID Proof"": label, status styling and link text
[ASSERT] The ""Add to cart"" button state","[DOM] The row reads ""ID Proof — required"" {SPEC} VCST-6027 AC-2.2
[DOM] The row's link reads ""Upload a file"" {SPEC} VCST-6027 AC-2.2
[STATE] The row has the required (red) status {SPEC} VCST-6027 AC-2.2
[STATE] ""Add to cart"" is disabled while the required File section has no file {BL} BL-CAT-006","[CONSOLE] no TypeError or JS error on the page under test
[NETWORK] no 4xx/5xx on /graphql",File row offers 'Check it out' or 'Fill it in'; no required marker for the File section; Add to cart enabled with no file,none,VCST-6027 · Archetype:PARITY · Technique:EP · Behavior:cat.cfg.required-gate.one-missing,Draft
CFG-CHK-005,Configuration checklist — a required Product section revealed by its parent shows Check it out until an option is chosen,Configurable Products > PDP > Configuration checklist,High,BL-CAT-006,,"[PRE:SIGNIN_AS:USER_DEFAULT]
Storefront at {{FRONT_URL}}. Fixtures: @td(CFG_REQ_CHILD_OPT_PARENT.name) (optional parent section that reveals a REQUIRED Product child ""Extra Type"") and @td(CFG_TWO_REQ_SIBLINGS.name) (optional parent revealing two REQUIRED Product siblings Size and Color).","front={{FRONT_URL}}, product={{FRONT_URL}}@td(CFG_REQ_CHILD_OPT_PARENT.url), product2={{FRONT_URL}}@td(CFG_TWO_REQ_SIBLINGS.url)","--- SCREEN: one required child ---
[NAV] Open {{FRONT_URL}}@td(CFG_REQ_CHILD_OPT_PARENT.url)
[WAIT] Checklist rendered
[ASSERT] The parent row is optional (parent is on None) and there is no ""Extra Type"" row; ""Add to cart"" is enabled
[ACT] In the parent section choose a real (non-None) value
[WAIT] The ""Extra Type"" section appears in the accordion
[ASSERT] A new row ""Extra Type — required"" appears with the link ""Check it out""; no option of Extra Type is selected; ""Add to cart"" is disabled
[ACT] Click ""Check it out"" on the ""Extra Type"" row
[WAIT] Page settles (UI and network idle)
[ACT] choose an Extra Type option
[ASSERT] The row becomes done and reads ""Extra Type — <chosen option>""; ""Add to cart"" becomes enabled
--- SCREEN: two required siblings ---
[NAV] Open {{FRONT_URL}}@td(CFG_TWO_REQ_SIBLINGS.url)
[ACT] In the parent section choose a value that reveals the dependent sections
[ASSERT] Both the Size row and the Color row appear red with ""Check it out"" and neither has an option preselected","[DOM] A required Product section revealed by its parent shows ""<name> — required"" with the link ""Check it out"" until an option is chosen {SPEC} VCST-6027 AC-2.3
[STATE] Revealing does not auto-select an option for the required child, so the row cannot be green on reveal {DOC} platform user guide: Manage Product Configurations (a required section must be selected by the buyer)
[STATE] ""Add to cart"" is disabled from the moment the required child is revealed until it has a value {BL} BL-CAT-006
[DOM] Both the ""Size"" row and the ""Color"" row are visible as separate red rows {SPEC} VCST-6027 AC-2.3
[STATE] Number of selected options in the revealed required section = 0 at the moment it is revealed {DOC} platform user guide: Manage Product Configurations (required sections are not auto-selected)","[CONSOLE] no TypeError or JS error on the page under test
[NETWORK] no 4xx/5xx on /graphql",Required child revealed but its row is green with no value; 'Check it out' never shown; Add to cart enabled while a revealed required child is empty; only one of the two siblings listed,none,VCST-6027 · Archetype:FALLBACK · Technique:ST · Behavior:cat.cfg.pdp.conditional-reveal,Draft
CFG-CHK-006,Configuration checklist — a required Product section with a default option is green on load with the default value,Configurable Products > PDP > Configuration checklist,Medium,BL-CAT-006,,"[PRE:SIGNIN_AS:USER_DEFAULT]
Storefront at {{FRONT_URL}}. Fixture @td(CFG_WITH_DEFAULT.name): one required Product section whose default option is @td(CFG_WITH_DEFAULT.default_option_name).","front={{FRONT_URL}}, product={{FRONT_URL}}@td(CFG_WITH_DEFAULT.url), default=@td(CFG_WITH_DEFAULT.default_option_name)","[NAV] Open {{FRONT_URL}}@td(CFG_WITH_DEFAULT.url)
[WAIT] Checklist and accordion rendered; wait until the default option is shown selected
[ASSERT] The accordion shows @td(CFG_WITH_DEFAULT.default_option_name) selected in the required section
[ASSERT] Read the checklist row for that section: status, label, presence of a link
[ASSERT] The ""Add to cart"" button becomes enabled","[DOM] The row is done (green) and reads ""<section> — @td(CFG_WITH_DEFAULT.default_option_name)"" {SPEC} VCST-6027 AC-1
[DOM] The done row has no ""Check it out"" / ""Fill it in"" / ""Review"" link {SPEC} VCST-6027 AC-1
[STATE] The row is not marked required while a default option is preselected {DOC} platform user guide: Manage Product Configurations (default option is preselected)
[STATE] ""Add to cart"" is enabled once the page has settled {BL} BL-CAT-006","[CONSOLE] no TypeError or JS error on the page under test
[NETWORK] no 4xx/5xx on /graphql",Preselected default rendered as '— required' with 'Check it out'; green row without the option name; Add to cart disabled with a preselected default,none,VCST-6027 · Archetype:FALLBACK · Technique:EP · Behavior:cat.cfg.pdp.default-preselected,Draft
CFG-CHK-007,Configuration checklist — Add to cart is enabled exactly when no row is red (required x optional decision table),Configurable Products > PDP > Configuration checklist,Critical,BL-CAT-006,,"[PRE:SIGNIN_AS:USER_DEFAULT]
Storefront at {{FRONT_URL}}. Fixture @td(CFG_TWO_REQ_SIBLINGS.name): optional parent (can be None) revealing two REQUIRED Product siblings Size and Color. Cart is not modified by this case.","front={{FRONT_URL}}, product={{FRONT_URL}}@td(CFG_TWO_REQ_SIBLINGS.url)","[NAV] Open {{FRONT_URL}}@td(CFG_TWO_REQ_SIBLINGS.url)
[WAIT] Checklist and accordion rendered; let the page settle (the ""Add to cart"" state unchanged for 3 s)
[ASSERT] Decision cell 1: parent on None, no required section visible. Count red rows and read the ""Add to cart"" state
[ACT] Choose a real value in the parent section
[WAIT] Page settles (3 s with no change)
[ASSERT] Decision cell 2: Size and Color red, optional parent set. Count red rows and read the ""Add to cart"" state
[ACT] Choose a Size option only
[WAIT] Page settles
[ASSERT] Decision cell 3: Size done, Color red. Count red rows and read the ""Add to cart"" state
[ACT] Choose a Color option
[WAIT] Page settles
[ASSERT] Decision cell 4: all required done, optional parent set. Count red rows and read the ""Add to cart"" state
[ACT] Set the parent back to None
[WAIT] Page settles
[ASSERT] Decision cell 5: required rows gone, optional parent unset. Count red rows and read the ""Add to cart"" state","[STATE] In every settled cell, ""Add to cart"" is enabled exactly when zero rows are red {BL} BL-CAT-006
[STATE] Cells 1 and 5 (no red row, optional unset): button enabled {BL} BL-CAT-006
[STATE] Cells 2 and 3 (at least one red row): button disabled {BL} BL-CAT-006
[STATE] Cell 4 (all required done, optional set): button enabled; an optional row never disables the button {SPEC} VCST-6027 AC-3
[DOM] Optional rows stay visible with ""Review"" and are never red {SPEC} VCST-6027 AC-3","[CONSOLE] no TypeError or JS error on the page under test
[NETWORK] no 4xx/5xx on /graphql",Button enabled while a red row exists; button disabled in a settled state with no red row; optional row styled as required,none,VCST-6027 · Archetype:PARITY · Technique:DT · Behavior:cat.cfg.required-gate,Draft
CFG-CHK-008,Configuration checklist — during first paint and slow network the rows never contradict a disabled Add to cart,Configurable Products > PDP > Configuration checklist,High,BL-CAT-006,ECL-7.3,"[PRE:SIGNIN_AS:USER_DEFAULT]
Storefront at {{FRONT_URL}}. Fixture @td(CFG_WEDDING_CAKE_CONDITIONAL.name) (CFG-023). Browser can throttle the network (DevTools network conditions or the lane's equivalent). Case does not add to cart. Measurement method: in-page observer, never agent snapshots (round-trips of 1-2 s). Measured baseline for the PO: window of about 500-550 ms on every load (6/6, CFG-030 and CFG-023, un-throttled, single session).","front={{FRONT_URL}}, product={{FRONT_URL}}@td(CFG_WEDDING_CAKE_CONDITIONAL.url)","[ACT] Register an init script (evaluate step, runs before page scripts) that installs a MutationObserver recording performance.now() at every change of: the ""Add to cart"" disabled state, the number of red (required) checklist rows, the number of checklist rows
[WAIT] Page settles (UI and network idle)
[NAV] Open {{FRONT_URL}}@td(CFG_WEDDING_CAKE_CONDITIONAL.url) with no throttling (first paint)
[WAIT] 20 s sampling window
[ASSERT] From the in-page records: the total time in which at least one row is rendered, zero rows are red, the button is disabled
[ACT] Set the network to a slow profile (Slow 4G or slower)
[NAV] Hard-reload the page
[WAIT] 20 s sampling window
[ASSERT] Same check on the throttled-load records
[NAV] Reload the page again (refresh)
[WAIT] 20 s sampling window
[ASSERT] Same check on the refresh records","[STATE] In no recorded interval is ""Add to cart"" disabled while the checklist shows rows and none of them is red {SPEC} VCST-6027 statement (the checklist explains why Add to cart is disabled)
[STATE] A disabled button with a rendered, all-green checklist is a contradiction at first paint, on a slow network and after refresh {BL} BL-CAT-006
[DOM] Once the page has settled the visible rows and the button state agree {SPEC} VCST-6027 statement
[STATE] Duration of the in-page window (rows rendered, zero red rows, button disabled) = 0 ms on every load {BL} BL-CAT-006","[CONSOLE] no TypeError or JS error on the page under test
[NETWORK] no 4xx/5xx on /graphql","A sample with button disabled, rows rendered and zero red rows (all-green or optional-only list next to a disabled button); the window reopens after refresh or on slow network",Restore normal network conditions in the browser,VCST-6027 · Archetype:RACE · Technique:EG · Behavior:cat.cfg.required-gate.all-filled,Draft
CFG-CHK-009,"Configuration checklist — each link expands a collapsed section, scrolls to it and focuses it without changing the URL",Configurable Products > PDP > Configuration checklist,High,BL-UI-003,ECL-15.1,"[PRE:SIGNIN_AS:USER_DEFAULT]
Storefront at {{FRONT_URL}}. Fixture @td(CFG_FILE_DRIVEN_COND.name) (CFG-025): root File section ""Design Upload"" (required), then optional Product ""Finish Type"", then optional Text ""Notes"".","front={{FRONT_URL}}, product={{FRONT_URL}}@td(CFG_FILE_DRIVEN_COND.url), file=@td(CFG_TEST_FILES.validPdf.path)","[NAV] Open {{FRONT_URL}}@td(CFG_FILE_DRIVEN_COND.url)
[WAIT] Checklist and accordion rendered; remember the page URL
[ACT] Collapse the ""Design Upload"" section by clicking its header
[ASSERT] The section body is hidden
[ACT] Click the ""Upload a file"" link on the ""Design Upload"" row
[WAIT] Smooth scroll finishes
[ASSERT] The ""Design Upload"" section is expanded, inside the viewport, and keyboard focus is inside that section
[ASSERT] The page URL is identical to the remembered URL (no hash added, no navigation)
[ACT] Upload @td(CFG_TEST_FILES.validPdf.path) so that ""Finish Type"" becomes visible
[ACT] collapse ""Finish Type"" by clicking its header
[ACT] Click the ""Review"" link on the ""Finish Type"" row
[WAIT] Page settles (UI and network idle)
[ASSERT] ""Finish Type"" expands, scrolls into view, receives focus; URL unchanged
[ACT] Collapse ""Finish Type"" again
[ACT] Click the ""Review"" link a second time
[WAIT] Page settles (UI and network idle)
[ASSERT] It re-opens (the link works every time, not only the first)","[STATE] Clicking a row link expands the target section even if the buyer collapsed it manually {SPEC} VCST-6027 AC-2.1 (link leads to the option)
[STATE] The target section scrolls into view and takes keyboard focus {SPEC} VCST-6027 AC-2.1
[STATE] The page URL does not change and gains no hash {OBSERVED} 3x SBTM-VCST-6027 (links are click handlers, not hash links)
[STATE] The link works repeatedly after the section is collapsed again {SPEC} VCST-6027 AC-2
[DOM] Only the targeted section is expanded and visible; sibling sections keep their own state {BL} BL-UI-003
[STATE] The page URL after each link click equals the remembered URL {OBSERVED} 3x SBTM-VCST-6027","[CONSOLE] no TypeError or JS error on the page under test
[NETWORK] no 4xx/5xx on /graphql",Section stays collapsed after the click; wrong section scrolled; URL hash appears; focus remains on the link; second click does nothing,none,VCST-6027 · Archetype:RENDER · Technique:ST · Behavior:cat.cfg.pdp,Draft
CFG-CHK-010,Configuration checklist — links on an edited configured cart line do not trigger the unsaved-changes prompt,Configurable Products > PDP > Configuration checklist,High,BL-CAT-006,,"[PRE:SIGNIN_AS:USER_DEFAULT]
[PRE:RESET_CART]
Storefront at {{FRONT_URL}}, signed in as {{USER_EMAIL}}, cart empty. Fixture @td(CFG_TEXT_DRIVEN_COND.name): REQUIRED Text ""Engraving Line 1"" then optional Product ""Style Pack"". The configured cart line this case needs is created by the case itself (steps 2-4) and removed in Cleanup.","front={{FRONT_URL}}, product={{FRONT_URL}}@td(CFG_TEXT_DRIVEN_COND.url), user={{USER_EMAIL}}, text_value=@td(CFG_TEXT_INPUTS.customValue)","[NAV] Open {{FRONT_URL}}@td(CFG_TEXT_DRIVEN_COND.url)
[ACT] Type @td(CFG_TEXT_INPUTS.customValue) into ""Engraving Line 1""
[WAIT] ""Add to cart"" becomes enabled
[ACT] Click ""Add to cart""
[WAIT] The URL gains lineItemId (edit mode); the main button now reads ""Update cart""; remember the full URL
[ASSERT] The checklist is prefilled from the line: the Engraving row is done
[ACT] Clear the ""Engraving Line 1"" input (now dirty)
[ASSERT] The Engraving row is red with ""Fill it in"" and the main button is disabled
[ACT] Click the ""Fill it in"" link
[WAIT] Section receives focus
[ASSERT] No ""Save changes"" modal opened and the URL still equals the remembered URL (lineItemId kept)
[ACT] Click the ""Create new configuration"" link (control case: this link leaves the edited line)
[WAIT] Page settles (UI and network idle)
[ASSERT] The ""Save changes"" modal opens because the form is dirty
[ACT] Dismiss the modal without saving
[NAV] Open the cart
[ACT] Remove the configured line from the cart","[STATE] A checklist link never raises the unsaved-changes prompt while editing a configured cart line {OBSERVED} 3x SBTM-VCST-6027 (the guard exists: ""Create new configuration"" raises it)
[STATE] The URL (including lineItemId) is unchanged after a link click {OBSERVED} 3x SBTM-VCST-6027
[DOM] In edit mode the checklist is visible and prefilled from the saved line, and turns red when the value is cleared {SPEC} VCST-6027 AC-1
[STATE] The main button reads ""Update cart"" and is disabled while a required row is red {BL} BL-CAT-006
[STATE] The save-changes guard still fires for ""Create new configuration"" (links bypass it, navigation does not) {OBSERVED} 3x SBTM-VCST-6027","[CONSOLE] no TypeError or JS error on the page under test
[NETWORK] no 4xx/5xx on /graphql",Save changes modal opens on a checklist link; lineItemId dropped from the URL; checklist empty in edit mode; Update cart enabled while the Engraving row is red,Open the cart and delete the configured line created by this case; confirm the cart is empty,VCST-6027 · Archetype:LIFECYCLE · Technique:EG · Behavior:cat.cfg.pdp,Draft
CFG-CHK-011,Configuration checklist — done label rule per section type and required flag,Configurable Products > PDP > Configuration checklist,Medium,,,"[PRE:SIGNIN_AS:USER_DEFAULT]
Storefront at {{FRONT_URL}}. Fixtures: @td(CFG_TEXT_DRIVEN_COND.name) (REQUIRED Text ""Engraving Line 1""), @td(CFG_FILE_DRIVEN_COND.name) (REQUIRED File ""Design Upload"", optional Text ""Notes""), @td(CFG_WEDDING_CAKE_CONDITIONAL.name) (required Product ""Base"", optional File ""Image"" revealed by ""Message"").","front={{FRONT_URL}}, text={{FRONT_URL}}@td(CFG_TEXT_DRIVEN_COND.url), file={{FRONT_URL}}@td(CFG_FILE_DRIVEN_COND.url), product={{FRONT_URL}}@td(CFG_WEDDING_CAKE_CONDITIONAL.url), text_value=@td(CFG_TEXT_INPUTS.customValue), upload=@td(CFG_TEST_FILES.validPdf.path)","[NAV] Open {{FRONT_URL}}@td(CFG_WEDDING_CAKE_CONDITIONAL.url)
[ASSERT] Cell Product / required: the ""Base"" row is done; read its full label
[ACT] Choose values so that ""Image"" (optional File) is visible, upload @td(CFG_TEST_FILES.validPdf.path) in ""Image""
[ASSERT] Cell File / optional: read the ""Image"" row label after the upload
[NAV] Open {{FRONT_URL}}@td(CFG_TEXT_DRIVEN_COND.url)
[ACT] Type @td(CFG_TEXT_INPUTS.customValue) into ""Engraving Line 1""
[ASSERT] Cell Text / required: read the ""Engraving Line 1"" row label
[NAV] Open {{FRONT_URL}}@td(CFG_FILE_DRIVEN_COND.url)
[ACT] Upload @td(CFG_TEST_FILES.validPdf.path) in ""Design Upload""
[ASSERT] Cell File / required: read the ""Design Upload"" row label
[ACT] Choose a ""Finish Type"" value so that the optional Text ""Notes"" is visible
[ACT] Type @td(CFG_TEXT_INPUTS.customValue) into ""Notes""
[ASSERT] Cell Text / optional: read the ""Notes"" row label","[FORMAT] Product rows read ""<section> — <option name>"" with an em dash {SPEC} VCST-6027 AC-1
[FORMAT] A done required Text row shows the section name and the entered value (<section> - <value>) {SPEC} VCST-6027 AC-1
[FORMAT] A done required File row shows the section name and the uploaded file name {SPEC} VCST-6027 AC-1
[FORMAT] A done optional Text and optional File row show the section name and its value, same rule as required {SPEC} VCST-6027 AC-3.1
[STATE] Every done row has the done status and no link regardless of type {SPEC} VCST-6027 AC-1","[CONSOLE] no TypeError or JS error on the page under test
[NETWORK] no 4xx/5xx on /graphql",Done Text or File row shows only the section name with no value; separator differs between types; done row keeps a link; optional done row stays in optional state,none,VCST-6027 · Archetype:PARITY · Technique:DT · Behavior:cat.cfg.pdp,Draft
CFG-CHK-012,Configuration checklist — optional Product row returns to optional when None is chosen,Configurable Products > PDP > Configuration checklist,Medium,,,"[PRE:SIGNIN_AS:USER_DEFAULT]
Storefront at {{FRONT_URL}}. Fixture @td(CFG_TEXT_DRIVEN_COND.name): REQUIRED Text ""Engraving Line 1"" reveals the optional Product ""Style Pack"" (which has a None option).","front={{FRONT_URL}}, product={{FRONT_URL}}@td(CFG_TEXT_DRIVEN_COND.url), text_value=@td(CFG_TEXT_INPUTS.customValue)","[NAV] Open {{FRONT_URL}}@td(CFG_TEXT_DRIVEN_COND.url)
[ACT] Type @td(CFG_TEXT_INPUTS.customValue) into ""Engraving Line 1"" so that ""Style Pack"" appears
[ASSERT] The ""Style Pack"" row is optional with ""Review""
[ACT] In ""Style Pack"" choose a real (non-None) option
[ASSERT] Read the ""Style Pack"" row
[ACT] In ""Style Pack"" choose None
[ASSERT] Read the ""Style Pack"" row and which radio is checked","[DOM] After a real option is chosen the row is done and reads ""Style Pack — <option name>"" {SPEC} VCST-6027 AC-3.1
[DOM] After None is chosen the row returns to ""Style Pack — optional"" with the ""Review"" link {SPEC} VCST-6027 AC-3
[STATE] The row never keeps the earlier option's name after None {BL} BL-CAT-006
[STATE] ""Add to cart"" is enabled in both states (optional never gates) {SPEC} VCST-6027 AC-3","[CONSOLE] no TypeError or JS error on the page under test
[NETWORK] no 4xx/5xx on /graphql",Row stays green after None; row shows the stale option name; Review link missing after None; Add to cart disabled by an optional row,none,VCST-6027 · Archetype:LIFECYCLE · Technique:ST · Behavior:cat.cfg.pdp.none-option,Draft
CFG-CHK-013,Configuration checklist — clearing a required Text value turns the row red and disables Add to cart again,Configurable Products > PDP > Configuration checklist,High,BL-CAT-006,,"[PRE:SIGNIN_AS:USER_DEFAULT]
Storefront at {{FRONT_URL}}. Fixture @td(CFG_TEXT_DRIVEN_COND.name): REQUIRED Text ""Engraving Line 1"". Not modified in the cart.","front={{FRONT_URL}}, product={{FRONT_URL}}@td(CFG_TEXT_DRIVEN_COND.url), text_value=@td(CFG_TEXT_INPUTS.customValue)","[NAV] Open {{FRONT_URL}}@td(CFG_TEXT_DRIVEN_COND.url)
[ACT] Type @td(CFG_TEXT_INPUTS.customValue) into ""Engraving Line 1""
[WAIT] The page settles (3 s with no change)
[ASSERT] The Engraving row is done and ""Add to cart"" is enabled
[ACT] Delete the whole text in the input
[WAIT] The page settles
[ASSERT] Read the Engraving row, its link, the dependent ""Style Pack"" row and the ""Add to cart"" button","[DOM] After clearing, the row is red again: ""Engraving Line 1 — required"" with ""Fill it in"" {SPEC} VCST-6027 AC-2.1
[STATE] ""Add to cart"" is disabled again {BL} BL-CAT-006
[DOM] The dependent ""Style Pack"" row disappears with its section {OBSERVED} 3x SBTM-VCST-6027
[STATE] No row remains green for the cleared value {BL} BL-CAT-006","[CONSOLE] no TypeError or JS error on the page under test
[NETWORK] no 4xx/5xx on /graphql",Row stays green after clearing; button stays enabled after clearing; Style Pack row lingers,none,VCST-6027 · Archetype:LIFECYCLE · Technique:ST · Behavior:cat.cfg.required-gate.one-missing,Draft
CFG-CHK-014,Configuration checklist — whitespace-only text never counts as filled,Configurable Products > PDP > Configuration checklist,Medium,BL-CAT-006,ECL-7.2,"[PRE:SIGNIN_AS:USER_DEFAULT]
Storefront at {{FRONT_URL}}. Fixtures: @td(CFG_TEXT_DRIVEN_COND.name) (REQUIRED Text ""Engraving Line 1"") and @td(CFG_FILE_DRIVEN_COND.name) (optional Text ""Notes"", reachable after ""Design Upload"" and ""Finish Type"" are set).","front={{FRONT_URL}}, req={{FRONT_URL}}@td(CFG_TEXT_DRIVEN_COND.url), opt={{FRONT_URL}}@td(CFG_FILE_DRIVEN_COND.url), upload=@td(CFG_TEST_FILES.validPdf.path)","--- SCREEN: required Text ---
[NAV] Open {{FRONT_URL}}@td(CFG_TEXT_DRIVEN_COND.url)
[ACT] Type three spaces into ""Engraving Line 1""
[WAIT] The page settles
[ASSERT] Read the Engraving row and the ""Add to cart"" button
--- SCREEN: optional Text ---
[NAV] Open {{FRONT_URL}}@td(CFG_FILE_DRIVEN_COND.url)
[ACT] Upload @td(CFG_TEST_FILES.validPdf.path) in ""Design Upload"", choose a ""Finish Type"" value so ""Notes"" is visible
[ACT] Type three spaces into ""Notes""
[WAIT] The page settles
[ASSERT] Read the ""Notes"" row","[DOM] Whitespace in the required Text keeps the row red (""Engraving Line 1 — required"", ""Fill it in"") {HYPOTHESIS} blank is not a selection; ticket and BL-CAT-006 silent, PO to confirm
[STATE] ""Add to cart"" stays disabled with whitespace-only required text {BL} BL-CAT-006
[DOM] Whitespace in the optional Text does not turn its row done: it stays ""Notes — optional"" with ""Review"" {HYPOTHESIS} blank is not a value; PO to confirm (ticket silent)","[CONSOLE] no TypeError or JS error on the page under test
[NETWORK] no 4xx/5xx on /graphql",Whitespace shows the row green; Add to cart enabled with whitespace in a required Text; optional Notes row done on whitespace,none,VCST-6027 · Archetype:BOUNDARY · Technique:BVA · Behavior:cat.cfg.required-gate.one-missing,Draft
CFG-CHK-015,Configuration checklist — Text over maxLength keeps the row red,Configurable Products > PDP > Configuration checklist,Medium,BL-CAT-006,ECL-7.2,"[PRE:SIGNIN_AS:USER_DEFAULT]
Storefront at {{FRONT_URL}}. Fixture @td(CFG_TEXT_DRIVEN_COND.name): REQUIRED Text ""Engraving Line 1"" with a maxLength configured in Admin (read it live from the input's maxlength attribute or the counter; do not assume a number).","front={{FRONT_URL}}, product={{FRONT_URL}}@td(CFG_TEXT_DRIVEN_COND.url)","[NAV] Open {{FRONT_URL}}@td(CFG_TEXT_DRIVEN_COND.url)
[ASSERT] Read maxLength N for ""Engraving Line 1"" (input maxlength attribute / ""0 / N"" counter)
[ACT] Type exactly N characters (letters only)
[ASSERT] Read the Engraving row and the ""Add to cart"" button
[ACT] Clear the input
[ACT] paste N+1 characters from the clipboard in one action
[WAIT] The page settles
[ASSERT] Read the input value length, any error message under the field, the Engraving row and the ""Add to cart"" button","[STATE] At exactly N characters the row is done and ""Add to cart"" is enabled {SPEC} VCST-6027 AC-1
[STATE] A value above N is either truncated to N or rejected with a visible error; it is never accepted silently {BL} BL-CAT-006 (VC-CFG-001: the add is rejected above maxLength)
[DOM] While an over-length error is shown the row is not green and ""Add to cart"" is disabled {BL} BL-CAT-006
[STATE] The row and the button agree in every state read above {BL} BL-CAT-006","[CONSOLE] no TypeError or JS error on the page under test
[NETWORK] no 4xx/5xx on /graphql",Row green with a value longer than maxLength; error shown while the button is enabled; row green and the add is rejected by the server,none,VCST-6027 · Archetype:BOUNDARY · Technique:BVA · Behavior:cat.cfg.required-gate.one-missing,Draft
CFG-CHK-016,Configuration checklist — removing or failing a required file upload keeps the row red,Configurable Products > PDP > Configuration checklist,High,BL-CAT-006,,"[PRE:SIGNIN_AS:USER_DEFAULT]
Storefront at {{FRONT_URL}}. Fixtures: @td(CFG_REQUIRED_FILE_CHILD.name) (REQUIRED File ""ID Proof"") and @td(CFG_WEDDING_CAKE_CONDITIONAL.name) (optional File ""Image"" revealed by ""Message""). A valid PDF is available at @td(CFG_TEST_FILES.validPdf.path); the rejected-type case uses a copy of it whose extension is outside the section's allowed list.","front={{FRONT_URL}}, req={{FRONT_URL}}@td(CFG_REQUIRED_FILE_CHILD.url), opt={{FRONT_URL}}@td(CFG_WEDDING_CAKE_CONDITIONAL.url), upload=@td(CFG_TEST_FILES.validPdf.path)","--- SCREEN: required file ---
[NAV] Open {{FRONT_URL}}@td(CFG_REQUIRED_FILE_CHILD.url)
[ACT] If ""Service Plan"" is red, choose any option so ""ID Proof"" is visible
[ACT] Fill every other required section that is red
[ACT] Upload @td(CFG_TEST_FILES.validPdf.path) in ""ID Proof""
[ASSERT] The ""ID Proof"" row is done and ""Add to cart"" is enabled
[ACT] Remove the uploaded file
[WAIT] The page settles
[ASSERT] Read the ""ID Proof"" row and the ""Add to cart"" button
[ACT] Upload a file whose type is not allowed for the section
[ASSERT] Read the upload error, the ""ID Proof"" row and the ""Add to cart"" button
--- SCREEN: optional file ---
[NAV] Open {{FRONT_URL}}@td(CFG_WEDDING_CAKE_CONDITIONAL.url)
[ACT] Choose a real option in ""Creme""
[ACT] Choose a real option in ""Message"" so the optional File ""Image"" is visible
[ACT] Upload @td(CFG_TEST_FILES.validPdf.path) in ""Image""
[ACT] Remove the uploaded file from ""Image""
[ASSERT] Read the ""Image"" row and which radio (None) is checked","[DOM] After the required file is removed the row is red again: ""ID Proof — required"" with ""Upload a file"" {BL} BL-CAT-006
[STATE] ""Add to cart"" is disabled after removal {BL} BL-CAT-006
[DOM] A rejected file type shows an error and leaves the row red and the button disabled {DOC} map cat.cfg.file.rejected-type (unlisted type rejected, Add to cart stays disabled)
[DOM] After the optional file is removed its row returns to ""Image — optional"" with ""Review"" {OBSERVED} 3x SBTM-VCST-6027 charter 1a","[CONSOLE] no TypeError or JS error on the page under test
[NETWORK] no 4xx/5xx on /graphql",Row stays green after the file is removed; row green after a rejected upload; Add to cart enabled after removal; optional row stays done after Remove,none,VCST-6027 · Archetype:LIFECYCLE · Technique:ST · Behavior:cat.cfg.file.rejected-type,Draft
CFG-CHK-017,Configuration checklist — a required child revealed and hidden by its parent adds and removes its red row and flips Add to cart,Configurable Products > PDP > Configuration checklist,Critical,BL-CAT-006,,"[PRE:SIGNIN_AS:USER_DEFAULT]
Storefront at {{FRONT_URL}}. Fixture @td(CFG_WEDDING_CAKE_CONDITIONAL.name) (CFG-023): required Product ""Base"" (root) -> optional ""Creme"" -> optional ""Message"" -> required Text ""Custom text required"" and optional File ""Image"" (both dependent on Message). Cart is not modified.","front={{FRONT_URL}}, product={{FRONT_URL}}@td(CFG_WEDDING_CAKE_CONDITIONAL.url), text_value=@td(CFG_TEXT_INPUTS.customValue)","[NAV] Open {{FRONT_URL}}@td(CFG_WEDDING_CAKE_CONDITIONAL.url)
[WAIT] Page settles; ""Base"" is done
[ASSERT] Baseline: record the rows and the ""Add to cart"" state
[ACT] In ""Creme"" choose a real option
[ASSERT] A ""Message"" row appears
[ACT] In ""Message"" choose a real option
[WAIT] Page settles
[ASSERT] Rows ""Custom text required — required"" (with ""Fill it in"") and the optional ""Image"" row appear; ""Add to cart"" is disabled
[ACT] Click ""Fill it in"" on the just-revealed ""Custom text required"" row
[WAIT] Page settles (UI and network idle)
[ASSERT] The section expands and takes focus (the link of a freshly revealed row works)
[ACT] Type @td(CFG_TEXT_INPUTS.customValue)
[WAIT] Page settles
[ASSERT] The row is done and ""Add to cart"" is enabled
[ACT] Set ""Creme"" to None
[WAIT] Page settles
[ASSERT] Read the rows and ""Add to cart""","[DOM] Revealing ""Message"" adds the required ""Custom text required"" row and the optional ""Image"" row {SPEC} VCST-6027 AC-2
[STATE] ""Add to cart"" is disabled as soon as the required child is revealed and enabled once it is filled {BL} BL-CAT-006
[STATE] Link of a just-revealed row works {OBSERVED} 3x SBTM-VCST-6027 charter 1b
[DOM] After ""Creme"" is set to None the rows for Message, Custom text required and Image are gone {OBSERVED} 3x SBTM-VCST-6027 charter 2
[STATE] After the parent is cleared ""Add to cart"" is enabled again; a hidden required row never blocks purchase {BL} BL-CAT-006","[CONSOLE] no TypeError or JS error on the page under test
[NETWORK] no 4xx/5xx on /graphql",Required child row not added on reveal; button stays enabled with the new red row; hidden child rows linger after the parent is cleared; button stays disabled for a hidden required child,none,VCST-6027 · Archetype:PARITY · Technique:ST · Behavior:cat.cfg.pdp.conditional-reveal,Draft
CFG-CHK-018,"Configuration checklist — optional sections are listed one row each with their own Review link, never grouped",Configurable Products > PDP > Configuration checklist,Medium,,,"[PRE:SIGNIN_AS:USER_DEFAULT]
Storefront at {{FRONT_URL}}. Fixture @td(CFG_WEDDING_CAKE_CONDITIONAL.name) (CFG-023) with several optional sections (""Creme"", ""Message"" and, once Message has a value, ""Image"").","front={{FRONT_URL}}, product={{FRONT_URL}}@td(CFG_WEDDING_CAKE_CONDITIONAL.url)","[NAV] Open {{FRONT_URL}}@td(CFG_WEDDING_CAKE_CONDITIONAL.url)
[ACT] Choose a real option in ""Creme""
[ACT] Choose a real option in ""Message""
[ASSERT] The optional ""Image"" row is visible and unset
[ASSERT] Count the rows whose status is optional and count the ""Review"" links
[ACT] Click the ""Review"" link of the ""Image"" row
[WAIT] Page settles (UI and network idle)
[ASSERT] The ""Image"" section is the one that expands and takes focus
[ACT] Click the ""Review"" link of another optional row
[WAIT] Page settles (UI and network idle)
[ASSERT] That row's own section is the one that expands","[DOM] Each unset optional section has its own row ""<name> — optional"" {SPEC} VCST-6027 AC-3 (NOT grouped)
[DOM] The number of ""Review"" links equals the number of optional rows {SPEC} VCST-6027 AC-3
[DOM] No single row summarises several optional sections (for example ""3 optional options not set"") {SPEC} VCST-6027 AC-3 (the description overrides the stale mockup)
[STATE] Each ""Review"" link opens its own section {SPEC} VCST-6027 AC-3","[CONSOLE] no TypeError or JS error on the page under test
[NETWORK] no 4xx/5xx on /graphql",One grouped optional row; one Review link for several sections; a Review link opens a different section,none,VCST-6027 · Archetype:PARITY · Technique:EP · Behavior:cat.cfg.required-gate.optional-empty,Draft
CFG-CHK-019,Configuration checklist — two sections with the same name keep separate rows and links,Configurable Products > PDP > Configuration checklist,Medium,,,"[PRE:SIGNIN_AS:USER_DEFAULT]
Storefront at {{FRONT_URL}}. Fixture @td(CFG_DUPLABEL.name): TWO sections share the display name ""Finish"" but have different option sets and prices.","front={{FRONT_URL}}, product={{FRONT_URL}}@td(CFG_DUPLABEL.url)","[NAV] Open {{FRONT_URL}}@td(CFG_DUPLABEL.url)
[WAIT] Checklist and accordion rendered
[ASSERT] Count the rows labelled ""Finish"" and the ""Finish"" sections in the accordion
[ACT] Choose an option in the first ""Finish"" section only
[ASSERT] Which row changed state; the second row's state
[ACT] Click the link of the second ""Finish"" row (if it has one)
[WAIT] Page settles (UI and network idle)
[ASSERT] Which accordion section expanded (the second one in accordion order)
[ACT] Choose an option in the second ""Finish"" section
[ASSERT] Both rows now show their own selected option name","[DOM] Two ""Finish"" rows are visible, one per section, although the names are identical {SPEC} VCST-6027 AC-1 (one row per option)
[STATE] Filling one ""Finish"" section changes only its own row {SPEC} VCST-6027 AC-1
[STATE] Each row's link expands its own section and not the same-named one {SPEC} VCST-6027 AC-2
[DOM] Each done ""Finish"" row is visible and shows its own option name {SPEC} VCST-6027 AC-1
[STATE] ""Add to cart"" reflects both sections independently {BL} BL-CAT-006
[STATE] Number of ""Finish"" rows = number of ""Finish"" accordion sections = 2 {SPEC} VCST-6027 AC-1","[CONSOLE] no TypeError or JS error on the page under test
[NETWORK] no 4xx/5xx on /graphql",One merged row for two sections; filling one flips both; link opens the wrong same-named section; both rows show the same option name,none,VCST-6027 · Archetype:PARITY · Technique:EG · Behavior:cat.cfg.pdp,Draft
CFG-CHK-020,Configuration checklist — labels longer than two lines are clamped inside the widget with the full text available,Configurable Products > PDP > Configuration checklist,Medium,BL-UI-004,ECL-8.1,"[PRE:SIGNIN_AS:USER_DEFAULT]
Storefront at {{FRONT_URL}}. Fixture @td(CFG_CHECKLIST_ALLTYPES.name): ""Layers"" options are longer than 90 characters, and one optional File section has a 73-character name. Desktop viewport (at least 1280 px wide).","front={{FRONT_URL}}, product={{FRONT_URL}}@td(CFG_CHECKLIST_ALLTYPES.url)","[NAV] Open {{FRONT_URL}}@td(CFG_CHECKLIST_ALLTYPES.url)
[WAIT] Checklist rendered; Layers shows its auto-selected long option (select one in Layers if it is red)
[ASSERT] For the Layers row and for the long-named optional File row read: the label element's rendered height vs two line heights, its scrollWidth vs clientWidth, the title attribute, and whether the row's link is still fully visible
[ASSERT] Read the checklist container's scrollWidth vs clientWidth and the position of the Add to cart button relative to the checklist (checklist below)","[DOM] Each visible label is clamped to at most two lines {SPEC} VCST-6027 AC-1.1
[DOM] The full label text stays visible through the title attribute (the whole text) {SPEC} VCST-6027 AC-1.1
[STATE] The widget has no horizontal overflow and the row link stays visible {BL} BL-UI-004
[DOM] The checklist renders below the ""Add to cart"" button {SPEC} VCST-6027 mockup
[STATE] Rendered label height <= 2 x line-height for every row {SPEC} VCST-6027 AC-1.1","[CONSOLE] no TypeError or JS error on the page under test
[NETWORK] no 4xx/5xx on /graphql",Label wider than the widget or wrapping past two lines; text cut with no way to read it; horizontal scrollbar in the price block; link pushed out of the row,none,VCST-6027 · Archetype:BOUNDARY · Technique:BVA · Behavior:cat.cfg.pdp,Draft
CFG-CHK-021,"Configuration checklist — on mobile the checklist is shown, links scroll to sections and agree with the sticky Add to cart",Configurable Products > PDP > Configuration checklist,Medium,BL-UI-006,ECL-7.4,"[PRE:SIGNIN_AS:USER_DEFAULT]
Storefront at {{FRONT_URL}}, browser viewport 375x812 (mobile). Fixture @td(CFG_TEXT_DRIVEN_COND.name).","front={{FRONT_URL}}, product={{FRONT_URL}}@td(CFG_TEXT_DRIVEN_COND.url)","[ACT] Resize the viewport to 375x812
[NAV] Open {{FRONT_URL}}@td(CFG_TEXT_DRIVEN_COND.url)
[WAIT] Page settles
[ASSERT] The checklist is present (inside the ""Share & Actions"" widget below the configurator); read the sticky bottom purchase bar state
[ASSERT] Measure the rendered size of the ""Fill it in"" link
[ACT] Tap the ""Fill it in"" link
[ASSERT] The Engraving section expands, scrolls into view and takes focus
[ACT] Type a value into ""Engraving Line 1"" (@td(CFG_TEXT_INPUTS.customValue))
[WAIT] Page settles
[ASSERT] The row is done and the sticky ""Add to cart"" bar is enabled","[DOM] The checklist is visible on mobile with the same rows as desktop {SPEC} VCST-6027 AC-1
[STATE] Tapping a link expands, scrolls to and focuses its section {SPEC} VCST-6027 AC-2
[STATE] The sticky purchase button and the rows agree: disabled while red, enabled when none is red {BL} BL-CAT-006
[DOM] Each visible link target measures at least 24 by 24 CSS px, or is spaced so that the 24 px circle does not overlap neighbours {BL} BL-UI-006 (WCAG 2.5.8 Target Size)
[STATE] Link target width >= 24 and height >= 24 CSS px (or spacing exemption) {BL} BL-UI-006","[CONSOLE] no TypeError or JS error on the page under test
[NETWORK] no 4xx/5xx on /graphql",Checklist missing on mobile; tap on a link does nothing; sticky bar enabled while a row is red; link hit area smaller than 24 px with no spacing,Restore the viewport to 1920x1080,VCST-6027 · Archetype:RENDER · Technique:EP · Behavior:cat.cfg.pdp,Draft
CFG-CHK-022,Configuration checklist — status and links are accessible without colour,Configurable Products > PDP > Configuration checklist,Medium,BL-A11Y-001,ECL-15.1,"[PRE:SIGNIN_AS:USER_DEFAULT]
Storefront at {{FRONT_URL}}. Fixture @td(CFG_FILE_DRIVEN_COND.name). Accessibility tree readable (browser_snapshot) and keyboard available.","front={{FRONT_URL}}, product={{FRONT_URL}}@td(CFG_FILE_DRIVEN_COND.url), upload=@td(CFG_TEST_FILES.validPdf.path)","[NAV] Open {{FRONT_URL}}@td(CFG_FILE_DRIVEN_COND.url)
[ASSERT] Take an accessibility snapshot of the checklist: the list name, each row's text and each link's accessible name and description
[ACT] Using only the keyboard (Tab) move to the ""Upload a file"" link
[ASSERT] The link shows a visible focus indicator
[ACT] Press Enter
[ASSERT] The target section expands and the focus indicator is visible on the focused element
[ACT] Upload @td(CFG_TEST_FILES.validPdf.path) so the row becomes done
[ASSERT] Read the done row's accessible text","[DOM] The list has an accessible name ""Configuration checklist"" {SPEC} VCST-6027 (aria-label on the list)
[DOM] Status is conveyed by text, not colour alone: ""— required"", ""— optional"" and a ""(completed)"" label for done rows {BL} BL-A11Y-001
[DOM] Each link's accessible description references its row label so the section is identifiable {OBSERVED} 3x SBTM-VCST-6027 (aria-describedby)
[STATE] Links are reachable and operable by keyboard with a visible focus indicator {BL} BL-A11Y-002
[STATE] After navigation the focused element has a visible focus indicator {BL} BL-A11Y-002","[CONSOLE] no TypeError or JS error on the page under test
[NETWORK] no 4xx/5xx on /graphql",Status shown by colour only; link accessible name is only 'Upload a file' with no way to know which section; no visible focus; link not reachable by Tab,none,VCST-6027 · Archetype:RENDER · Technique:EG · Behavior:cat.cfg.pdp,Draft
CFG-CHK-023,Configuration checklist — absent on a non-configurable product and price block unchanged,Configurable Products > PDP > Configuration checklist,Medium,BL-UI-003,,"[PRE:SIGNIN_AS:USER_DEFAULT]
Storefront at {{FRONT_URL}}. A simple product (@td(PROD_DEFAULT.sku)) and a variations product (@td(PROD_CMP_VARIATIONS.name)) exist; neither is configurable.","front={{FRONT_URL}}, simple_sku=@td(PROD_DEFAULT.sku), variations={{FRONT_URL}}@td(PROD_CMP_VARIATIONS.url)","[NAV] Search the storefront for @td(PROD_DEFAULT.sku)
[ACT] Open the product from the results
[WAIT] Price and delivery block rendered
[ASSERT] Look for data-test-id configuration-checklist; read the block's children: price, stock, ""Add to cart""
[NAV] Open {{FRONT_URL}}@td(PROD_CMP_VARIATIONS.url)
[WAIT] Price and delivery block rendered
[ASSERT] Look for data-test-id configuration-checklist; read the block's children and the vertical gap between them","[DOM] No checklist element, empty bordered box or ""Configuration checklist"" list exists on a non-configurable PDP {SPEC} VCST-6027 (checklist is shown when customizing)
[DOM] No checklist element is present on a variations product {SPEC} VCST-6027
[STATE] Price, stock and ""Add to cart"" are present and in their usual order, no extra spacing added {BL} BL-UI-003
[STATE] ""Add to cart"" is enabled on both products {BL} BL-CAT-006
[STATE] Number of elements with data-test-id configuration-checklist = 0 on both pages {SPEC} VCST-6027","[CONSOLE] no TypeError or JS error on the page under test
[NETWORK] no 4xx/5xx on /graphql",Empty checklist box on a simple product; checklist on a variations product; extra margin above the price block,none,VCST-6027 · Archetype:CONFIG · Technique:EP · Behavior:cat.cfg.pdp,Draft
CFG-CHK-024,Configuration checklist — strings are translated in a non-English locale,Configurable Products > PDP > Configuration checklist,Low,,,"[PRE:SIGNIN_AS:USER_DEFAULT]
Storefront at {{FRONT_URL}}, language switchable to German. Fixture @td(CFG_TEXT_DRIVEN_COND.name).","front={{FRONT_URL}}, product={{FRONT_URL}}@td(CFG_TEXT_DRIVEN_COND.url), text_value=@td(CFG_TEXT_INPUTS.customValue)","[NAV] Open {{FRONT_URL}}@td(CFG_TEXT_DRIVEN_COND.url)
[ACT] Switch the storefront language to German (Deutsch)
[WAIT] Page reloads in German
[ASSERT] Read the checklist's accessible name, the red Engraving row text and its link, then the optional rows' text and link
[ACT] Type @td(CFG_TEXT_INPUTS.customValue) into the Engraving input
[ASSERT] Read the done row's screen-reader suffix
[ASSERT] Look for any visible text starting with ""shared.catalog"" or any English checklist string","[DOM] The list is named ""Konfigurations-Checkliste"" {OBSERVED} 3x SBTM-VCST-6027 (locales/de.json)
[DOM] Rows read ""<name> — erforderlich"" / ""<name> — optional""; links read ""Ausfüllen"" and ""Überprüfen""; done suffix ""(abgeschlossen)"" {OBSERVED} 3x SBTM-VCST-6027 (locales/de.json)
[DOM] No raw i18n key and no English checklist string is visible {SPEC} PR #2527 (13 locales)","[CONSOLE] no TypeError or JS error on the page under test
[NETWORK] no 4xx/5xx on /graphql",Raw i18n key shown; English text in the German storefront; label with a literal {name} placeholder,Switch the storefront language back to English,VCST-6027 · Archetype:MONEY · Technique:EP · Behavior:cat.cfg.pdp,Draft
CFG-CHK-025,Configuration checklist — navigating between configurable products shows the new product sections only,Configurable Products > PDP > Configuration checklist,High,BL-CAT-006,ECL-7.3,"[PRE:SIGNIN_AS:USER_DEFAULT]
Storefront at {{FRONT_URL}}. Fixtures @td(CFG_TEXT_DRIVEN_COND.name) (A) and @td(CFG_FILE_DRIVEN_COND.name) (B), reachable by in-app navigation (search results or catalog listing links), not by typing the URL.","front={{FRONT_URL}}, a={{FRONT_URL}}@td(CFG_TEXT_DRIVEN_COND.url), b={{FRONT_URL}}@td(CFG_FILE_DRIVEN_COND.url), text_value=@td(CFG_TEXT_INPUTS.customValue)","[NAV] Open {{FRONT_URL}}@td(CFG_TEXT_DRIVEN_COND.url)
[ACT] Type @td(CFG_TEXT_INPUTS.customValue) into ""Engraving Line 1""
[ACT] Expand another section by clicking its header
[ACT] Search @td(CFG_FILE_DRIVEN_COND.name) in the header search (no URL typing)
[ACT] Click the matching result (client-side navigation, no full reload)
[WAIT] Checklist and accordion rendered for the new product
[ASSERT] Row names, accordion sections and which section is expanded
[ACT] Use the browser Back button to return to the first product
[WAIT] Checklist rendered
[ASSERT] Row names and states for the first product","[DOM] After the in-app hop the rows are exactly the second product's sections (""Design Upload"", ...), none of the first product's {SPEC} VCST-6027 AC-1 (rows = this product's options)
[STATE] Collapse state and typed values are not carried over to the second product {BL} BL-CAT-006
[DOM] After Back the first product shows its own initial state, not the second product's rows {SPEC} VCST-6027 AC-1
[STATE] ""Add to cart"" matches the visible rows on each page {BL} BL-CAT-006","[CONSOLE] no TypeError or JS error on the page under test
[NETWORK] no 4xx/5xx on /graphql",First product's rows shown on the second PDP; row from the previous product persists; collapse state carried over; button state from the previous product,none,VCST-6027 · Archetype:STALE · Technique:EG · Behavior:cat.cfg.pdp,Draft
CFG-CHK-026,Configuration checklist — other product actions are consistent with the checklist while a section is required,Configurable Products > PDP > Configuration checklist,Low,BL-CAT-006,,"[PRE:SIGNIN_AS:USER_DEFAULT]
Storefront at {{FRONT_URL}}, signed in as {{USER_EMAIL}}. Fixture @td(CFG_REQUIRED_FILE_CHILD.name) with the required ""ID Proof"" empty (red row). Case performs no write: no list item, no cart line is created.","front={{FRONT_URL}}, product={{FRONT_URL}}@td(CFG_REQUIRED_FILE_CHILD.url), user={{USER_EMAIL}}","[NAV] Open {{FRONT_URL}}@td(CFG_REQUIRED_FILE_CHILD.url)
[ACT] If ""Service Plan"" is red, choose any option so that ""ID Proof"" is visible
[WAIT] Page settles
[ASSERT] Read the red row and the ""Add to cart"" button
[ASSERT] Read the enabled/disabled state of every other product action in the block (Add to list, Compare, Share, Print) without activating Add to list
[ASSERT] Read the console for errors while hovering and focusing each of those actions","[STATE] ""Add to cart"" is disabled and a red row names the missing required section {BL} BL-CAT-006
[STATE] The checklist is the only explanation for the disabled state: no second blocking message other than the section's own prompt {SPEC} VCST-6027 statement
[STATE] No JS error while the other actions are hovered or focused {BL} BL-CAT-006
[DOM] The other actions' states are recorded for the PO; the ticket says ""or any other btn"" without defining it {HYPOTHESIS} PO to define; not a pass/fail on the action states","[CONSOLE] no TypeError or JS error on the page under test
[NETWORK] no 4xx/5xx on /graphql",JS error on hover or focus of another action; Add to cart enabled while ID Proof is red,none,VCST-6027 · Archetype:PARITY · Technique:EG · Behavior:cat.cfg.required-gate.one-missing,Draft
CFG-CHK-027,Configuration checklist — once every row is green the purchase button enables within 2 seconds (new and edit mode),Configurable Products > PDP > Configuration checklist,High,BL-CAT-006,ECL-7.3,"[PRE:SIGNIN_AS:USER_DEFAULT]
[PRE:RESET_CART]
Storefront at {{FRONT_URL}}, signed in as {{USER_EMAIL}}, cart empty. Fixtures @td(CFG_WEDDING_CAKE_CONDITIONAL.name) (new mode) and @td(CFG_TEXT_DRIVEN_COND.name) (edit mode, line created in step 7 and removed in Cleanup).","front={{FRONT_URL}}, new={{FRONT_URL}}@td(CFG_WEDDING_CAKE_CONDITIONAL.url), edit={{FRONT_URL}}@td(CFG_TEXT_DRIVEN_COND.url), user={{USER_EMAIL}}, text_value=@td(CFG_TEXT_INPUTS.customValue)","--- SCREEN: new mode ---
[NAV] Open {{FRONT_URL}}@td(CFG_WEDDING_CAKE_CONDITIONAL.url)
[ACT] Run an in-page evaluate step that installs a MutationObserver recording performance.now() for two events: the last red checklist row turns done, the ""Add to cart"" button loses its disabled attribute (timing is taken in the page, never from agent snapshots, whose round-trips take 1-2 s)
[WAIT] Page settles (UI and network idle)
[ACT] Choose a real option in ""Creme""
[ACT] Choose a real option in ""Message"" so ""Custom text required"" appears
[ACT] Type @td(CFG_TEXT_INPUTS.customValue) into ""Custom text required"" (the last red row)
[WAIT] Up to 20 s for the button to become enabled
[ASSERT] Read the two in-page timestamps and compute the delay (button enabled minus last red row done)
[ACT] Make one more forward edit that keeps every required row done (choose another option in ""Creme"")
[WAIT] Up to 20 s
[ASSERT] Read the in-page timestamps again and compute the delay
--- SCREEN: edit mode ---
[NAV] Open {{FRONT_URL}}@td(CFG_TEXT_DRIVEN_COND.url)
[ACT] Type @td(CFG_TEXT_INPUTS.customValue) into ""Engraving Line 1""
[ACT] Click ""Add to cart"" (creates the cart line, the URL gains lineItemId)
[WAIT] Page settles (UI and network idle)
[ACT] Clear the Engraving text
[ACT] Install the in-page MutationObserver again (evaluate step)
[ACT] Type @td(CFG_TEXT_INPUTS.customValue) into ""Engraving Line 1"" again
[WAIT] Up to 20 s for ""Update cart"" to become enabled
[ASSERT] Read the in-page timestamps and compute the delay between the row turning done and ""Update cart"" becoming enabled
[NAV] Open the cart
[ACT] Delete the configured line from the cart","[STATE] ""Add to cart"" is enabled once the last red row turns green, in new mode {SPEC} VCST-6027 statement; the 2 s bound is a QA tolerance {HYPOTHESIS - PO to ratify}
[STATE] The same holds after a further forward edit: the button follows the last red row turning green {SPEC} VCST-6027 statement; 2 s tolerance {HYPOTHESIS - PO to ratify}
[STATE] ""Update cart"" is enabled once the last red row turns green, in edit mode {SPEC} VCST-6027 statement; 2 s tolerance {HYPOTHESIS - PO to ratify}
[STATE] In-page delay (button enabled minus last red row done) <= 2 s in new mode, after a further edit and in edit mode {HYPOTHESIS} QA tolerance, PO to ratify
[STATE] The button never stays disabled while every row is done and optional {BL} BL-CAT-006","[CONSOLE] no TypeError or JS error on the page under test
[NETWORK] no 4xx/5xx on /graphql",All rows green while the button stays disabled beyond the 2 s QA tolerance (button lags the rows by seconds); lag grows after repeated edits; edit-mode Update cart lags the rows,Open the cart and delete the configured line created by this case; confirm the cart is empty,VCST-6027 · Archetype:RACE · Technique:ST · Behavior:cat.cfg.required-gate.all-filled,Draft
CFG-CHK-028,Configuration checklist — a whitespace-only required parent text does not reveal its dependent section,Configurable Products > PDP > Configuration checklist,Medium,BL-CAT-006,ECL-7.2,"[PRE:SIGNIN_AS:USER_DEFAULT]
Storefront at {{FRONT_URL}}. Fixture @td(CFG_TEXT_DRIVEN_COND.name): REQUIRED Text ""Engraving Line 1"" is the parent of the optional Product ""Style Pack"".","front={{FRONT_URL}}, product={{FRONT_URL}}@td(CFG_TEXT_DRIVEN_COND.url), text_value=@td(CFG_TEXT_INPUTS.customValue)","[NAV] Open {{FRONT_URL}}@td(CFG_TEXT_DRIVEN_COND.url)
[ASSERT] Baseline: no ""Style Pack"" section and no ""Style Pack"" row
[ACT] Type three spaces into ""Engraving Line 1""
[WAIT] Page settles
[ASSERT] Read the Engraving row, the accordion sections, the checklist rows and ""Add to cart""
[ACT] Replace the spaces with @td(CFG_TEXT_INPUTS.customValue)
[ASSERT] ""Style Pack"" now appears in the accordion and in the checklist
[ACT] Clear the input
[ASSERT] ""Style Pack"" disappears from both again","[STATE] With only whitespace in the parent Text the dependent ""Style Pack"" section and row stay hidden {HYPOTHESIS} blank is not a selection; ticket and BL-CAT-006 silent, PO to confirm
[DOM] The Engraving row stays red (""Engraving Line 1 — required"") and ""Add to cart"" stays disabled {BL} BL-CAT-006
[DOM] A real value reveals ""Style Pack"" in both accordion and checklist {SPEC} VCST-6027 AC-2
[STATE] Clearing the parent hides both again {SPEC} VCST-6027 AC-2","[CONSOLE] no TypeError or JS error on the page under test
[NETWORK] no 4xx/5xx on /graphql",Style Pack revealed by whitespace-only text; checklist row visible for a section the accordion does not show; row stays after the parent is cleared,none,VCST-6027 · Archetype:BOUNDARY · Technique:BVA · Behavior:cat.cfg.pdp.conditional-reveal,Draft
