ID,Title,Section,Priority,Business_Rule,Edge_Case_Refs,Preconditions,Test_Data,Steps,Assertions,Cross_Layer_Checks,Failure_Signals,Cleanup,References,Automation_Status
WISH-001,createWishlist — Happy Path,GraphQL > Wishlist > Management,Critical,BL-GQL-001; BL-GQL-004,ECL-10.2; ECL-2.1,Runner-native. ORG_USER authenticated (ORG_USER_EMAIL from .env). Creates a wishlist with unique name then deletes it in the final step (inline cleanup).,list_name=AGENT-TEST-WL-001-{{RUN_ID}},"[AUTH role=ORG_USER]
[GQL-OP setup_me]
  query { me { id } }
[GQL-EXEC setup_me]
[GQL-CAPTURE setup_me.data.me.id → USER_ID]
[GQL-OP create_list]
  mutation {
    createWishlist(command: {
      storeId: ""{{STORE_ID}}""
      userId: ""{{USER_ID}}""
      listName: ""AGENT-TEST-WL-001""
    }) {
      id name itemsCount
    }
  }
[GQL-EXEC create_list]
[GQL-CAPTURE create_list.data.createWishlist.id → LIST_ID]
[GQL-OP cleanup_remove]
  mutation { removeWishlist(command: { listId: ""{{LIST_ID}}"" }) }
[GQL-EXEC cleanup_remove]","[ERRORS label=setup_me] errors[] empty
[DATA label=setup_me] data.me.id is non-null
[ERRORS label=create_list] errors[] empty
[DATA label=create_list] data.createWishlist.id is non-empty GUID
[DATA label=create_list] data.createWishlist.name = AGENT-TEST-WL-001
[COUNT label=create_list] data.createWishlist.itemsCount = 0
[ERRORS label=cleanup_remove] errors[] empty",[ROUNDTRIP label=create_list] re-query wishlist(listId: {{LIST_ID}}) before cleanup to verify persistence (runner-manual),errors[] non-empty; createWishlist returns null id; name mismatch; itemsCount != 0 for empty list,none — cleanup mutation inline at end of Steps,VCST-21; xAPI; graphql-schema.md — Mutation.createWishlist WishlistType,Automated
WISH-002,createWishlist — With Description,GraphQL > Wishlist > Management,High,BL-GQL-001; BL-GQL-004,ECL-10.2,Runner-native. ORG_USER authenticated. Note: sharingKey is platform-generated (not user-settable) and requires scope=AnyoneAnonymous — this case focuses on description only.,description=Test wishlist with description,"[AUTH role=ORG_USER]
[GQL-OP setup_me]
  query { me { id } }
[GQL-EXEC setup_me]
[GQL-CAPTURE setup_me.data.me.id → USER_ID]
[GQL-OP create_list]
  mutation {
    createWishlist(command: {
      storeId: ""{{STORE_ID}}""
      userId: ""{{USER_ID}}""
      listName: ""AGENT-TEST-WL-002""
      description: ""Test wishlist with description""
    }) {
      id name description
    }
  }
[GQL-EXEC create_list]
[GQL-CAPTURE create_list.data.createWishlist.id → LIST_ID]
[GQL-OP cleanup_remove]
  mutation { removeWishlist(command: { listId: ""{{LIST_ID}}"" }) }
[GQL-EXEC cleanup_remove]","[ERRORS label=create_list] errors[] empty
[DATA label=create_list] data.createWishlist.id is non-empty GUID
[DATA label=create_list] data.createWishlist.name = AGENT-TEST-WL-002
[DATA label=create_list] data.createWishlist.description = Test wishlist with description
[ERRORS label=cleanup_remove] errors[] empty",[ROUNDTRIP label=create_list] query wishlist(listId) { description } → matches (runner-manual),errors[] non-empty; description missing or truncated; id null,none — inline cleanup,VCST-21; xAPI; graphql-schema.md — Mutation.createWishlist,Automated
WISH-003,changeWishlist — Rename List,GraphQL > Wishlist > Management,High,BL-GQL-001; BL-GQL-004,ECL-10.2,Runner-native. ORG_USER creates a list then renames it via changeWishlist.,new_name=AGENT-TEST-WL-003-RENAMED,"[AUTH role=ORG_USER]
[GQL-OP setup_me]
  query { me { id } }
[GQL-EXEC setup_me]
[GQL-CAPTURE setup_me.data.me.id → USER_ID]
[GQL-OP create_list]
  mutation {
    createWishlist(command: {
      storeId: ""{{STORE_ID}}""
      userId: ""{{USER_ID}}""
      listName: ""AGENT-TEST-WL-003""
    }) { id }
  }
[GQL-EXEC create_list]
[GQL-CAPTURE create_list.data.createWishlist.id → LIST_ID]
[GQL-OP rename]
  mutation {
    changeWishlist(command: {
      listId: ""{{LIST_ID}}""
      listName: ""AGENT-TEST-WL-003-RENAMED""
    }) { id name }
  }
[GQL-EXEC rename]
[GQL-OP verify]
  query { wishlist(listId: ""{{LIST_ID}}"") { id name } }
[GQL-EXEC verify]
[GQL-OP cleanup_remove]
  mutation { removeWishlist(command: { listId: ""{{LIST_ID}}"" }) }
[GQL-EXEC cleanup_remove]","[ERRORS label=rename] errors[] empty
[DATA label=rename] data.changeWishlist.name = AGENT-TEST-WL-003-RENAMED
[ERRORS label=verify] errors[] empty
[DATA label=verify] data.wishlist.name = AGENT-TEST-WL-003-RENAMED
[ERRORS label=cleanup_remove] errors[] empty",[ROUNDTRIP label=verify] confirms rename persisted across mutation boundary,errors[] non-empty; name not updated; changeWishlist returns old name; verify query shows stale data,none — inline cleanup,VCST-21; xAPI; graphql-schema.md — Mutation.changeWishlist,Automated
WISH-004,cloneWishlist — Verify Items Copied,GraphQL > Wishlist > Management,High,BL-GQL-001; BL-GQL-004,ECL-10.2; ECL-2.1,"Runner-native. Captures real product GUID, creates source wishlist with 1 item, then clones it. KNOWN BUG (verified 2026-03-30, RE-VERIFIED 2026-05-21): cloneWishlist injects phantom product 5a78d778-XXXX into every clone, itemsCount=2 instead of 1. Test contract is intentionally relaxed: asserts source preservation + source product in clone; logs clone itemsCount for tracking. TODO-JIRA: No JIRA ticket exists for this bug as of 2026-05-21 — file as P2/P3 when reproduced on regression (xAPI cloneWishlist phantom-product injection). Once filed, replace this note with the VCST-XXXX id and remove relaxed-assertion comments.",—,"[AUTH role=ORG_USER]
[GQL-OP setup_me]
  query { me { id } }
[GQL-EXEC setup_me]
[GQL-CAPTURE setup_me.data.me.id → USER_ID]
[GQL-OP setup_prod]
  query { products(storeId: ""{{STORE_ID}}"" first: 1 filter: ""code:@td(BUYABLE_NO_MIN_QTY.code)"") { items { id } } }
[GQL-EXEC setup_prod]
[GQL-CAPTURE setup_prod.data.products.items.0.id → PRODUCT_ID]
[GQL-OP create_src]
  mutation {
    createWishlist(command: { storeId: ""{{STORE_ID}}"" userId: ""{{USER_ID}}"" listName: ""AGENT-TEST-WL-004-SRC"" }) { id }
  }
[GQL-EXEC create_src]
[GQL-CAPTURE create_src.data.createWishlist.id → SRC_LIST_ID]
[GQL-OP add_item]
  mutation {
    addWishlistItem(command: { listId: ""{{SRC_LIST_ID}}"" productId: ""{{PRODUCT_ID}}"" quantity: 1 }) { id itemsCount }
  }
[GQL-EXEC add_item]
[GQL-OP clone]
  mutation {
    cloneWishlist(command: {
      storeId: ""{{STORE_ID}}""
      userId: ""{{USER_ID}}""
      listId: ""{{SRC_LIST_ID}}""
      listName: ""AGENT-TEST-WL-004-CLONE""
    }) { id name itemsCount items { productId quantity } }
  }
[GQL-EXEC clone]
[GQL-CAPTURE clone.data.cloneWishlist.id → CLONE_LIST_ID]
[GQL-OP verify_src]
  query { wishlist(listId: ""{{SRC_LIST_ID}}"") { itemsCount items { productId } } }
[GQL-EXEC verify_src]
[GQL-OP cleanup_clone]
  mutation { removeWishlist(command: { listId: ""{{CLONE_LIST_ID}}"" }) }
[GQL-EXEC cleanup_clone]
[GQL-OP cleanup_src]
  mutation { removeWishlist(command: { listId: ""{{SRC_LIST_ID}}"" }) }
[GQL-EXEC cleanup_src]","[ERRORS label=add_item] errors[] empty
[COUNT label=add_item] data.addWishlistItem.itemsCount = 1
[ERRORS label=clone] errors[] empty
[DATA label=clone] data.cloneWishlist.id is non-empty GUID
[DATA label=clone] data.cloneWishlist.name = AGENT-TEST-WL-004-CLONE
[COUNT label=clone] data.cloneWishlist.itemsCount >= 1
[ERRORS label=verify_src] errors[] empty
[COUNT label=verify_src] data.wishlist.itemsCount = 1","[EVIDENCE] data.cloneWishlist.itemsCount: expected 1, KNOWN BUG yields 2 (phantom product 5a78d778 'MAMMOET SHOT GLASS BOSTON SHOT 2.5CL BOX'). Review evidence JSON.
[ROUNDTRIP label=verify_src] source list unchanged after clone",errors[] non-empty; source list destroyed by clone; clone has 0 items; source product missing from clone,none — inline cleanup,VCST-21; xAPI; graphql-schema.md — Mutation.cloneWishlist; KNOWN BUG: phantom-product 5a78d778-XXXX injection (no JIRA ticket as of 2026-05-21 — file when seen on regression); demoted to Semi-Automated to prevent false-green until JIRA filed,Semi-Automated
WISH-005,removeWishlist — Verify Deleted,GraphQL > Wishlist > Management,Critical,BL-GQL-001; BL-GQL-004,ECL-10.2,"Runner-native. Creates wishlist, removes it, verifies subsequent query returns null.",—,"[AUTH role=ORG_USER]
[GQL-OP setup_me]
  query { me { id } }
[GQL-EXEC setup_me]
[GQL-CAPTURE setup_me.data.me.id → USER_ID]
[GQL-OP create_list]
  mutation {
    createWishlist(command: { storeId: ""{{STORE_ID}}"" userId: ""{{USER_ID}}"" listName: ""AGENT-TEST-WL-005"" }) { id }
  }
[GQL-EXEC create_list]
[GQL-CAPTURE create_list.data.createWishlist.id → LIST_ID]
[GQL-OP remove_list]
  mutation { removeWishlist(command: { listId: ""{{LIST_ID}}"" }) }
[GQL-EXEC remove_list]
[GQL-OP verify_gone]
  query { wishlist(listId: ""{{LIST_ID}}"") { id name } }
[GQL-EXEC verify_gone]","[ERRORS label=remove_list] errors[] empty
[DATA label=remove_list] data.removeWishlist = true
[DATA label=verify_gone] data.wishlist is null","[EVIDENCE] removeWishlist returns Boolean (no sub-selection allowed — {id} on Boolean would be DV-010)
[ROUNDTRIP label=verify_gone] list no longer queryable post-remove",errors[] non-empty on remove; removeWishlist returns false; list still queryable after delete,none — list already deleted,VCST-21; xAPI; graphql-schema.md — Mutation.removeWishlist,Automated
WISH-006,removeWishlist — Non-Existent ID Returns False Or Error,GraphQL > Wishlist > Management,Medium,BL-GQL-001,ECL-10.2; ECL-10.2,"Runner-native. Attempts to remove a zero-GUID wishlist. Server should return structured result (false or error — either is acceptable), no 500 or crash.",zero_guid=00000000-0000-0000-0000-000000000000,"[AUTH role=ORG_USER]
[GQL-OP remove_bogus]
  mutation { removeWishlist(command: { listId: ""00000000-0000-0000-0000-000000000000"" }) }
[GQL-EXEC remove_bogus]","[ERRORS label=remove_bogus] errors[] empty
[DATA label=remove_bogus] data.removeWishlist = false",[EVIDENCE] A non-existent listId must be reported as a failed removal (data.removeWishlist = false) or as a structured not-found in errors[]. Reporting success is neither. No HTTP 500 or stack trace in the response.,HTTP 500; unhandled exception; stack trace leaks in errors[].message; server crash,none,xAPI; graphql-schema.md — Mutation.removeWishlist error contract,Automated
WISH-007,wishlist Query — Get by listId,GraphQL > Wishlist > Queries,Critical,BL-GQL-001; BL-GQL-004,ECL-10.2; ECL-2.1,"Runner-native. Captures real product GUID, creates wishlist + adds 1 item, then queries back to verify all fields resolve.",—,"[AUTH role=ORG_USER]
[GQL-OP setup_me]
  query { me { id } }
[GQL-EXEC setup_me]
[GQL-CAPTURE setup_me.data.me.id → USER_ID]
[GQL-OP setup_prod]
  query { products(storeId: ""{{STORE_ID}}"" first: 1 filter: ""code:@td(BUYABLE_NO_MIN_QTY.code)"") { items { id } } }
[GQL-EXEC setup_prod]
[GQL-CAPTURE setup_prod.data.products.items.0.id → PRODUCT_ID]
[GQL-OP create_list]
  mutation { createWishlist(command: { storeId: ""{{STORE_ID}}"" userId: ""{{USER_ID}}"" listName: ""AGENT-TEST-WL-007"" }) { id } }
[GQL-EXEC create_list]
[GQL-CAPTURE create_list.data.createWishlist.id → LIST_ID]
[GQL-OP add_item]
  mutation { addWishlistItem(command: { listId: ""{{LIST_ID}}"" productId: ""{{PRODUCT_ID}}"" quantity: 2 }) { id itemsCount } }
[GQL-EXEC add_item]
[GQL-OP query_list]
  query {
    wishlist(listId: ""{{LIST_ID}}"") {
      id name itemsCount
      items { id productId quantity }
    }
  }
[GQL-EXEC query_list]
[GQL-OP cleanup_remove]
  mutation { removeWishlist(command: { listId: ""{{LIST_ID}}"" }) }
[GQL-EXEC cleanup_remove]","[ERRORS label=query_list] errors[] empty
[DATA label=query_list] data.wishlist.id = {{LIST_ID}}
[DATA label=query_list] data.wishlist.name = AGENT-TEST-WL-007
[COUNT label=query_list] data.wishlist.itemsCount = 1
[DATA label=query_list] data.wishlist.items.0.productId is non-null
[COUNT label=query_list] data.wishlist.items.0.quantity = 2",[ROUNDTRIP label=query_list] re-execute same query → identical response,errors[] non-empty; wishlist null; itemsCount mismatch; quantity wrong,none — inline cleanup,VCST-3228; VCST-21; xAPI; graphql-schema.md — Query.wishlist WishlistType,Automated
WISH-008,wishlists Query — List with Pagination,GraphQL > Wishlist > Queries,High,BL-GQL-001; BL-GQL-004,ECL-10.2; ECL-2.1,Runner-native. Queries user's wishlists with first=5 pagination. Asserts structural invariants — totalCount may be 0 if none exist (acceptable).,first=5,"[AUTH role=ORG_USER]
[GQL-OP setup_me]
  query { me { id } }
[GQL-EXEC setup_me]
[GQL-CAPTURE setup_me.data.me.id → USER_ID]
[GQL-OP list_wl]
  query {
    wishlists(storeId: ""{{STORE_ID}}"" userId: ""{{USER_ID}}"" first: 5) {
      totalCount
      items { id name itemsCount }
    }
  }
[GQL-EXEC list_wl]","[ERRORS label=list_wl] errors[] empty
[DATA label=list_wl] data.wishlists is non-null
[COUNT label=list_wl] data.wishlists.totalCount >= 0
[DATA label=list_wl] data.wishlists.items is non-null",[ROUNDTRIP label=list_wl] query is deterministic — re-execution returns same totalCount (runner-manual),errors[] non-empty; totalCount negative or missing; items array null,none — read-only,VCST-3228; VCST-21; xAPI; graphql-schema.md — Query.wishlists,Automated
WISH-009,sharedWishlist Query — Public Access via Platform-Generated Key,GraphQL > Wishlist > Queries,High,BL-GQL-001; BL-GQL-004,ECL-10.2,Not runner-automatable — requires navigating storefront UI ({{FRONT_URL}}/account/lists) to obtain platform-generated <SHARING_KEY> UUID. sharingKey is NOT user-settable via API (custom strings silently ignored — only scope=AnyoneAnonymous triggers platform generation). Kept as Manual until runner gains UI-step primitive.,—,"[NAV] {{FRONT_URL}}/account/lists
[ACT] click 'Create list' (`[data-test-id=""create-wishlist-button""]`)
[WAIT] create-list form visible (name and description only — the create dialog has no visibility control; a new list starts Private)
[ACT] enter a list name
[ACT] click 'Create list'
[WAIT] list created and appears in My Lists
[ACT] open the new list's kebab menu (`[data-test-id=""wishlist-card-menu-button""]`)
[WAIT] the card menu lists Rename / Share / Remove list
[ACT] click 'Share' (`[data-test-id=""wishlist-card-share-menu-item""]`)
[WAIT] the Share dialog is visible
[ACT] select the 'Anyone with link' tab (`[data-test-id=""wishlist-sharing-scope-AnyoneAnonymous""]`)
[ACT] click 'Share' (`[data-test-id=""wishlist-sharing-save-button""]`)
[WAIT] the Share dialog shows a 'Link' field with the public link
[ASSERT] public link contains a platform-generated UUID segment
[ACT] copy the UUID segment from the 'Link' field shown in the share dialog
[NAV] {{BACK_URL}}/ui/graphiql
[GQL] execute query { sharedWishlist(sharingKey: ""<copied UUID>"") { id name items { productId } } } — no Authorization header set
[READ] response payload","[DOM] share dialog exposes a public link containing a UUID segment {DOC}
[DATA] sharedWishlist(sharingKey: <copied UUID>) resolves to the created list's id/name/items with no Authorization header required {DOC}
[ERRORS] errors[] is empty on the anonymous sharedWishlist query {BL}","[API] sharedWishlist query response errors[] is empty
[CONSOLE] no uncaught JS errors during storefront share flow",sharedWishlist returns null for the platform-generated key; errors[] non-empty on the anonymous query; scope resolves to Organization instead of AnyoneAnonymous; authentication required on a query that should be public,Delete the created wishlist via storefront UI (or removeWishlist mutation once authenticated); discard the copied sharing key — none persisted beyond the session,VCST-3772; VCST-21; xAPI; graphql-schema.md — Query.sharedWishlist; Synced: lifecycle lists/SFL (2026-08-05) Corrected: VCST-5707 (2026-09-29) — Steps only: the create-dialog visibility control was removed (PR vc-frontend #2476); Anyone-with-link is now the Share dialog tab. Stays Manual. Assertions untouched.,Manual
WISH-010,addWishlistItem — Single Item,GraphQL > Wishlist > Items,Critical,BL-GQL-001; BL-GQL-004,ECL-10.2; ECL-2.1,"Runner-native. Captures a real product GUID from products query (B2B virtual catalog fc596540...), creates wishlist, adds one item, verifies itemsCount increments and product matches.",—,"[AUTH role=ORG_USER]
[GQL-OP setup_me]
  query { me { id } }
[GQL-EXEC setup_me]
[GQL-CAPTURE setup_me.data.me.id → USER_ID]
[GQL-OP setup_prod]
  query {
    products(storeId: ""{{STORE_ID}}"" first: 1 filter: ""code:@td(BUYABLE_NO_MIN_QTY.code)"") {
      items { id }
    }
  }
[GQL-EXEC setup_prod]
[GQL-CAPTURE setup_prod.data.products.items.0.id → PRODUCT_ID]
[GQL-OP create_list]
  mutation { createWishlist(command: { storeId: ""{{STORE_ID}}"" userId: ""{{USER_ID}}"" listName: ""AGENT-TEST-WL-010"" }) { id } }
[GQL-EXEC create_list]
[GQL-CAPTURE create_list.data.createWishlist.id → LIST_ID]
[GQL-OP add_item]
  mutation {
    addWishlistItem(command: { listId: ""{{LIST_ID}}"" productId: ""{{PRODUCT_ID}}"" quantity: 1 }) {
      id itemsCount items { id productId quantity }
    }
  }
[GQL-EXEC add_item]
[GQL-OP cleanup_remove]
  mutation { removeWishlist(command: { listId: ""{{LIST_ID}}"" }) }
[GQL-EXEC cleanup_remove]","[ERRORS label=setup_prod] errors[] empty
[DATA label=setup_prod] data.products.items.0.id is non-null
[ERRORS label=add_item] errors[] empty
[COUNT label=add_item] data.addWishlistItem.itemsCount = 1
[DATA label=add_item] data.addWishlistItem.items.0.productId = {{PRODUCT_ID}}
[COUNT label=add_item] data.addWishlistItem.items.0.quantity = 1
[DATA label=add_item] data.addWishlistItem.items.0.id is non-null",[ROUNDTRIP label=add_item] query wishlist(listId) → items[0] matches addWishlistItem response,errors[] non-empty; itemsCount not incremented; items[] empty; productId or quantity mismatch,none — inline cleanup,VCST-21; xAPI; graphql-schema.md — Mutation.addWishlistItem,Automated
WISH-011,addWishlistItems — Multiple Items in One Call,GraphQL > Wishlist > Items,High,BL-GQL-001; BL-GQL-004,ECL-10.2; ECL-2.1,"Runner-native. Captures 2 real product GUIDs from products query, bulk-adds both.",—,"[AUTH role=ORG_USER]
[GQL-OP setup_me]
  query { me { id } }
[GQL-EXEC setup_me]
[GQL-CAPTURE setup_me.data.me.id → USER_ID]
[GQL-OP setup_prods]
  query { products(storeId: ""{{STORE_ID}}"" currencyCode: ""USD"" first: 2 filter: ""category.subtree:@td(VIRTUAL_CATALOG_B2B.id) price.USD:(0 TO) inStock_variations:true"") { items { id } } }
[GQL-EXEC setup_prods]
[GQL-CAPTURE setup_prods.data.products.items.0.id → PRODUCT_1]
[GQL-CAPTURE setup_prods.data.products.items.1.id → PRODUCT_2]
[GQL-OP create_list]
  mutation { createWishlist(command: { storeId: ""{{STORE_ID}}"" userId: ""{{USER_ID}}"" listName: ""AGENT-TEST-WL-011"" }) { id } }
[GQL-EXEC create_list]
[GQL-CAPTURE create_list.data.createWishlist.id → LIST_ID]
[GQL-OP add_items]
  mutation {
    addWishlistItems(command: {
      listId: ""{{LIST_ID}}""
      listItems: [
        { productId: ""{{PRODUCT_1}}"" quantity: 1 }
        { productId: ""{{PRODUCT_2}}"" quantity: 2 }
      ]
    }) {
      id itemsCount items { productId quantity }
    }
  }
[GQL-EXEC add_items]
[GQL-OP cleanup_remove]
  mutation { removeWishlist(command: { listId: ""{{LIST_ID}}"" }) }
[GQL-EXEC cleanup_remove]","[ERRORS label=add_items] errors[] empty
[COUNT label=add_items] data.addWishlistItems.itemsCount = 2
[COUNT label=add_items] data.addWishlistItems.items.length = 2",[EVIDENCE] items[].productId includes both seeds (PROD_HEADPHONES + PROD_LAPTOP) — verify evidence JSON,errors[] non-empty; itemsCount != 2; partial insert; duplicate insertions,none — inline cleanup,VCST-21; xAPI; graphql-schema.md — Mutation.addWishlistItems,Automated
WISH-012,updateWishListItems — Change Item Quantity,GraphQL > Wishlist > Items,High,BL-GQL-001; BL-GQL-004,ECL-10.2,"Runner-native. NOTE: mutation name is updateWishListItems (capital L — schema drift trap). Captures real product GUID, changes qty 1 → 5.",—,"[AUTH role=ORG_USER]
[GQL-OP setup_me]
  query { me { id } }
[GQL-EXEC setup_me]
[GQL-CAPTURE setup_me.data.me.id → USER_ID]
[GQL-OP setup_prod]
  query { products(storeId: ""{{STORE_ID}}"" first: 1 filter: ""code:@td(BUYABLE_NO_MIN_QTY.code)"") { items { id } } }
[GQL-EXEC setup_prod]
[GQL-CAPTURE setup_prod.data.products.items.0.id → PRODUCT_ID]
[GQL-OP create_list]
  mutation { createWishlist(command: { storeId: ""{{STORE_ID}}"" userId: ""{{USER_ID}}"" listName: ""AGENT-TEST-WL-012"" }) { id } }
[GQL-EXEC create_list]
[GQL-CAPTURE create_list.data.createWishlist.id → LIST_ID]
[GQL-OP add_item]
  mutation { addWishlistItem(command: { listId: ""{{LIST_ID}}"" productId: ""{{PRODUCT_ID}}"" quantity: 1 }) { id items { id } } }
[GQL-EXEC add_item]
[GQL-CAPTURE add_item.data.addWishlistItem.items.0.id → LINE_ITEM_ID]
[GQL-OP update_qty]
  mutation {
    updateWishListItems(command: {
      listId: ""{{LIST_ID}}""
      items: [{ lineItemId: ""{{LINE_ITEM_ID}}"" quantity: 5 }]
    }) {
      id itemsCount items { id productId quantity }
    }
  }
[GQL-EXEC update_qty]
[GQL-OP cleanup_remove]
  mutation { removeWishlist(command: { listId: ""{{LIST_ID}}"" }) }
[GQL-EXEC cleanup_remove]","[ERRORS label=update_qty] errors[] empty
[COUNT label=update_qty] data.updateWishListItems.itemsCount = 1
[DATA label=update_qty] data.updateWishListItems.items.0.id = {{LINE_ITEM_ID}}
[COUNT label=update_qty] data.updateWishListItems.items.0.quantity = 5",[ROUNDTRIP label=update_qty] wishlist(listId) → items[0].quantity = 5 (persistence check),errors[] non-empty; quantity still 1; updateWishlistItems (lowercase l) treated as unknown field (DV-009),none — inline cleanup,VCST-21; xAPI; graphql-schema.md — Mutation.updateWishListItems,Automated
WISH-013,removeWishlistItem — Single Item,GraphQL > Wishlist > Items,High,BL-GQL-001; BL-GQL-004,ECL-10.2; ECL-2.1,"Runner-native. Captures real product GUID, creates list, adds 1 item, removes it by lineItemId, verifies itemsCount drops to 0.",—,"[AUTH role=ORG_USER]
[GQL-OP setup_me]
  query { me { id } }
[GQL-EXEC setup_me]
[GQL-CAPTURE setup_me.data.me.id → USER_ID]
[GQL-OP setup_prod]
  query { products(storeId: ""{{STORE_ID}}"" first: 1 filter: ""code:@td(BUYABLE_NO_MIN_QTY.code)"") { items { id } } }
[GQL-EXEC setup_prod]
[GQL-CAPTURE setup_prod.data.products.items.0.id → PRODUCT_ID]
[GQL-OP create_list]
  mutation { createWishlist(command: { storeId: ""{{STORE_ID}}"" userId: ""{{USER_ID}}"" listName: ""AGENT-TEST-WL-013"" }) { id } }
[GQL-EXEC create_list]
[GQL-CAPTURE create_list.data.createWishlist.id → LIST_ID]
[GQL-OP add_item]
  mutation { addWishlistItem(command: { listId: ""{{LIST_ID}}"" productId: ""{{PRODUCT_ID}}"" quantity: 1 }) { id items { id } } }
[GQL-EXEC add_item]
[GQL-CAPTURE add_item.data.addWishlistItem.items.0.id → LINE_ITEM_ID]
[GQL-OP remove_item]
  mutation {
    removeWishlistItem(command: { listId: ""{{LIST_ID}}"" lineItemId: ""{{LINE_ITEM_ID}}"" }) {
      id itemsCount items { id productId }
    }
  }
[GQL-EXEC remove_item]
[GQL-OP cleanup_remove]
  mutation { removeWishlist(command: { listId: ""{{LIST_ID}}"" }) }
[GQL-EXEC cleanup_remove]","[ERRORS label=remove_item] errors[] empty
[COUNT label=remove_item] data.removeWishlistItem.itemsCount = 0
[COUNT label=remove_item] data.removeWishlistItem.items.length = 0",[ROUNDTRIP label=remove_item] list still exists (wishlist query returns it) but is empty,errors[] non-empty; itemsCount not decremented; removed item still in items[]; wishlist itself deleted (null) instead of emptied,none — inline cleanup,VCST-21; xAPI; graphql-schema.md — Mutation.removeWishlistItem,Automated
WISH-014,removeWishlistItems — Bulk Remove,GraphQL > Wishlist > Items,High,BL-GQL-001; BL-GQL-004,ECL-10.2; ECL-2.1,"Runner-native. Captures 2 real product GUIDs, bulk-adds them, then removes both via removeWishlistItems.",—,"[AUTH role=ORG_USER]
[GQL-OP setup_me]
  query { me { id } }
[GQL-EXEC setup_me]
[GQL-CAPTURE setup_me.data.me.id → USER_ID]
[GQL-OP setup_prods]
  query { products(storeId: ""{{STORE_ID}}"" currencyCode: ""USD"" first: 2 filter: ""category.subtree:@td(VIRTUAL_CATALOG_B2B.id) price.USD:(0 TO) inStock_variations:true"") { items { id } } }
[GQL-EXEC setup_prods]
[GQL-CAPTURE setup_prods.data.products.items.0.id → PRODUCT_1]
[GQL-CAPTURE setup_prods.data.products.items.1.id → PRODUCT_2]
[GQL-OP create_list]
  mutation { createWishlist(command: { storeId: ""{{STORE_ID}}"" userId: ""{{USER_ID}}"" listName: ""AGENT-TEST-WL-014"" }) { id } }
[GQL-EXEC create_list]
[GQL-CAPTURE create_list.data.createWishlist.id → LIST_ID]
[GQL-OP add_items]
  mutation {
    addWishlistItems(command: {
      listId: ""{{LIST_ID}}""
      listItems: [
        { productId: ""{{PRODUCT_1}}"" quantity: 1 }
        { productId: ""{{PRODUCT_2}}"" quantity: 1 }
      ]
    }) { id items { id } }
  }
[GQL-EXEC add_items]
[GQL-CAPTURE add_items.data.addWishlistItems.items.0.id → LINE_ITEM_1]
[GQL-CAPTURE add_items.data.addWishlistItems.items.1.id → LINE_ITEM_2]
[GQL-OP bulk_remove]
  mutation {
    removeWishlistItems(command: {
      listId: ""{{LIST_ID}}""
      lineItemIds: [""{{LINE_ITEM_1}}"", ""{{LINE_ITEM_2}}""]
    }) { id itemsCount items { id } }
  }
[GQL-EXEC bulk_remove]
[GQL-OP cleanup_remove]
  mutation { removeWishlist(command: { listId: ""{{LIST_ID}}"" }) }
[GQL-EXEC cleanup_remove]","[ERRORS label=bulk_remove] errors[] empty
[COUNT label=bulk_remove] data.removeWishlistItems.itemsCount = 0
[COUNT label=bulk_remove] data.removeWishlistItems.items.length = 0",[ROUNDTRIP label=bulk_remove] wishlist(listId) confirms empty,errors[] non-empty; partial removal; itemsCount = 1; list null post-remove,none — inline cleanup,VCST-21; xAPI; graphql-schema.md — Mutation.removeWishlistItems,Automated
WISH-015,moveWishlistItem — Between Two Lists,GraphQL > Wishlist > Items,High,BL-GQL-001; BL-GQL-004,ECL-10.2; ECL-2.1,"Runner-native. Uses BUYABLE_NO_MIN_QTY product (Canvas Pencil Case ALCOE9535, minQuantity:1) to avoid PRODUCT_MIN_MAX_QTY silent rejection on destination's internal AddItemsAsync call. Original setup_prod filter returned LG55EG9600 (minQuantity:7), which silently destroys items on move (VCST-5112). Captures real product GUID, creates 2 wishlists, adds 1 item to source, moves it to dest, verifies source empty and dest populated. Now also projects items.validationErrors at every items[] read so any line-item-level rejection signal would surface — though VCST-5112 schema gap means destination-aggregate rejections still cannot surface through wishlist projections.",—,"[AUTH role=ORG_USER]
[GQL-OP setup_me]
  query { me { id } }
[GQL-EXEC setup_me]
[GQL-CAPTURE setup_me.data.me.id → USER_ID]
[GQL-OP setup_prod]
  query { products(storeId: ""{{STORE_ID}}"" first: 1 filter: ""code:@td(BUYABLE_NO_MIN_QTY.code)"") { items { id code minQuantity maxQuantity } } }
[GQL-EXEC setup_prod]
[GQL-CAPTURE setup_prod.data.products.items.0.id → PRODUCT_ID]
[GQL-OP create_src]
  mutation { createWishlist(command: { storeId: ""{{STORE_ID}}"" userId: ""{{USER_ID}}"" listName: ""AGENT-TEST-WL-015-SRC"" }) { id } }
[GQL-EXEC create_src]
[GQL-CAPTURE create_src.data.createWishlist.id → SRC_LIST_ID]
[GQL-OP create_dest]
  mutation { createWishlist(command: { storeId: ""{{STORE_ID}}"" userId: ""{{USER_ID}}"" listName: ""AGENT-TEST-WL-015-DEST"" }) { id } }
[GQL-EXEC create_dest]
[GQL-CAPTURE create_dest.data.createWishlist.id → DEST_LIST_ID]
[GQL-OP add_item]
  mutation { addWishlistItem(command: { listId: ""{{SRC_LIST_ID}}"" productId: ""{{PRODUCT_ID}}"" quantity: 1 }) { id itemsCount items { id productId sku name quantity validationErrors { errorCode errorMessage } } } }
[GQL-EXEC add_item]
[GQL-CAPTURE add_item.data.addWishlistItem.items.0.id → LINE_ITEM_ID]
[GQL-OP move]
  mutation {
    moveWishlistItem(command: {
      listId: ""{{SRC_LIST_ID}}""
      destinationListId: ""{{DEST_LIST_ID}}""
      lineItemId: ""{{LINE_ITEM_ID}}""
    }) { id name itemsCount items { id productId sku name quantity validationErrors { errorCode errorMessage } } }
  }
[GQL-EXEC move]
[GQL-OP verify_dest]
  query { wishlist(listId: ""{{DEST_LIST_ID}}"") { id name itemsCount items { id productId sku name quantity validationErrors { errorCode errorMessage } } } }
[GQL-EXEC verify_dest]
[GQL-OP verify_src]
  query { wishlist(listId: ""{{SRC_LIST_ID}}"") { id name itemsCount items { id productId } } }
[GQL-EXEC verify_src]
[GQL-OP cleanup_dest]
  mutation { removeWishlist(command: { listId: ""{{DEST_LIST_ID}}"" }) }
[GQL-EXEC cleanup_dest]
[GQL-OP cleanup_src]
  mutation { removeWishlist(command: { listId: ""{{SRC_LIST_ID}}"" }) }
[GQL-EXEC cleanup_src]","[ERRORS label=setup_prod] errors[] empty — Canvas Pencil Case must resolve (BUYABLE_NO_MIN_QTY guarantee)
[DATA label=setup_prod] data.products.items.0.code = @td(BUYABLE_NO_MIN_QTY.code)
[DATA label=setup_prod] data.products.items.0.minQuantity = 1
[ERRORS label=add_item] errors[] empty
[COUNT label=add_item] data.addWishlistItem.itemsCount = 1
[ERRORS label=move] errors[] empty
[COUNT label=move] data.moveWishlistItem.itemsCount = 1
[DATA label=move] data.moveWishlistItem.items.0.productId = {{PRODUCT_ID}}
[ERRORS label=verify_dest] errors[] empty
[COUNT label=verify_dest] data.wishlist.itemsCount = 1
[DATA label=verify_dest] data.wishlist.items.0.productId is non-null
[DATA label=verify_dest] data.wishlist.items.0.sku = @td(BUYABLE_NO_MIN_QTY.sku)
[ERRORS label=verify_src] errors[] empty
[COUNT label=verify_src] data.wishlist.itemsCount = 0","[ROUNDTRIP label=move] moveWishlistItem returns the DESTINATION wishlist state (itemsCount=1 after move). verify_dest also confirms destination=1, verify_src confirms source emptied.
[EVIDENCE] items[].validationErrors projection added for future-proofing — VCST-5112 schema gap means destination-aggregate rejections (PRODUCT_MIN_MAX_QTY etc.) cannot surface through wishlist projections today. WishlistType lacks the aggregate-level validationErrors field that CartType has.",errors[] non-empty; item remains in source; missing from destination; duplicated in both; data.wishlist.items.0.validationErrors non-empty (would indicate destination silently accepted a rejected item),none — inline cleanup,xAPI; graphql-schema.md — Mutation.moveWishlistItem; VCST-5112,Automated
WISH-016,moveWishlistItem — Non-Existent Destination,GraphQL > Wishlist > Items,Medium,BL-GQL-001,ECL-10.2; ECL-10.2,"Runner-native. Captures real product GUID, attempts to move to zero-GUID destination. Expects structured error or graceful failure — no data loss on source.",bogus_dest=00000000-0000-0000-0000-000000000000,"[AUTH role=ORG_USER]
[GQL-OP setup_me]
  query { me { id } }
[GQL-EXEC setup_me]
[GQL-CAPTURE setup_me.data.me.id → USER_ID]
[GQL-OP setup_prod]
  query { products(storeId: ""{{STORE_ID}}"" first: 1 filter: ""code:@td(BUYABLE_NO_MIN_QTY.code)"") { items { id } } }
[GQL-EXEC setup_prod]
[GQL-CAPTURE setup_prod.data.products.items.0.id → PRODUCT_ID]
[GQL-OP create_src]
  mutation { createWishlist(command: { storeId: ""{{STORE_ID}}"" userId: ""{{USER_ID}}"" listName: ""AGENT-TEST-WL-016"" }) { id } }
[GQL-EXEC create_src]
[GQL-CAPTURE create_src.data.createWishlist.id → SRC_LIST_ID]
[GQL-OP add_item]
  mutation { addWishlistItem(command: { listId: ""{{SRC_LIST_ID}}"" productId: ""{{PRODUCT_ID}}"" quantity: 1 }) { id items { id } } }
[GQL-EXEC add_item]
[GQL-CAPTURE add_item.data.addWishlistItem.items.0.id → LINE_ITEM_ID]
[GQL-OP move_bad]
  mutation {
    moveWishlistItem(command: {
      listId: ""{{SRC_LIST_ID}}""
      destinationListId: ""00000000-0000-0000-0000-000000000000""
      lineItemId: ""{{LINE_ITEM_ID}}""
    }) { id itemsCount items { id } }
  }
[GQL-EXEC move_bad]
[GQL-OP verify_src]
  query { wishlist(listId: ""{{SRC_LIST_ID}}"") { itemsCount items { id } } }
[GQL-EXEC verify_src]
[GQL-OP cleanup_src]
  mutation { removeWishlist(command: { listId: ""{{SRC_LIST_ID}}"" }) }
[GQL-EXEC cleanup_src]","[ERRORS label=verify_src] errors[] empty
[COUNT label=verify_src] data.wishlist.itemsCount = 1","[EVIDENCE] move_bad response: either errors[] non-empty with descriptive message OR data returned — but source MUST still have the item (no data loss)
[ROUNDTRIP label=verify_src] source item preserved",HTTP 500; source item deleted; stack trace in errors[].message; silent success on invalid move,none — inline cleanup,xAPI; graphql-schema.md — Mutation.moveWishlistItem error contract,Automated
WISH-017,createCartFromWishlist — Cart Populated,GraphQL > Wishlist > Cross-Domain,Critical,BL-GQL-001; BL-GQL-004; BL-CART-001,ECL-10.2; ECL-2.1,"Runner-native. Captures real product GUID, creates wishlist with 1 item, calls createCartFromWishlist, verifies cart is populated with the same items.",—,"[AUTH role=ORG_USER]
[GQL-OP setup_me]
  query { me { id } }
[GQL-EXEC setup_me]
[GQL-CAPTURE setup_me.data.me.id → USER_ID]
[GQL-OP setup_prod]
  query { products(storeId: ""{{STORE_ID}}"" first: 1 filter: ""code:@td(BUYABLE_NO_MIN_QTY.code)"") { items { id } } }
[GQL-EXEC setup_prod]
[GQL-CAPTURE setup_prod.data.products.items.0.id → PRODUCT_ID]
[GQL-OP create_list]
  mutation { createWishlist(command: { storeId: ""{{STORE_ID}}"" userId: ""{{USER_ID}}"" listName: ""AGENT-TEST-WL-017"" }) { id } }
[GQL-EXEC create_list]
[GQL-CAPTURE create_list.data.createWishlist.id → LIST_ID]
[GQL-OP add_item]
  mutation { addWishlistItem(command: { listId: ""{{LIST_ID}}"" productId: ""{{PRODUCT_ID}}"" quantity: 1 }) { id itemsCount } }
[GQL-EXEC add_item]
[GQL-OP cart_from_wl]
  mutation {
    createCartFromWishlist(command: { listId: ""{{LIST_ID}}"" }) {
      id name itemsCount items { id productId quantity }
    }
  }
[GQL-EXEC cart_from_wl]
[GQL-OP cleanup_remove]
  mutation { removeWishlist(command: { listId: ""{{LIST_ID}}"" }) }
[GQL-EXEC cleanup_remove]","[ERRORS label=cart_from_wl] errors[] empty
[DATA label=cart_from_wl] data.createCartFromWishlist.id is non-null
[COUNT label=cart_from_wl] data.createCartFromWishlist.itemsCount = 1
[DATA label=cart_from_wl] data.createCartFromWishlist.items.0.productId is non-null
[COUNT label=cart_from_wl] data.createCartFromWishlist.items.0.quantity = 1","[ROUNDTRIP label=cart_from_wl] cart(storeId, currencyCode) returns same items (runner-manual)",errors[] non-empty; cart.itemsCount = 0; items[] empty; cart.id null; productId mismatch,none — wishlist removed inline; cart is user-owned default cart (no API cart-delete needed),VCST-21; xAPI; graphql-schema.md — Mutation.createCartFromWishlist CartType,Automated
WISH-018,createCartFromWishlist — Empty Wishlist Behavior,GraphQL > Wishlist > Cross-Domain,Medium,BL-GQL-001; BL-GQL-004; BL-CART-001,ECL-10.2; ECL-2.1; ECL-10.2,Runner-native. Calls createCartFromWishlist on an empty wishlist. Server may return (a) errors[] with descriptive message or (b) an empty cart — either is acceptable.,—,"[AUTH role=ORG_USER]
[GQL-OP setup_me]
  query { me { id } }
[GQL-EXEC setup_me]
[GQL-CAPTURE setup_me.data.me.id → USER_ID]
[GQL-OP create_list]
  mutation { createWishlist(command: { storeId: ""{{STORE_ID}}"" userId: ""{{USER_ID}}"" listName: ""AGENT-TEST-WL-018-EMPTY"" }) { id } }
[GQL-EXEC create_list]
[GQL-CAPTURE create_list.data.createWishlist.id → LIST_ID]
[GQL-OP cart_empty]
  mutation { createCartFromWishlist(command: { listId: ""{{LIST_ID}}"" }) { id itemsCount } }
[GQL-EXEC cart_empty]
[GQL-OP cleanup_remove]
  mutation { removeWishlist(command: { listId: ""{{LIST_ID}}"" }) }
[GQL-EXEC cleanup_remove]","[ERRORS label=cart_empty] errors[] empty
[DATA label=cart_empty] data.createCartFromWishlist.id is non-null
[COUNT label=cart_empty] data.createCartFromWishlist.itemsCount == 0
[ERRORS label=cleanup_remove] errors[] empty","[EVIDENCE] Empty-wishlist contract: errors[] empty, server returns a structured cart object with itemsCount=0 (rather than null). NO HTTP 500.","HTTP 500; stack trace in errors[]; server crash; silent null cart creation (data.createCartFromWishlist is null instead of {id, itemsCount=0}); itemsCount > 0 (would mean phantom items leaked from elsewhere)",none — inline cleanup,xAPI; graphql-schema.md — Mutation.createCartFromWishlist error contract,Automated
WISH-019,addWishlistItem — Without Authentication,GraphQL > Wishlist > Auth,Critical,BL-GQL-004,ECL-2.1; ECL-10.2,Runner-native. No [AUTH] block — attempts addWishlistItem anonymously. Expects authentication error or silent null.,zero_guid=00000000-0000-0000-0000-000000000000,"[GQL-OP add_noauth]
  mutation {
    addWishlistItem(command: {
      listId: ""00000000-0000-0000-0000-000000000000""
      productId: ""00000000-0000-0000-0000-000000000000""
      quantity: 1
    }) { id itemsCount }
  }
[GQL-EXEC add_noauth]","[ERRORS label=add_noauth] errors[] non-empty
[DATA label=add_noauth] data.addWishlistItem is null","[EVIDENCE] Auth-required contract: anonymous request returns errors[] non-empty AND data.addWishlistItem null. NO mutation succeeds, NO internal IDs/stack traces/SQL hints leaked in errors[].",Mutation succeeds without auth (data returned with non-null); errors[] empty (would mean silent auth bypass — P0); HTTP 500; unhandled exception; stack trace leaks in errors[],none — no wishlist created,VCST-21; xAPI; graphql-schema.md — Mutation.addWishlistItem BL-GQL-004,Automated
WISH-020,wishlist Query — Cross-User Access Denial,GraphQL > Wishlist > Auth,High,BL-GQL-004,ECL-2.1; ECL-10.2,Two-user scenario — requires a second role alias (USER2 — personal account in aliases.json). ORG_USER creates the list then USER2 attempts to read it.,—,"[AUTH role=ORG_USER]
[GQL-OP setup_me]
  query { me { id } }
[GQL-EXEC setup_me]
[GQL-CAPTURE setup_me.data.me.id → USER_ID]
[GQL-OP create_list]
  mutation { createWishlist(command: { storeId: ""{{STORE_ID}}"" userId: ""{{USER_ID}}"" listName: ""AGENT-TEST-WL-020"" }) { id } }
[GQL-EXEC create_list]
[GQL-CAPTURE create_list.data.createWishlist.id → LIST_ID]
[AUTH role=USER2]
[GQL-OP cross_read]
  query { wishlist(listId: ""{{LIST_ID}}"") { id name } }
[GQL-EXEC cross_read]
[AUTH role=ORG_USER]
[GQL-OP cleanup_remove]
  mutation { removeWishlist(command: { listId: ""{{LIST_ID}}"" }) }
[GQL-EXEC cleanup_remove]","[DATA label=cross_read] data.wishlist is null — private list not exposed to other users
[ERRORS label=cleanup_remove] errors[] empty",[EVIDENCE] Either: errors[] non-empty with access-denied message OR data.wishlist is null. Both acceptable (hard-gate or silent-null). No private list data leaked.,USER2 receives private list data (privacy violation); HTTP 500; stack trace,none — inline cleanup,VCST-21; xAPI; graphql-schema.md — Query.wishlist BL-GQL-004 | Promoted: REG-2026-08-26-1600 (2026-08-26),Automated
WISH-021,createWishlist with scope=Organization — Same-Org Member Access,GraphQL > Wishlist > B2B,Critical,BL-B2B-001,ECL-10.2; ECL-2.1,"Runner-native. TECHFLOW_ADMIN (USR-006) and TECHFLOW_BUYER (USR-007) are two DIFFERENT users in the SAME org (ORG-002 TechFlow); ACME_BUYER (USR-002) is in a DIFFERENT org (ORG-001 Acme). All three are CSV-backed aliases in test-data/aliases.json and resolve for [AUTH role=…] via graphql-auth.ts resolveRole(), which reads each role's own email/password alias fields — no _inline alias and no extra .env var is required. (Do not write a literal resolver token in this prose: td:validate scans every cell and an illustrative one fails to resolve.) Creates an Organization-scope list as the admin and reads it back as the same-org buyer; inline cleanup removes it.",list_name=AGENT-TEST-WL-021-ORG,"[AUTH role=TECHFLOW_ADMIN]
[GQL-OP admin_me]
  query { me { id contact { organizationId } } }
[GQL-EXEC admin_me]
[GQL-CAPTURE admin_me.data.me.id → TF_ADMIN_ID]
[GQL-CAPTURE admin_me.data.me.contact.organizationId → TF_ORG_ID]
[GQL-OP create_org_list]
  mutation { createWishlist(command: { storeId: ""{{STORE_ID}}"" userId: ""{{TF_ADMIN_ID}}"" listName: ""{{list_name}}"" scope: ""organization"" }) { id name scope } }
[GQL-EXEC create_org_list]
[GQL-CAPTURE create_org_list.data.createWishlist.id → ORG_LIST_ID]
[AUTH role=TECHFLOW_BUYER]
[GQL-OP buyer_me]
  query { me { id contact { organizationId } } }
[GQL-EXEC buyer_me]
[GQL-OP sameorg_reads_org_list]
  query { wishlist(listId: ""{{ORG_LIST_ID}}"") { id name scope } }
[GQL-EXEC sameorg_reads_org_list]
[AUTH role=TECHFLOW_ADMIN]
[GQL-OP cleanup]
  mutation { removeWishlist(command: { listId: ""{{ORG_LIST_ID}}"" }) }
[GQL-EXEC cleanup]","[ERRORS label=create_org_list] errors[] empty {OBSERVED}
[DATA label=create_org_list] data.createWishlist.scope = Organization {OBSERVED}
[DATA label=buyer_me] data.me.contact.organizationId = {{TF_ORG_ID}} {OBSERVED}
[ERRORS label=sameorg_reads_org_list] errors[] empty {OBSERVED}
[DATA label=sameorg_reads_org_list] data.wishlist.id = {{ORG_LIST_ID}} {OBSERVED}",[EVIDENCE] buyer_me.contact.organizationId must equal the creating admin's org id — otherwise the case proves nothing about SAME-org access. The scope literal is sent lowercase ('organization') and persisted PascalCase ('Organization'); the server normalises it.,same-org member denied access to an Organization-scope list (errors[] non-empty or data.wishlist null); createWishlist persists scope other than Organization; buyer_me org id differs from the admin's (fixture drift — the case is no longer a same-org test),inline — removeWishlist under the owning admin's auth,VCST-1416; VCST-21; xAPI; legacy 050h WISH-021; runner-feature: multi-org-auth,Draft
WISH-022,createWishlist with scope=Organization — Cross-Org Denial,GraphQL > Wishlist > B2B,Critical,BL-B2B-001,ECL-2.1; ECL-10.2,"Runner-native. TECHFLOW_ADMIN (USR-006) and TECHFLOW_BUYER (USR-007) are two DIFFERENT users in the SAME org (ORG-002 TechFlow); ACME_BUYER (USR-002) is in a DIFFERENT org (ORG-001 Acme). All three are CSV-backed aliases in test-data/aliases.json and resolve for [AUTH role=…] via graphql-auth.ts resolveRole(), which reads each role's own email/password alias fields — no _inline alias and no extra .env var is required. (Do not write a literal resolver token in this prose: td:validate scans every cell and an illustrative one fails to resolve.) The admin creates an Organization-scope list in TechFlow; ACME_BUYER (foreign org) attempts to read it by id and must be denied.",list_name=AGENT-TEST-WL-022-ORG,"[AUTH role=TECHFLOW_ADMIN]
[GQL-OP admin_me]
  query { me { id contact { organizationId } } }
[GQL-EXEC admin_me]
[GQL-CAPTURE admin_me.data.me.id → TF_ADMIN_ID]
[GQL-CAPTURE admin_me.data.me.contact.organizationId → TF_ORG_ID]
[GQL-OP create_org_list]
  mutation { createWishlist(command: { storeId: ""{{STORE_ID}}"" userId: ""{{TF_ADMIN_ID}}"" listName: ""{{list_name}}"" scope: ""organization"" }) { id scope } }
[GQL-EXEC create_org_list]
[GQL-CAPTURE create_org_list.data.createWishlist.id → ORG_LIST_ID]
[AUTH role=ACME_BUYER]
[GQL-OP foreign_me]
  query { me { id contact { organizationId } } }
[GQL-EXEC foreign_me]
[GQL-CAPTURE foreign_me.data.me.contact.organizationId → ACME_ORG_ID]
[GQL-OP crossorg_reads_org_list]
  query { wishlist(listId: ""{{ORG_LIST_ID}}"") { id name scope } }
[GQL-EXEC crossorg_reads_org_list]
[AUTH role=TECHFLOW_ADMIN]
[GQL-OP cleanup]
  mutation { removeWishlist(command: { listId: ""{{ORG_LIST_ID}}"" }) }
[GQL-EXEC cleanup]","[ERRORS label=create_org_list] errors[] empty {OBSERVED}
[ERRORS label=crossorg_reads_org_list] errors[] non-empty {OBSERVED}
[DATA label=crossorg_reads_org_list] data.wishlist is null {OBSERVED}","[EVIDENCE] foreign_me.contact.organizationId must DIFFER from TF_ORG_ID — if the two fixtures ever land in the same org the denial becomes vacuous. The denial arrives as HTTP 200 with errors[] code Forbidden, not a 4xx.",cross-org data leak: a foreign-org user reads an Organization-scope list (data.wishlist non-null); errors[] empty on the cross-org read; ACME_ORG_ID equals TF_ORG_ID (fixture drift — no longer a cross-org test),inline — removeWishlist under the owning admin's auth,VCST-1416; VCST-21; xAPI; legacy 050h WISH-022; runner-feature: multi-org-auth,Draft
WISH-023,wishlists Query with scope=Organization — Org Isolation,GraphQL > Wishlist > B2B,High,BL-B2B-001,ECL-2.1; ECL-10.2,"Runner-native. TECHFLOW_ADMIN (USR-006) and TECHFLOW_BUYER (USR-007) are two DIFFERENT users in the SAME org (ORG-002 TechFlow); ACME_BUYER (USR-002) is in a DIFFERENT org (ORG-001 Acme). All three are CSV-backed aliases in test-data/aliases.json and resolve for [AUTH role=…] via graphql-auth.ts resolveRole(), which reads each role's own email/password alias fields — no _inline alias and no extra .env var is required. (Do not write a literal resolver token in this prose: td:validate scans every cell and an illustrative one fails to resolve.) Checks the wishlists() ENUMERATION in both directions: the same-org member's list set contains the org list, the foreign-org member's does not. (WISH-021 covers access by id; this case covers enumeration.)",list_name=AGENT-TEST-WL-023-ORG,"[AUTH role=TECHFLOW_ADMIN]
[GQL-OP admin_me]
  query { me { id } }
[GQL-EXEC admin_me]
[GQL-CAPTURE admin_me.data.me.id → TF_ADMIN_ID]
[GQL-OP create_org_list]
  mutation { createWishlist(command: { storeId: ""{{STORE_ID}}"" userId: ""{{TF_ADMIN_ID}}"" listName: ""{{list_name}}"" scope: ""organization"" }) { id scope } }
[GQL-EXEC create_org_list]
[GQL-CAPTURE create_org_list.data.createWishlist.id → ORG_LIST_ID]
[AUTH role=TECHFLOW_BUYER]
[GQL-OP buyer_me]
  query { me { id } }
[GQL-EXEC buyer_me]
[GQL-CAPTURE buyer_me.data.me.id → TF_BUYER_ID]
[GQL-OP sameorg_lists]
  query { wishlists(storeId: ""{{STORE_ID}}"" userId: ""{{TF_BUYER_ID}}"") { totalCount items { id name scope } } }
[GQL-EXEC sameorg_lists]
[AUTH role=ACME_BUYER]
[GQL-OP foreign_me]
  query { me { id } }
[GQL-EXEC foreign_me]
[GQL-CAPTURE foreign_me.data.me.id → ACME_ID]
[GQL-OP crossorg_lists]
  query { wishlists(storeId: ""{{STORE_ID}}"" userId: ""{{ACME_ID}}"") { totalCount items { id name scope } } }
[GQL-EXEC crossorg_lists]
[AUTH role=TECHFLOW_ADMIN]
[GQL-OP cleanup]
  mutation { removeWishlist(command: { listId: ""{{ORG_LIST_ID}}"" }) }
[GQL-EXEC cleanup]","[ERRORS label=sameorg_lists] errors[] empty {OBSERVED}
[DATA label=sameorg_lists] data.wishlists.items[?id={{ORG_LIST_ID}}].id = {{ORG_LIST_ID}} {OBSERVED}
[DATA label=sameorg_lists] data.wishlists.items[?id={{ORG_LIST_ID}}].scope = Organization {OBSERVED}
[ERRORS label=crossorg_lists] errors[] empty {OBSERVED}
[DATA label=crossorg_lists] data.wishlists.items[?id={{ORG_LIST_ID}}] is null {OBSERVED}","[EVIDENCE] Assert the org list's PRESENCE/ABSENCE by id, never a totalCount literal — the fixture orgs carry pre-existing lists on a seeded env (3 observed for TechFlow), so an exact count is env-dependent (DV-016).",foreign-org lists appear in a user's own wishlists() result; the org-scope list is missing from a same-org member's result; errors[] non-empty on either enumeration,inline — removeWishlist under the owning admin's auth,VCST-1416; VCST-21; xAPI; legacy 050h WISH-023; runner-feature: multi-org-auth,Draft
WISH-024,Private Wishlist — Cross-User Access Denial (B2B),GraphQL > Wishlist > B2B,Critical,BL-B2B-001,ECL-2.1; ECL-10.2,"Runner-native. TECHFLOW_ADMIN (USR-006) and TECHFLOW_BUYER (USR-007) are two DIFFERENT users in the SAME org (ORG-002 TechFlow); ACME_BUYER (USR-002) is in a DIFFERENT org (ORG-001 Acme). All three are CSV-backed aliases in test-data/aliases.json and resolve for [AUTH role=…] via graphql-auth.ts resolveRole(), which reads each role's own email/password alias fields — no _inline alias and no extra .env var is required. (Do not write a literal resolver token in this prose: td:validate scans every cell and an illustrative one fails to resolve.) The B2B variant of cross-user denial: a PRIVATE list (default scope) must stay private even from a SAME-ORG sibling. WISH-020 covers the personal-account variant; this one proves org membership alone does not grant access.",list_name=AGENT-TEST-WL-024-PRIVATE,"[AUTH role=TECHFLOW_ADMIN]
[GQL-OP admin_me]
  query { me { id contact { organizationId } } }
[GQL-EXEC admin_me]
[GQL-CAPTURE admin_me.data.me.id → TF_ADMIN_ID]
[GQL-CAPTURE admin_me.data.me.contact.organizationId → TF_ORG_ID]
[GQL-OP create_private_list]
  mutation { createWishlist(command: { storeId: ""{{STORE_ID}}"" userId: ""{{TF_ADMIN_ID}}"" listName: ""{{list_name}}"" }) { id name scope } }
[GQL-EXEC create_private_list]
[GQL-CAPTURE create_private_list.data.createWishlist.id → PRIV_LIST_ID]
[AUTH role=TECHFLOW_BUYER]
[GQL-OP buyer_me]
  query { me { id contact { organizationId } } }
[GQL-EXEC buyer_me]
[GQL-OP sameorg_reads_private]
  query { wishlist(listId: ""{{PRIV_LIST_ID}}"") { id name } }
[GQL-EXEC sameorg_reads_private]
[AUTH role=TECHFLOW_ADMIN]
[GQL-OP cleanup]
  mutation { removeWishlist(command: { listId: ""{{PRIV_LIST_ID}}"" }) }
[GQL-EXEC cleanup]","[ERRORS label=create_private_list] errors[] empty {OBSERVED}
[DATA label=create_private_list] data.createWishlist.scope = Private {OBSERVED}
[DATA label=buyer_me] data.me.contact.organizationId = {{TF_ORG_ID}} {OBSERVED}
[ERRORS label=sameorg_reads_private] errors[] non-empty {OBSERVED}
[DATA label=sameorg_reads_private] data.wishlist is null {OBSERVED}","[EVIDENCE] createWishlist with NO scope argument must persist scope Private — if the default ever became Organization the denial below would be testing the wrong thing. buyer_me must be in the SAME org as the owner, otherwise this collapses into WISH-022's cross-org case.",a private list is exposed to a same-org sibling (data.wishlist non-null); errors[] empty on the sibling read; createWishlist defaults to a scope other than Private,inline — removeWishlist under the owning admin's auth,VCST-1416; VCST-21; xAPI; legacy 050h WISH-024; runner-feature: multi-org-auth,Draft
WISH-025,Personal Account — Private Wishlist OK But Cannot See Org Lists,GraphQL > Wishlist > B2B,High,BL-AUTH-004,ECL-2.1; ECL-10.2,"Runner-native. USER2 is a personal account (no org membership). Creates a private wishlist, then attempts to read an ORG_USER's org-scope list — should be denied.",—,"[AUTH role=ORG_USER]
[GQL-OP org_me]
  query { me { id } }
[GQL-EXEC org_me]
[GQL-CAPTURE org_me.data.me.id → ORG_USER_ID]
[GQL-OP create_org_list]
  mutation {
    createWishlist(command: {
      storeId: ""{{STORE_ID}}""
      userId: ""@td(TECHFLOW_ADMIN.platform_id)""
      listName: ""AGENT-TEST-WL-025-ORG""
      scope: ""organization""
    }) { id scope }
  }
[GQL-EXEC create_org_list]
[GQL-CAPTURE create_org_list.data.createWishlist.id → ORG_LIST_ID]
[AUTH role=USER2]
[GQL-OP personal_me]
  query { me { id contact { organizationId } } }
[GQL-EXEC personal_me]
[GQL-CAPTURE personal_me.data.me.id → PERSONAL_USER_ID]
[GQL-OP create_personal_list]
  mutation {
    createWishlist(command: {
      storeId: ""{{STORE_ID}}""
      userId: ""{{PERSONAL_USER_ID}}""
      listName: ""AGENT-TEST-WL-025-PERSONAL""
    }) { id name scope }
  }
[GQL-EXEC create_personal_list]
[GQL-CAPTURE create_personal_list.data.createWishlist.id → PERSONAL_LIST_ID]
[GQL-OP personal_reads_org]
  query { wishlist(listId: ""{{ORG_LIST_ID}}"") { id name scope } }
[GQL-EXEC personal_reads_org]
[GQL-OP cleanup_personal]
  mutation { removeWishlist(command: { listId: ""{{PERSONAL_LIST_ID}}"" }) }
[GQL-EXEC cleanup_personal]
[AUTH role=ORG_USER]
[GQL-OP cleanup_org]
  mutation { removeWishlist(command: { listId: ""{{ORG_LIST_ID}}"" }) }
[GQL-EXEC cleanup_org]","[ERRORS label=personal_me] errors[] empty
[DATA label=personal_me] data.me.contact.organizationId is null
[ERRORS label=create_personal_list] errors[] empty
[DATA label=create_personal_list] data.createWishlist.id is non-empty GUID
[DATA label=personal_reads_org] data.wishlist is null","[EVIDENCE] personal_reads_org: either errors[] with access-denied OR data.wishlist null. Both acceptable.
[EVIDENCE] personal_me.contact.organizationId confirmed null — USER2 is genuinely unaffiliated",USER2 has org_id set (not a personal account); personal user reads org-scope list successfully (isolation failure),none — inline cleanup,VCST-1416; VCST-21; xAPI; graphql-schema.md BL-AUTH-004 | Promoted: REG-2026-08-26-1600 (2026-08-26),Automated
WISH-026,Personal Account — Cannot Access Org List by ID,GraphQL > Wishlist > B2B,Critical,BL-B2B-001; BL-AUTH-006,ECL-2.1; ECL-10.2,Runner-native. Shorter variant of WISH-025 — USER2 directly attempts to read an ORG_USER-owned org-scope wishlist by ID.,—,"[AUTH role=ORG_USER]
[GQL-OP org_me]
  query { me { id } }
[GQL-EXEC org_me]
[GQL-CAPTURE org_me.data.me.id → ORG_USER_ID]
[GQL-OP create_org_list]
  mutation {
    createWishlist(command: {
      storeId: ""{{STORE_ID}}""
      userId: ""@td(TECHFLOW_ADMIN.platform_id)""
      listName: ""AGENT-TEST-WL-026-ORG""
      scope: ""organization""
    }) { id scope }
  }
[GQL-EXEC create_org_list]
[GQL-CAPTURE create_org_list.data.createWishlist.id → ORG_LIST_ID]
[AUTH role=USER2]
[GQL-OP personal_me]
  query { me { contact { organizationId } } }
[GQL-EXEC personal_me]
[GQL-OP personal_reads_org]
  query { wishlist(listId: ""{{ORG_LIST_ID}}"") { id name scope items { productId } } }
[GQL-EXEC personal_reads_org]
[AUTH role=ORG_USER]
[GQL-OP cleanup_remove]
  mutation { removeWishlist(command: { listId: ""{{ORG_LIST_ID}}"" }) }
[GQL-EXEC cleanup_remove]","[ERRORS label=personal_me] errors[] empty
[DATA label=personal_me] data.me.contact.organizationId is null
[DATA label=personal_reads_org] data.wishlist is null","[EVIDENCE] personal_reads_org response: either errors[] non-empty with access-denied OR data.wishlist null. No org-scope data leaked to personal account (BL-B2B-001, BL-AUTH-006).",Personal account reads org-scope list data (isolation failure); organizationId non-null on USER2 (not actually a personal account),none — inline cleanup,VCST-1416; VCST-21; xAPI; graphql-schema.md BL-B2B-001 BL-AUTH-006 | Promoted: REG-2026-08-26-1600 (2026-08-26),Automated
WISH-027,addWishlistBulkItem — Add To Single List (Bulk-Mutation Shape),GraphQL > Wishlist > Items,Medium,BL-GQL-001; BL-GQL-004,ECL-10.2; ECL-2.1,Runner-native. addWishlistBulkItem takes listIds [String]! + top-level productId/quantity (different shape than addWishlistItem). Captures real product GUID.,—,"[AUTH role=ORG_USER]
[GQL-OP setup_me]
  query { me { id } }
[GQL-EXEC setup_me]
[GQL-CAPTURE setup_me.data.me.id → USER_ID]
[GQL-OP setup_prod]
  query { products(storeId: ""{{STORE_ID}}"" first: 1 filter: ""code:@td(BUYABLE_NO_MIN_QTY.code)"") { items { id } } }
[GQL-EXEC setup_prod]
[GQL-CAPTURE setup_prod.data.products.items.0.id → PRODUCT_ID]
[GQL-OP create_list]
  mutation { createWishlist(command: { storeId: ""{{STORE_ID}}"" userId: ""{{USER_ID}}"" listName: ""AGENT-TEST-WL-027"" }) { id } }
[GQL-EXEC create_list]
[GQL-CAPTURE create_list.data.createWishlist.id → LIST_ID]
[GQL-OP bulk_add]
  mutation {
    addWishlistBulkItem(command: {
      listIds: [""{{LIST_ID}}""]
      productId: ""{{PRODUCT_ID}}""
      quantity: 1
    }) {
      wishlists { id itemsCount items { productId quantity } }
    }
  }
[GQL-EXEC bulk_add]
[GQL-OP cleanup_remove]
  mutation { removeWishlist(command: { listId: ""{{LIST_ID}}"" }) }
[GQL-EXEC cleanup_remove]","[ERRORS label=bulk_add] errors[] empty
[DATA label=bulk_add] data.addWishlistBulkItem.wishlists is non-null
[COUNT label=bulk_add] data.addWishlistBulkItem.wishlists.length = 1
[COUNT label=bulk_add] data.addWishlistBulkItem.wishlists.0.itemsCount = 1",[ROUNDTRIP label=bulk_add] items[0].productId matches @td(PROD_HEADPHONES.sku) — verify in evidence,errors[] non-empty; wishlists[] empty; itemsCount = 0; schema drift on InputAddWishlistBulkItemType,none — inline cleanup,xAPI; graphql-schema.md — Mutation.addWishlistBulkItem,Automated
WISH-028,wishlists Query — Pagination Boundary (first=1) + Sort,GraphQL > Wishlist > Queries,Medium,BL-GQL-001; BL-GQL-004,ECL-10.2,"Runner-native. ORG_USER authenticated. Creates 2 wishlists then queries with first=1 (boundary) and a sort argument to verify pagination truncates correctly while totalCount still reflects the full set. Closes the TC-001 technique-coverage gap for the GraphQL > Wishlist group (no boundary case existed) and exercises the wishlists(sort) argument, which no prior case covered.",first_boundary=1,"[AUTH role=ORG_USER]
[GQL-OP setup_me]
  query { me { id } }
[GQL-EXEC setup_me]
[GQL-CAPTURE setup_me.data.me.id → USER_ID]
[GQL-OP create_a]
  mutation { createWishlist(command: { storeId: ""{{STORE_ID}}"" userId: ""{{USER_ID}}"" listName: ""AGENT-TEST-WL-028-A"" }) { id } }
[GQL-EXEC create_a]
[GQL-CAPTURE create_a.data.createWishlist.id → LIST_A_ID]
[GQL-OP create_b]
  mutation { createWishlist(command: { storeId: ""{{STORE_ID}}"" userId: ""{{USER_ID}}"" listName: ""AGENT-TEST-WL-028-B"" }) { id } }
[GQL-EXEC create_b]
[GQL-CAPTURE create_b.data.createWishlist.id → LIST_B_ID]
[GQL-OP page_boundary]
  query { wishlists(storeId: ""{{STORE_ID}}"" userId: ""{{USER_ID}}"" first: 1 sort: ""createdDate:desc"") { totalCount items { id name } } }
[GQL-EXEC page_boundary]
[GQL-OP cleanup_a]
  mutation { removeWishlist(command: { listId: ""{{LIST_A_ID}}"" }) }
[GQL-EXEC cleanup_a]
[GQL-OP cleanup_b]
  mutation { removeWishlist(command: { listId: ""{{LIST_B_ID}}"" }) }
[GQL-EXEC cleanup_b]","[ERRORS label=page_boundary] errors[] empty {BL}
[COUNT label=page_boundary] data.wishlists.items.length <= 1 {DOC}
[COUNT label=page_boundary] data.wishlists.totalCount >= 2 {DOC}
[DATA label=page_boundary] data.wishlists.items is non-null {DOC}","[ROUNDTRIP label=page_boundary] re-query with first: 100 → same totalCount, items.length reflects both created lists (runner-manual)",errors[] non-empty; items.length > first (boundary not enforced); totalCount does not reflect both created lists; sort argument rejected as an invalid value,none — inline cleanup,"xAPI; graphql-schema.md — Query.wishlists(first, sort); Synced: lifecycle lists/SFL (2026-08-05) | Promoted: REG-2026-08-26-1600 (2026-08-26)",Automated
WISH-029,addWishlistItem — Duplicate Product Add Behavior (Discovery Probe),GraphQL > Wishlist > Items,Medium,BL-GQL-001,ECL-10.2,"Runner-native. ORG_USER authenticated. Adds the same product to a wishlist twice via two separate addWishlistItem calls. The server-side duplicate-add contract is UNDOCUMENTED for wishlists — unlike BL-CART-007 (cart merges same-SKU adds into one line), no equivalent invariant exists for wishlists yet. This case is a discovery probe (PROPOSED-BL-LIST-DUP candidate) rather than a settled invariant; see BL audit handoff.",—,"[AUTH role=ORG_USER]
[GQL-OP setup_me]
  query { me { id } }
[GQL-EXEC setup_me]
[GQL-CAPTURE setup_me.data.me.id → USER_ID]
[GQL-OP setup_prod]
  query { products(storeId: ""{{STORE_ID}}"" first: 1 filter: ""code:@td(BUYABLE_NO_MIN_QTY.code)"") { items { id } } }
[GQL-EXEC setup_prod]
[GQL-CAPTURE setup_prod.data.products.items.0.id → PRODUCT_ID]
[GQL-OP create_list]
  mutation { createWishlist(command: { storeId: ""{{STORE_ID}}"" userId: ""{{USER_ID}}"" listName: ""AGENT-TEST-WL-029"" }) { id } }
[GQL-EXEC create_list]
[GQL-CAPTURE create_list.data.createWishlist.id → LIST_ID]
[GQL-OP add_first]
  mutation { addWishlistItem(command: { listId: ""{{LIST_ID}}"" productId: ""{{PRODUCT_ID}}"" quantity: 1 }) { id itemsCount items { id productId quantity } } }
[GQL-EXEC add_first]
[GQL-OP add_duplicate]
  mutation { addWishlistItem(command: { listId: ""{{LIST_ID}}"" productId: ""{{PRODUCT_ID}}"" quantity: 1 }) { id itemsCount items { id productId quantity } } }
[GQL-EXEC add_duplicate]
[GQL-OP cleanup_remove]
  mutation { removeWishlist(command: { listId: ""{{LIST_ID}}"" }) }
[GQL-EXEC cleanup_remove]","[ERRORS label=add_first] errors[] empty {BL}
[COUNT label=add_first] data.addWishlistItem.itemsCount = 1 {BL}
[ERRORS label=add_duplicate] errors[] empty {BL}
[COUNT label=add_duplicate] data.addWishlistItem.itemsCount = 1 {OBSERVED}
[DATA label=add_duplicate] data.addWishlistItem.items.0.quantity = 2 {OBSERVED}",[ROUNDTRIP label=add_duplicate] wishlist(listId) → items[] shape matches whichever contract add_duplicate observed,errors[] non-empty on either add; itemsCount grows unboundedly on repeated identical adds (neither dedupe nor a clean second line); duplicate lineItemId collision between the two adds,none — inline cleanup,xAPI; graphql-schema.md — Mutation.addWishlistItem; Synced: lifecycle lists/SFL (2026-08-05),Draft
WISH-30,Product Wishlist Markers Are Scoped Per storeId — Cross-Store Isolation (VCST-5705),GraphQL > Wishlist > storeId Scoping (VCST-5705),High,PROPOSED-BL-WISH-STORE,ECL-2.1,"Runner-native. VCST-5705 fixed FindWishlistsByProductsAsync to apply storeId (previously accepted-but-ignored), so Product.inWishlist/wishlistIds no longer leak wishlist ids across stores. This case needs a SECOND genuinely-provisioned store on the current environment — {{STORE_ID_SECONDARY}} is set in .env.defaults but is NOT provisioned as a real second store on vcst (the same known env-config gap already logged against SR-GQL-008/013/027 in suite 050m) — VACUOUS / NOT EXECUTED on vcst until a second store is provisioned on this environment; runs on an env where {{STORE_ID_SECONDARY}} resolves to a real store (e.g. vcptcore, per SR_REP_SECOND_STORE). Auth ORG_USER.",product_id=@td(BUYABLE_NO_MIN_QTY.id),"[AUTH role=ORG_USER]
[GQL-OP setup_me]
  query { me { id } }
[GQL-EXEC setup_me]
[GQL-CAPTURE setup_me.data.me.id → USER_ID]
[GQL-OP create_list_a]
  mutation { createWishlist(command: { storeId: ""{{STORE_ID}}"" userId: ""{{USER_ID}}"" listName: ""AGENT-TEST-WL-030-A"" }) { id storeId } }
[GQL-EXEC create_list_a]
[GQL-CAPTURE create_list_a.data.createWishlist.id → LIST_A_ID]
[GQL-OP add_item_a]
  mutation { addWishlistItem(command: { listId: ""{{LIST_A_ID}}"" productId: ""{{product_id}}"" quantity: 1 }) { id itemsCount } }
[GQL-EXEC add_item_a]
[GQL-OP create_list_b]
  mutation { createWishlist(command: { storeId: ""{{STORE_ID_SECONDARY}}"" userId: ""{{USER_ID}}"" listName: ""AGENT-TEST-WL-030-B"" }) { id storeId } }
[GQL-EXEC create_list_b]
[GQL-CAPTURE create_list_b.data.createWishlist.id → LIST_B_ID]
[GQL-OP add_item_b]
  mutation { addWishlistItem(command: { listId: ""{{LIST_B_ID}}"" productId: ""{{product_id}}"" quantity: 1 }) { id itemsCount } }
[GQL-EXEC add_item_b]
[GQL-OP check_store_a]
  query { product(id: ""{{product_id}}"" storeId: ""{{STORE_ID}}"" userId: ""{{USER_ID}}"") { id inWishlist wishlistIds } }
[GQL-EXEC check_store_a]
[GQL-OP check_store_b]
  query { product(id: ""{{product_id}}"" storeId: ""{{STORE_ID_SECONDARY}}"" userId: ""{{USER_ID}}"") { id inWishlist wishlistIds } }
[GQL-EXEC check_store_b]
[GQL-OP cleanup_a]
  mutation { removeWishlist(command: { listId: ""{{LIST_A_ID}}"" }) }
[GQL-EXEC cleanup_a]
[GQL-OP cleanup_b]
  mutation { removeWishlist(command: { listId: ""{{LIST_B_ID}}"" }) }
[GQL-EXEC cleanup_b]","[ERRORS label=check_store_a] errors[] empty {SPEC}
[DATA label=check_store_a] data.product.inWishlist = true {SPEC}
[COUNT label=check_store_a] data.product.wishlistIds.length = 1 {SPEC}
[DATA label=check_store_a] data.product.wishlistIds.0 = {{LIST_A_ID}} {SPEC}
[ERRORS label=check_store_b] errors[] empty {SPEC}
[DATA label=check_store_b] data.product.inWishlist = true {SPEC}
[COUNT label=check_store_b] data.product.wishlistIds.length = 1 {SPEC}
[DATA label=check_store_b] data.product.wishlistIds.0 = {{LIST_B_ID}} {SPEC}",[EVIDENCE] pre-fix behavior (storeId ignored) would have shown wishlistIds.length=2 in BOTH store contexts (both list ids leaking cross-store) — this case fails loudly on the reverted code,"wishlistIds.length > 1 in either store context (cross-store leak — the exact VCST-5705 regression), inWishlist=false despite an item being added, errors[] non-empty",none — inline cleanup removes both wishlists,VCST-5705,Automated
WISH-31,Wishlist Lookup Paths Agree — Raw-SQL By-Products Lookup vs LINQ Customer-Wishlists Query (VCST-5705),GraphQL > Wishlist > storeId Scoping (VCST-5705),Medium,PROPOSED-BL-WISH-STORE,,Runner-native. VCST-5705's own description flags that the raw-SQL by-products lookup (backs product.wishlistIds/inWishlist) and the LINQ WishlistService.GetCustomerWishListsQuery (backs the wishlists() query) previously disagreed on storeId scoping. This case proves the two code paths now agree for the SAME customer+store: a wishlist created and populated by ORG_USER must be visible via BOTH paths. Auth ORG_USER.,product_id=@td(BUYABLE_NO_MIN_QTY.id),"[AUTH role=ORG_USER]
[GQL-OP setup_me]
  query { me { id } }
[GQL-EXEC setup_me]
[GQL-CAPTURE setup_me.data.me.id → USER_ID]
[GQL-OP create_list]
  mutation { createWishlist(command: { storeId: ""{{STORE_ID}}"" userId: ""{{USER_ID}}"" listName: ""AGENT-TEST-WL-031"" }) { id } }
[GQL-EXEC create_list]
[GQL-CAPTURE create_list.data.createWishlist.id → LIST_ID]
[GQL-OP add_item]
  mutation { addWishlistItem(command: { listId: ""{{LIST_ID}}"" productId: ""{{product_id}}"" quantity: 1 }) { id itemsCount } }
[GQL-EXEC add_item]
[GQL-OP path_by_products]
  query { product(id: ""{{product_id}}"" storeId: ""{{STORE_ID}}"" userId: ""{{USER_ID}}"") { id wishlistIds } }
[GQL-EXEC path_by_products]
[GQL-OP path_customer_lists]
  query { wishlists(storeId: ""{{STORE_ID}}"" userId: ""{{USER_ID}}"") { totalCount items { id } } }
[GQL-EXEC path_customer_lists]
[GQL-OP cleanup_remove]
  mutation { removeWishlist(command: { listId: ""{{LIST_ID}}"" }) }
[GQL-EXEC cleanup_remove]","[ERRORS label=path_by_products] errors[] empty {SPEC}
[ERRORS label=path_customer_lists] errors[] empty {SPEC}
[DATA label=path_by_products] data.product.wishlistIds.0 = {{LIST_ID}} {SPEC}
[COUNT label=path_by_products] data.product.wishlistIds.length = 1 {DOC}
[DATA label=path_customer_lists] data.wishlists.items[?id={{LIST_ID}}].id = {{LIST_ID}} {SPEC}","[EVIDENCE] the two assertions above exercise genuinely different code paths per VCST-5705 (raw ADO.NET SQL vs EF/LINQ) — agreement here is the exact regression the ticket's ""two code paths disagreed"" defect describes","LIST_ID present via one path but absent via the other (path divergence — the two owning services disagree on this customer's wishlists), errors[] non-empty on either query",none — inline cleanup removes the wishlist,VCST-5705,Automated
WISH-32,Organization-Scoped Wishlist Predicate Is Seekable and Still Finds a Shared List for Any Org Member (VCST-5705),GraphQL > Wishlist > storeId Scoping (VCST-5705),High,PROPOSED-BL-WISH-STORE; BL-B2B-001,ECL-2.1,"Runner-native. VCST-5705 rewrote the customer/organization predicate from a non-SARGable OR into two seekable UNION ALL branches (customerId with OrganizationId IS NULL, OR organizationId). This case proves the organization branch still resolves correctly post-rewrite: an org-scope wishlist created by one member (userId=@td(TECHFLOW_ADMIN.platform_id), mirrors the established WISH-025 org-list creation pattern) must be found via product.wishlistIds/inWishlist when queried by a DIFFERENT member of the SAME organization (TECHFLOW_BUYER) — TECHFLOW_BUYER never owns this list, so the only predicate branch that can find it is the organizationId branch.",product_id=@td(BUYABLE_NO_MIN_QTY.id),"[AUTH role=ORG_USER]
[GQL-OP create_org_list]
  mutation {
    createWishlist(command: {
      storeId: ""{{STORE_ID}}""
      userId: ""@td(TECHFLOW_ADMIN.platform_id)""
      listName: ""AGENT-TEST-WL-032-ORG""
      scope: ""Organization""
    }) { id scope }
  }
[GQL-EXEC create_org_list]
[GQL-CAPTURE create_org_list.data.createWishlist.id → ORG_LIST_ID]
[GQL-OP add_item]
  mutation { addWishlistItem(command: { listId: ""{{ORG_LIST_ID}}"" productId: ""{{product_id}}"" quantity: 1 }) { id itemsCount } }
[GQL-EXEC add_item]
[AUTH role=TECHFLOW_BUYER]
[GQL-OP buyer_me]
  query { me { id contact { organizationId } } }
[GQL-EXEC buyer_me]
[GQL-CAPTURE buyer_me.data.me.id → BUYER_ID]
[GQL-OP check_org_marker]
  query { product(id: ""{{product_id}}"" storeId: ""{{STORE_ID}}"" userId: ""{{BUYER_ID}}"") { id inWishlist wishlistIds } }
[GQL-EXEC check_org_marker]
[AUTH role=ORG_USER]
[GQL-OP cleanup_remove]
  mutation { removeWishlist(command: { listId: ""{{ORG_LIST_ID}}"" }) }
[GQL-EXEC cleanup_remove]","[ERRORS label=buyer_me] errors[] empty {SPEC}
[DATA label=buyer_me] data.me.contact.organizationId is non-null {DOC}
[ERRORS label=check_org_marker] errors[] empty {SPEC}
[DATA label=check_org_marker] data.product.inWishlist = true {SPEC}
[DATA label=check_org_marker] data.product.wishlistIds.0 = {{ORG_LIST_ID}} {SPEC}","[EVIDENCE] this exercises the organizationId UNION ALL branch specifically — TECHFLOW_BUYER never owns ORG_LIST_ID, so a false result here would isolate the org-branch regression, not the customer-branch one","inWishlist=false / wishlistIds empty for TECHFLOW_BUYER despite the org-scope list existing (organization branch regressed by the UNION ALL rewrite — the exact risk the ticket calls out), errors[] non-empty",none — inline cleanup removes the org wishlist,VCST-5705,Automated
WISH-33,Rep-Shared Wishlist Appears in the Customer's Own Wishlists With Sharing Metadata (VCST-5332 / VCST-5335),GraphQL > Wishlist > Sales Rep Sharing (VCST-5332),Medium,PROPOSED-BL-WISH-SHARE,ECL-2.1,"Runner-native. VCST-5332 (""Publish list to customer""): a Sales Rep shares a wishlist with a customer organization via changeWishlist(scope, sharedWithId); VCST-5335 requires the customer to then see the list among their own lists carrying a ""recommended by Rep"" marker. scope=""Customer"" and sharedWithId are CONFIRMED live on InputChangeWishlistType this session (introspection); WishlistType.sharingSetting { sharedWithId scope access isOwner } is likewise CONFIRMED live (SharingSettingType). CASE-SENSITIVITY CAVEAT: the input field is a plain String (not the WishlistScopeType enum) — this case uses the PascalCase enum member spelling confirmed by introspection (""Customer""), but the existing WISH-025 case in this same suite uses lowercase (""organization"") for the sibling Organization scope; needs a --verify live pass to confirm which casing the resolver actually accepts before promotion. No dedicated ""recommended by rep"" field exists in the xAPI schema — the marker is inferred client-side from sharingSetting.isOwner=false, asserted directly here. Negative control: TECHFLOW_BUYER (a member of a DIFFERENT, non-shared-with organization) must NOT see the shared list. Auth as SALES_REP (list owner), then ACME_BUYER (member of the shared-with org), then TECHFLOW_BUYER.",product_id=@td(BUYABLE_NO_MIN_QTY.id),"[AUTH role=SALES_REP]
[GQL-OP rep_me]
  query { me { id } }
[GQL-EXEC rep_me]
[GQL-CAPTURE rep_me.data.me.id → REP_ID]
[GQL-OP create_rep_list]
  mutation { createWishlist(command: { storeId: ""{{STORE_ID}}"" userId: ""{{REP_ID}}"" listName: ""AGENT-TEST-WL-033-SHARED"" }) { id } }
[GQL-EXEC create_rep_list]
[GQL-CAPTURE create_rep_list.data.createWishlist.id → SHARED_LIST_ID]
[GQL-OP add_item]
  mutation { addWishlistItem(command: { listId: ""{{SHARED_LIST_ID}}"" productId: ""{{product_id}}"" quantity: 1 }) { id } }
[GQL-EXEC add_item]
[GQL-OP share_with_acme]
  mutation {
    changeWishlist(command: {
      listId: ""{{SHARED_LIST_ID}}""
      scope: ""Customer""
      sharedWithId: ""@td(ORG_ACME.platform_id)""
    }) { id scope sharingSetting { sharedWithId scope access isOwner } }
  }
[GQL-EXEC share_with_acme]
[AUTH role=ACME_BUYER]
[GQL-OP acme_me]
  query { me { id } }
[GQL-EXEC acme_me]
[GQL-CAPTURE acme_me.data.me.id → ACME_BUYER_ID]
[GQL-OP acme_lists]
  query { wishlists(storeId: ""{{STORE_ID}}"" userId: ""{{ACME_BUYER_ID}}"") { totalCount items { id name sharingSetting { sharedWithId scope access isOwner } } } }
[GQL-EXEC acme_lists]
[AUTH role=TECHFLOW_BUYER]
[GQL-OP techflow_me]
  query { me { id } }
[GQL-EXEC techflow_me]
[GQL-CAPTURE techflow_me.data.me.id → TECHFLOW_BUYER_ID]
[GQL-OP other_org_member_lists]
  query { wishlists(storeId: ""{{STORE_ID}}"" userId: ""{{TECHFLOW_BUYER_ID}}"") { items { id } } }
[GQL-EXEC other_org_member_lists]
[AUTH role=SALES_REP]
[GQL-OP cleanup_remove]
  mutation { removeWishlist(command: { listId: ""{{SHARED_LIST_ID}}"" }) }
[GQL-EXEC cleanup_remove]","[ERRORS label=share_with_acme] errors[] empty {SPEC}
[DATA label=share_with_acme] data.changeWishlist.sharingSetting.sharedWithId = @td(ORG_ACME.platform_id) {SPEC}
[ERRORS label=acme_lists] errors[] empty {SPEC}
[DATA label=acme_lists] data.wishlists.items[?id={{SHARED_LIST_ID}}].id = {{SHARED_LIST_ID}} {SPEC}
[DATA label=acme_lists] data.wishlists.items[?id={{SHARED_LIST_ID}}].sharingSetting.isOwner = false {SPEC}
[DATA label=acme_lists] data.wishlists.items[?id={{SHARED_LIST_ID}}].sharingSetting.access is non-null {OBSERVED}
[ERRORS label=other_org_member_lists] errors[] empty {SPEC}
[DATA label=other_org_member_lists] data.wishlists.items[?id={{SHARED_LIST_ID}}] is null {SPEC}",[EVIDENCE] the sharingSetting.access value (Read vs Write) determines whether WISH-34's edit succeeds — confirm live which enum member is actually returned,"SHARED_LIST_ID absent from ACME_BUYER's wishlists() result (share didn't take effect / wrong org id persisted, or the ""Customer"" scope literal is rejected — see the case-sensitivity caveat), sharingSetting null or isOwner=true for ACME_BUYER (ownership not distinguished from sharing), SHARED_LIST_ID visible to TECHFLOW_BUYER (cross-org leak of a Customer-scoped share), errors[] non-empty on the share mutation",none — inline cleanup removes the shared list under the rep's own auth,VCST-5332 VCST-5335,Draft
WISH-34,Customer Can Edit a Rep-Shared Wishlist — Item Removal Persists (VCST-5332),GraphQL > Wishlist > Sales Rep Sharing (VCST-5332),Medium,PROPOSED-BL-WISH-SHARE,,"Runner-native. state from WISH-33 (a rep-owned wishlist shared to @td(ORG_ACME.platform_id) via changeWishlist scope=Customer, visible to ACME_BUYER with sharingSetting.isOwner=false) — this case self-seeds its own independent share rather than depending on WISH-33's execution. VCST-5332's description explicitly confirms ""Lists can be edited"" by the customer. ACME_BUYER (the customer, not the owning rep) mutates the shared list directly (removes the seeded line item) and the read-back confirms the change persisted. Same scope-literal case-sensitivity caveat as WISH-33.",product_id=@td(BUYABLE_NO_MIN_QTY.id),"[AUTH role=SALES_REP]
[GQL-OP rep_me]
  query { me { id } }
[GQL-EXEC rep_me]
[GQL-CAPTURE rep_me.data.me.id → REP_ID]
[GQL-OP create_rep_list]
  mutation { createWishlist(command: { storeId: ""{{STORE_ID}}"" userId: ""{{REP_ID}}"" listName: ""AGENT-TEST-WL-034-SHARED"" }) { id } }
[GQL-EXEC create_rep_list]
[GQL-CAPTURE create_rep_list.data.createWishlist.id → SHARED_LIST_ID]
[GQL-OP add_item]
  mutation { addWishlistItem(command: { listId: ""{{SHARED_LIST_ID}}"" productId: ""{{product_id}}"" quantity: 1 }) { id itemsCount items { id productId } } }
[GQL-EXEC add_item]
[GQL-CAPTURE add_item.data.addWishlistItem.items.0.id → LINE_ITEM_ID]
[GQL-OP share_with_acme]
  mutation { changeWishlist(command: { listId: ""{{SHARED_LIST_ID}}"" scope: ""Customer"" sharedWithId: ""@td(ORG_ACME.platform_id)"" }) { id sharingSetting { access isOwner } } }
[GQL-EXEC share_with_acme]
[AUTH role=ACME_BUYER]
[GQL-OP customer_edits]
  mutation { removeWishlistItem(command: { listId: ""{{SHARED_LIST_ID}}"" lineItemId: ""{{LINE_ITEM_ID}}"" }) { id itemsCount } }
[GQL-EXEC customer_edits]
[GQL-OP read_back]
  query { wishlist(listId: ""{{SHARED_LIST_ID}}"") { id itemsCount items { id } } }
[GQL-EXEC read_back]
[AUTH role=SALES_REP]
[GQL-OP cleanup_remove]
  mutation { removeWishlist(command: { listId: ""{{SHARED_LIST_ID}}"" }) }
[GQL-EXEC cleanup_remove]","[ERRORS label=share_with_acme] errors[] empty {SPEC}
[ERRORS label=customer_edits] errors[] empty {SPEC}
[DATA label=customer_edits] data.removeWishlistItem.itemsCount = 0 {SPEC}
[ERRORS label=read_back] errors[] empty {SPEC}
[COUNT label=read_back] data.wishlist.items.length = 0 {SPEC}
[DATA label=read_back] data.wishlist.itemsCount = 0 {SPEC}","[EVIDENCE] proves VCST-5332's ""Lists can be edited"" AC via an actual customer-initiated mutation on a rep-owned, shared list — not merely a read","customer_edits errors[] non-empty with an authorization/forbidden error (customer cannot edit despite the sharing feature's stated intent), read_back still shows the removed item (mutation didn't persist), itemsCount mismatch between the mutation response and the read-back",none — inline cleanup removes the shared list under the rep's own auth,VCST-5332,Draft
WISH-035,changeWishlist scope=Customer — Org Maintainer (Non-Rep) Denied the Rep-Only Share Action,GraphQL > Wishlist > Sales Rep Sharing (VCST-5332),Critical,BL-SR-002,,"Runner-native. Caller is ACME_ADMIN (b2b/users.csv USR-001, org role ""Organization maintainer"" — the highest-privilege ORG role in @td(ORG_ACME.id)), holding no sales-rep:access permission. VCST-5332 (""Publish list to customer"") designs changeWishlist(scope=""Customer"", sharedWithId) as a SALES-REP action — this suite's only existing Customer-scope coverage (WISH-33/WISH-34) drives it as SALES_REP, and the storefront rep-share flow issues this same mutation with scope=""Customer"" plus the rep-selected sharedWithId (VCST-5332 design intent; background only  this case establishes all of its own state and depends on no case outside this suite). This case is the mutation-level privilege-boundary control neither WISH-33 nor WISH-34 provides: ACME_ADMIN creates their OWN wishlist (createWishlist with no scope arg defaults to scope=Private — observed contract, see WISH-024/WISH-021 siblings) then calls changeWishlist(scope: ""Customer"", sharedWithId: @td(ORG_TECHFLOW.platform_id)) directly on it — the IDENTICAL mutation shape WISH-33 uses, driven by a non-rep org admin instead of a rep. scope and sharedWithId are confirmed present on InputChangeWishlistType (both plain String scalars, matching WISH-33/34's case-sensitivity caveat — this case reuses their exact PascalCase ""Customer"" spelling) via this session's own runner schema cache (scripts/.graphql-schema.cache.json, refreshed 2026-09-01) — a field-name check only, no live result was asserted from it. The verdict is deliberately NOT read from changeWishlist's own response shape — a denial could arrive as errors[] non-empty OR as a silent no-op, and either is an acceptable secure implementation — it is read from a RE-QUERY of the same wishlist by the SAME caller: scope must still read Private and sharingSetting must still be null. A changed scope on read-back is the leak, regardless of what the mutation call itself returned.","list_name=AGENT-TEST-WL-035-{{RUN_ID}}, target_org=@td(ORG_TECHFLOW.platform_id)","[AUTH role=ACME_ADMIN]
[GQL-OP admin_me]
  query { me { id } }
[GQL-EXEC admin_me]
[GQL-CAPTURE admin_me.data.me.id → ACME_ADMIN_ID]
[GQL-OP create_list]
  mutation { createWishlist(command: { storeId: ""{{STORE_ID}}"" userId: ""{{ACME_ADMIN_ID}}"" listName: ""{{list_name}}"" }) { id scope } }
[GQL-EXEC create_list]
[GQL-CAPTURE create_list.data.createWishlist.id → LIST_ID]
[GQL-OP escalate_share]
  mutation {
    changeWishlist(command: {
      listId: ""{{LIST_ID}}""
      scope: ""Customer""
      sharedWithId: ""{{target_org}}""
    }) { id scope sharingSetting { sharedWithId scope access isOwner } }
  }
[GQL-EXEC escalate_share]
[GQL-OP readback]
  query { wishlist(listId: ""{{LIST_ID}}"") { id scope sharingSetting { sharedWithId scope isOwner } } }
[GQL-EXEC readback]
[GQL-OP cleanup]
  mutation { removeWishlist(command: { listId: ""{{LIST_ID}}"" }) }
[GQL-EXEC cleanup]","[ERRORS label=create_list] errors[] empty {OBSERVED}
[DATA label=create_list] data.createWishlist.scope = Private {OBSERVED}
[ERRORS label=escalate_share] errors[] non-empty {OBSERVED}
[DATA label=escalate_share] errors[0].extensions.code = Forbidden {OBSERVED}
[DATA label=escalate_share] data.changeWishlist is null {OBSERVED}
[ERRORS label=readback] errors[] empty {OBSERVED}
[DATA label=readback] data.wishlist.scope = Private {OBSERVED}
[DATA label=readback] data.wishlist.sharingSetting.sharedWithId is null {OBSERVED}","[API] errors[] is empty in the GraphQL response
[NETWORK] no 4xx/5xx on /graphql","Spinner visible >5s, errors[] non-empty in GraphQL response, 4xx/5xx on /graphql",inline — removeWishlist under ACME_ADMIN's own auth,VCST-5332 · Archetype:SCOPE · Technique:EP,Draft
WISH-036,changeWishlist Customer scope — add/remove deltas keep a target set,GraphQL > Wishlist > Sharing (VCST-5707),Critical,BL-SR-002,,"Runner-native. Rep = SALES_REP (SR_REP_PRIMARY) serving orgA (AcmeCorp) and orgB (TechFlow). readerA = ACME_BUYER (AcmeCorp member), readerB = SR_REP_EXCLUSIVE_TECHFLOW (TechFlow member). The delta contract of VCST-5707: addSharedWithIds / removeSharedWithIds edit ONE target set under one key; the ticket bug was a second share REPLACING the first so the first customer got 403. changeWishlist and sharedWishlist are on the default /graphql schema.","rep=@td(SR_REP_PRIMARY.email), orgA=@td(ORG_ACME.platform_id), orgB=@td(ORG_TECHFLOW.platform_id), readerA=@td(ACME_BUYER.email), readerB=@td(SR_REP_EXCLUSIVE_TECHFLOW.email)","[AUTH role=SALES_REP]
[GQL-OP rep_me]
  query { me { id } }
[GQL-EXEC rep_me]
[GQL-CAPTURE rep_me.data.me.id → REP_ID]
[GQL-OP create_list]
  mutation { createWishlist(command: { storeId: ""{{STORE_ID}}"" userId: ""{{REP_ID}}"" listName: ""AGENT-TEST-5707-DELTA"" }) { id } }
[GQL-EXEC create_list]
[GQL-CAPTURE create_list.data.createWishlist.id → LIST_ID]
[GQL-OP add_a]
  mutation { changeWishlist(command: { listId: ""{{LIST_ID}}"" scope: ""Customer"" addSharedWithIds: [""{{orgA}}""] message: ""AGENT-TEST-5707 delta"" }) { id scope sharingSetting { id scope access isOwner message targets { id name } } } }
[GQL-EXEC add_a]
[GQL-CAPTURE add_a.data.changeWishlist.sharingSetting.id → KEY]
[GQL-OP add_b]
  mutation { changeWishlist(command: { listId: ""{{LIST_ID}}"" scope: ""Customer"" addSharedWithIds: [""{{orgB}}""] }) { id scope sharingSetting { id scope access isOwner message targets { id name } } } }
[GQL-EXEC add_b]
[AUTH role=ACME_BUYER]
[GQL-OP a_reads_after_b]
  query { sharedWishlist(sharingKey: ""{{KEY}}"") { id name sharingSetting { scope access isOwner targets { id } } } }
[GQL-EXEC a_reads_after_b]
[AUTH role=SALES_REP]
[GQL-OP remove_a]
  mutation { changeWishlist(command: { listId: ""{{LIST_ID}}"" scope: ""Customer"" removeSharedWithIds: [""{{orgA}}""] }) { id scope sharingSetting { id scope access isOwner message targets { id name } } } }
[GQL-EXEC remove_a]
[AUTH role=ACME_BUYER]
[GQL-OP a_reads_after_remove]
  query { sharedWishlist(sharingKey: ""{{KEY}}"") { id name sharingSetting { scope access isOwner targets { id } } } }
[GQL-EXEC a_reads_after_remove]
[AUTH role=SR_REP_EXCLUSIVE_TECHFLOW]
[GQL-OP b_reads_after_remove]
  query { sharedWishlist(sharingKey: ""{{KEY}}"") { id name sharingSetting { scope access isOwner targets { id } } } }
[GQL-EXEC b_reads_after_remove]
[AUTH role=SALES_REP]
[GQL-OP cleanup_remove]
  mutation { removeWishlist(command: { listId: ""{{LIST_ID}}"" }) }
[GQL-EXEC cleanup_remove]","[ERRORS label=add_a] errors[] empty {OBSERVED}
[COUNT label=add_a] data.changeWishlist.sharingSetting.targets.length = 1 {SPEC}
[DATA label=add_a] data.changeWishlist.sharingSetting.targets[?id={{orgA}}].id = {{orgA}} {SPEC}
[ERRORS label=add_b] errors[] empty {OBSERVED}
[COUNT label=add_b] data.changeWishlist.sharingSetting.targets.length = 2 {OBSERVED}
[DATA label=add_b] data.changeWishlist.sharingSetting.targets[?id={{orgA}}].id = {{orgA}} {SPEC}
[DATA label=add_b] data.changeWishlist.sharingSetting.targets[?id={{orgB}}].id = {{orgB}} {SPEC}
[ERRORS label=a_reads_after_b] errors[] empty {OBSERVED}
[DATA label=a_reads_after_b] data.sharedWishlist.id = {{LIST_ID}} {SPEC}
[DATA label=a_reads_after_b] data.sharedWishlist.sharingSetting.isOwner = false {OBSERVED}
[COUNT label=a_reads_after_b] data.sharedWishlist.sharingSetting.targets.length = 0 {OBSERVED}
[COUNT label=remove_a] data.changeWishlist.sharingSetting.targets.length = 1 {SPEC}
[DATA label=remove_a] data.changeWishlist.sharingSetting.targets[?id={{orgA}}] is null {SPEC}
[DATA label=remove_a] data.changeWishlist.sharingSetting.targets[?id={{orgB}}].id = {{orgB}} {SPEC}
[DATA label=a_reads_after_remove] data.sharedWishlist is null OR errors[] non-empty {OBSERVED}
[ERRORS label=b_reads_after_remove] errors[] empty {SPEC}
[DATA label=b_reads_after_remove] data.sharedWishlist.id = {{LIST_ID}} {SPEC}","[API] errors[] is empty in the GraphQL response
[NETWORK] no 4xx/5xx on /graphql",the second add replaces the first target so readerA (the first customer) gets an error or null on a key it was sent; targets.length is 1 after two adds; removing orgA also revokes orgB; orgA still reads the list after removeSharedWithIds; errors[] non-empty on a valid add,inline — removeWishlist under the rep's own auth (LIST_ID); a case that aborts before the last step leaves one AGENT-TEST-5707-* list for the AGENT-TEST- sweep,VCST-5707 · Archetype:LIFECYCLE · Technique:EG · Test Model VCST-5707 #2/#3 (API leg) · VCST-5925 2.1/2.2 · ticket description repro,Draft
WISH-037,changeWishlist — adding an unserved organization is refused and nothing is written,GraphQL > Wishlist > Sharing (VCST-5707),Critical,BL-SR-002,,"Runner-native. Rep = SALES_REP serving orgA but NOT the unserved organization (SR_UNSERVED_ORG, which provably exists: it is a paging-fixture org another rep serves). vc-module-sales-rep #21: adds must be served by the rep, else ""Access denied."" and NOTHING is written — including a valid id sent in the same write. The unserved id and a nonexistent id answer identically, so the fixture must be a real organization.","rep=@td(SR_REP_PRIMARY.email), unserved=@td(SR_UNSERVED_ORG.platform_id), orgA=@td(ORG_ACME.platform_id)","[AUTH role=SALES_REP]
[GQL-OP rep_me]
  query { me { id } }
[GQL-EXEC rep_me]
[GQL-CAPTURE rep_me.data.me.id → REP_ID]
[GQL-OP create_list]
  mutation { createWishlist(command: { storeId: ""{{STORE_ID}}"" userId: ""{{REP_ID}}"" listName: ""AGENT-TEST-5707-UNSERVED"" }) { id } }
[GQL-EXEC create_list]
[GQL-CAPTURE create_list.data.createWishlist.id → LIST_ID]
[GQL-OP add_mixed]
  mutation { changeWishlist(command: { listId: ""{{LIST_ID}}"" scope: ""Customer"" addSharedWithIds: [""{{orgA}}"", ""{{unserved}}""] }) { id scope sharingSetting { id scope access isOwner message targets { id name } } } }
[GQL-EXEC add_mixed]
[AUTH role=SALES_REP]
[GQL-OP readback]
  query { wishlist(listId: ""{{LIST_ID}}"") { id scope  } }
[GQL-EXEC readback]
[AUTH role=SALES_REP]
[GQL-OP cleanup_remove]
  mutation { removeWishlist(command: { listId: ""{{LIST_ID}}"" }) }
[GQL-EXEC cleanup_remove]","[ERRORS label=add_mixed] errors[] non-empty {OBSERVED}
[DATA label=add_mixed] errors[0].message = Access denied. {OBSERVED}
[ERRORS label=readback] errors[] empty {OBSERVED}
[DATA label=readback] data.wishlist.scope = Private {OBSERVED}","[API] errors[] is empty in the GraphQL response
[NETWORK] no 4xx/5xx on /graphql","add_mixed succeeds (an organization the rep does not serve was granted access); the valid orgA id was written although the write was refused (partial write, readback scope is not Private); the refusal is an HTTP 5xx instead of an in-band errors[] entry",inline — removeWishlist under the rep's own auth (LIST_ID); a case that aborts before the last step leaves one AGENT-TEST-5707-* list for the AGENT-TEST- sweep,VCST-5707 · Archetype:SCOPE · Technique:DT · Test Model VCST-5707 #21 · BL-SR-002 · sales-rep #21 AuthorizeCustomerShareAsync,Draft
WISH-038,changeWishlist — empty Customer set is rejected with INVALID_OPERATION,GraphQL > Wishlist > Sharing (VCST-5707),Medium,BL-SR-002,,"Runner-native. Rep = SALES_REP serving orgA. A Customer share must always keep at least one target: removing the last one, or switching to Customer with no ids, is refused with INVALID_OPERATION (the generic message ""Error trying to resolve field 'changeWishlist'."" is a separate finding — the code is what is asserted). The storefront disables Save on an empty set; this is the server-side twin.","rep=@td(SR_REP_PRIMARY.email), orgA=@td(ORG_ACME.platform_id)","[AUTH role=SALES_REP]
[GQL-OP rep_me]
  query { me { id } }
[GQL-EXEC rep_me]
[GQL-CAPTURE rep_me.data.me.id → REP_ID]
[GQL-OP create_list]
  mutation { createWishlist(command: { storeId: ""{{STORE_ID}}"" userId: ""{{REP_ID}}"" listName: ""AGENT-TEST-5707-EMPTY"" }) { id } }
[GQL-EXEC create_list]
[GQL-CAPTURE create_list.data.createWishlist.id → LIST_ID]
[GQL-OP add_a]
  mutation { changeWishlist(command: { listId: ""{{LIST_ID}}"" scope: ""Customer"" addSharedWithIds: [""{{orgA}}""] }) { id scope sharingSetting { id scope access isOwner message targets { id name } } } }
[GQL-EXEC add_a]
[GQL-OP remove_last]
  mutation { changeWishlist(command: { listId: ""{{LIST_ID}}"" scope: ""Customer"" removeSharedWithIds: [""{{orgA}}""] }) { id scope sharingSetting { id scope access isOwner message targets { id name } } } }
[GQL-EXEC remove_last]
[GQL-OP readback]
  query { wishlist(listId: ""{{LIST_ID}}"") { id scope sharingSetting { targets { id } } } }
[GQL-EXEC readback]
[GQL-OP to_private]
  mutation { changeWishlist(command: { listId: ""{{LIST_ID}}"" scope: ""Private"" }) { id scope sharingSetting { id scope access isOwner message targets { id name } } } }
[GQL-EXEC to_private]
[GQL-OP customer_no_ids]
  mutation { changeWishlist(command: { listId: ""{{LIST_ID}}"" scope: ""Customer"" }) { id scope sharingSetting { id scope access isOwner message targets { id name } } } }
[GQL-EXEC customer_no_ids]
[AUTH role=SALES_REP]
[GQL-OP cleanup_remove]
  mutation { removeWishlist(command: { listId: ""{{LIST_ID}}"" }) }
[GQL-EXEC cleanup_remove]","[ERRORS label=add_a] errors[] empty {OBSERVED}
[ERRORS label=remove_last] errors[] non-empty {OBSERVED}
[DATA label=remove_last] errors[0].extensions.code = INVALID_OPERATION {OBSERVED}
[ERRORS label=readback] errors[] empty {OBSERVED}
[COUNT label=readback] data.wishlist.sharingSetting.targets.length = 1 {SPEC}
[DATA label=readback] data.wishlist.sharingSetting.targets[?id={{orgA}}].id = {{orgA}} {SPEC}
[ERRORS label=to_private] errors[] empty {OBSERVED}
[ERRORS label=customer_no_ids] errors[] non-empty {OBSERVED}
[DATA label=customer_no_ids] errors[0].extensions.code = INVALID_OPERATION {OBSERVED}","[API] errors[] is empty in the GraphQL response
[NETWORK] no 4xx/5xx on /graphql",removing the last target succeeds and leaves an unreachable Customer list; the refusal arrives as HTTP 500 or with a different code; the refused write still removed the target (readback shows zero); switching to Customer with no ids succeeds,inline — removeWishlist under the rep's own auth (LIST_ID); a case that aborts before the last step leaves one AGENT-TEST-5707-* list for the AGENT-TEST- sweep,VCST-5707 · Archetype:SILENT · Technique:BVA · Test Model VCST-5707 #8 (API leg) · sales-rep #21 · ECL-14 (generic resolver message noted),Draft
WISH-039,"sharedWishlist and wishlist(listId) — targeted member reads, untargeted member denied",GraphQL > Wishlist > Sharing (VCST-5707),Critical,BL-SR-002,,"Runner-native. Rep = SALES_REP shares a list with orgA only. readerA = ACME_BUYER (AcmeCorp member, org-scoped grant) is a target; readerB = SR_REP_EXCLUSIVE_TECHFLOW (a TechFlow member serving only TechFlow) is a served-but-NON-target org member. The link path (sharedWishlist) works for a target on the build under test; the list-id path (wishlist(listId)) for a target is VCST-5925 3.1 and is expected to FAIL (""Access denied."") — a finding, kept as the contract states it. Targeted readers must see targets: [] and isOwner false.","rep=@td(SR_REP_PRIMARY.email), orgA=@td(ORG_ACME.platform_id), nonTarget=@td(ORG_ACMEWEST.platform_id), readerA=@td(ACME_BUYER.email), readerB=@td(SR_REP_EXCLUSIVE_TECHFLOW.email)","[AUTH role=SALES_REP]
[GQL-OP rep_me]
  query { me { id } }
[GQL-EXEC rep_me]
[GQL-CAPTURE rep_me.data.me.id → REP_ID]
[GQL-OP create_list]
  mutation { createWishlist(command: { storeId: ""{{STORE_ID}}"" userId: ""{{REP_ID}}"" listName: ""AGENT-TEST-5707-READS"" }) { id } }
[GQL-EXEC create_list]
[GQL-CAPTURE create_list.data.createWishlist.id → LIST_ID]
[GQL-OP share_a]
  mutation { changeWishlist(command: { listId: ""{{LIST_ID}}"" scope: ""Customer"" addSharedWithIds: [""{{orgA}}""] }) { id scope sharingSetting { id scope access isOwner message targets { id name } } } }
[GQL-EXEC share_a]
[GQL-CAPTURE share_a.data.changeWishlist.sharingSetting.id → KEY]
[AUTH role=ACME_BUYER]
[GQL-OP target_by_key]
  query { sharedWishlist(sharingKey: ""{{KEY}}"") { id name sharingSetting { scope access isOwner targets { id } } } }
[GQL-EXEC target_by_key]
[AUTH role=ACME_BUYER]
[GQL-OP target_by_list_id]
  query { wishlist(listId: ""{{LIST_ID}}"") { id name } }
[GQL-EXEC target_by_list_id]
[AUTH role=SR_REP_EXCLUSIVE_TECHFLOW]
[GQL-OP non_target_by_key]
  query { sharedWishlist(sharingKey: ""{{KEY}}"") { id name sharingSetting { scope access isOwner targets { id } } } }
[GQL-EXEC non_target_by_key]
[AUTH role=SR_REP_EXCLUSIVE_TECHFLOW]
[GQL-OP non_target_by_list_id]
  query { wishlist(listId: ""{{LIST_ID}}"") { id name } }
[GQL-EXEC non_target_by_list_id]
[AUTH role=SALES_REP]
[GQL-OP cleanup_remove]
  mutation { removeWishlist(command: { listId: ""{{LIST_ID}}"" }) }
[GQL-EXEC cleanup_remove]","[ERRORS label=share_a] errors[] empty {OBSERVED}
[ERRORS label=target_by_key] errors[] empty {OBSERVED}
[DATA label=target_by_key] data.sharedWishlist.id = {{LIST_ID}} {SPEC}
[DATA label=target_by_key] data.sharedWishlist.sharingSetting.isOwner = false {OBSERVED}
[COUNT label=target_by_key] data.sharedWishlist.sharingSetting.targets.length = 0 {OBSERVED}
[ERRORS label=target_by_list_id] errors[] empty {SPEC}
[DATA label=target_by_list_id] data.wishlist.id = {{LIST_ID}} {SPEC}
[DATA label=non_target_by_key] data.sharedWishlist is null OR errors[] non-empty {SPEC}
[DATA label=non_target_by_list_id] data.wishlist is null OR errors[] non-empty {SPEC}","[API] errors[] is empty in the GraphQL response
[NETWORK] no 4xx/5xx on /graphql","a served but untargeted organization reads the list by key or by list id (BL-SR-002 cross-org leak); the target is denied on the link path; the target is denied on the list-id path although it holds Read by link (VCST-5925 3.1, open); a targeted reader sees the other recipients",inline — removeWishlist under the rep's own auth (LIST_ID); a case that aborts before the last step leaves one AGENT-TEST-5707-* list for the AGENT-TEST- sweep,"VCST-5707 · Archetype:SCOPE · Technique:DT · Test Model VCST-5707 #11 · VCST-5925 3.1 · KB-AA3C8721 · BL-SR-002 Corrected: VCST-5707 (2026-10-05) — CONFIRMED known-fail, expectation unchanged: a target-org reader reading by listId gets 'Access denied.' (VCST-5925 3.1, still open; REG-2026-10-05-1613). Catches:VCST-5925",Draft
WISH-040,"sendCustomerCommunication — one notification per newly added org, member deduplicated",GraphQL > Wishlist > Sharing (VCST-5707),High,BL-SR-002,,"Runner-native. sendCustomerCommunication takes organizationIds (<=1000) and sends ONE notification per member however many of the listed organizations contain them; the sender is excluded (sales-rep #21). The multi-org member fixture (a member of two served organizations) is a FIXTURE-GAP on this stand (MULTI_ORG_TF_BR belongs to an unserved TechFlow duplicate), so member dedup is exercised with the same organization listed twice. Push only (sendEmail:false) so the outbound-mail gap of the stand cannot mask the result. The inbox projection is asynchronous: the read polls.","rep=@td(SR_REP_PRIMARY.email), orgA=@td(ORG_ACME.platform_id), msg=AGENT-TEST-5707-DEDUP-{{RUN_ID}}, readerA=@td(ACME_BUYER.email)","[AUTH role=SALES_REP]
[GQL-OP send_twice]
  mutation { sendCustomerCommunication(command: { organizationIds: [""{{orgA}}"", ""{{orgA}}""] sendPush: true sendEmail: false title: ""AGENT-TEST-5707 dedupe"" message: ""{{msg}}"" storeId: ""{{STORE_ID}}"" }) { succeeded pushSent emailSent warnings } }
[GQL-EXEC send_twice]
[AUTH role=ACME_BUYER]
[GQL-OP after_inbox]
  query { pushMessages(first: 50, unreadOnly: false) { totalCount items { id shortMessage } } }
[GQL-EXEC after_inbox]
[WAIT until=after_inbox timeout=30 interval=3] data.pushMessages.items[?shortMessage={{msg}}] is non-null","[ERRORS label=send_twice] errors[] empty {OBSERVED}
[DATA label=send_twice] data.sendCustomerCommunication.succeeded = true {OBSERVED}
[DATA label=send_twice] data.sendCustomerCommunication.pushSent = true {OBSERVED}
[DATA label=send_twice] data.sendCustomerCommunication.emailSent = false {OBSERVED}
[ERRORS label=after_inbox] errors[] empty {OBSERVED}
[COUNT label=after_inbox] data.pushMessages.items[*?shortMessage={{msg}}].length = 1 {SPEC}","[API] errors[] is empty in the GraphQL response
[NETWORK] no 4xx/5xx on /graphql",the buyer receives the notification twice for one organization listed twice; no push reaches the buyer within the poll window; pushSent is true but no inbox entry appears; the response reports succeeded:false with a warnings entry for a valid organization,none — the call creates one push message addressed to the fixture buyer; the inbox is append-only and the case asserts by its run-unique message text,VCST-5707 · Archetype:REPLAY · Technique:DT · Test Model VCST-5707 #10 (API leg) · sales-rep #21 · BL-NOTIF-003,Draft
WISH-041,"changeWishlist legacy sharedWithId — replaces a single target, refuses a multi-target list",GraphQL > Wishlist > Sharing (VCST-5707),High,BL-SR-002,,"Runner-native. A released storefront still sends the single sharedWithId. vc-module-sales-rep #21 / VCST-5925 2.3+3.3: on a list with ONE target the legacy field REPLACES it (observed); on a list with two or more targets it is refused in-band (errors[], never a 500) and the set is left untouched. Rep = SALES_REP serving orgA and orgB. A legacy sharedWithId naming a NEW served organization (orgC, BuildRight) on the two-target list must be refused and leave the set at two.","rep=@td(SR_REP_PRIMARY.email), orgA=@td(ORG_ACME.platform_id), orgB=@td(ORG_TECHFLOW.platform_id), orgC=@td(ORG_BUILDRIGHT.platform_id)","[AUTH role=SALES_REP]
[GQL-OP rep_me]
  query { me { id } }
[GQL-EXEC rep_me]
[GQL-CAPTURE rep_me.data.me.id → REP_ID]
[GQL-OP create_list]
  mutation { createWishlist(command: { storeId: ""{{STORE_ID}}"" userId: ""{{REP_ID}}"" listName: ""AGENT-TEST-5707-LEGACY"" }) { id } }
[GQL-EXEC create_list]
[GQL-CAPTURE create_list.data.createWishlist.id → LIST_ID]
[GQL-OP add_ab]
  mutation { changeWishlist(command: { listId: ""{{LIST_ID}}"" scope: ""Customer"" addSharedWithIds: [""{{orgA}}"", ""{{orgB}}""] }) { id scope sharingSetting { id scope access isOwner message targets { id name } } } }
[GQL-EXEC add_ab]
[GQL-OP legacy_multi]
  mutation { changeWishlist(command: { listId: ""{{LIST_ID}}"" scope: ""Customer"" sharedWithId: ""{{orgA}}"" }) { id scope sharingSetting { id scope access isOwner message targets { id name } } } }
[GQL-EXEC legacy_multi]
[GQL-OP after_legacy_multi]
  query { wishlist(listId: ""{{LIST_ID}}"") { id sharingSetting { targets { id } } } }
[GQL-EXEC after_legacy_multi]
[GQL-OP legacy_new_org]
  mutation { changeWishlist(command: { listId: ""{{LIST_ID}}"" scope: ""Customer"" sharedWithId: ""{{orgC}}"" }) { id scope sharingSetting { id scope access isOwner message targets { id name } } } }
[GQL-EXEC legacy_new_org]
[GQL-OP after_legacy_new_org]
  query { wishlist(listId: ""{{LIST_ID}}"") { id scope sharingSetting { targets { id } } } }
[GQL-EXEC after_legacy_new_org]
[GQL-OP remove_b]
  mutation { changeWishlist(command: { listId: ""{{LIST_ID}}"" scope: ""Customer"" removeSharedWithIds: [""{{orgB}}""] }) { id scope sharingSetting { id scope access isOwner message targets { id name } } } }
[GQL-EXEC remove_b]
[GQL-OP legacy_single]
  mutation { changeWishlist(command: { listId: ""{{LIST_ID}}"" scope: ""Customer"" sharedWithId: ""{{orgB}}"" }) { id scope sharingSetting { id scope access isOwner message targets { id name } } } }
[GQL-EXEC legacy_single]
[AUTH role=SALES_REP]
[GQL-OP cleanup_remove]
  mutation { removeWishlist(command: { listId: ""{{LIST_ID}}"" }) }
[GQL-EXEC cleanup_remove]","[ERRORS label=add_ab] errors[] empty {OBSERVED}
[COUNT label=add_ab] data.changeWishlist.sharingSetting.targets.length = 2 {OBSERVED}
[ERRORS label=legacy_multi] errors[] non-empty {SPEC}
[ERRORS label=after_legacy_multi] errors[] empty {SPEC}
[COUNT label=after_legacy_multi] data.wishlist.sharingSetting.targets.length = 2 {SPEC}
[ERRORS label=legacy_new_org] errors[] non-empty {SPEC}
[ERRORS label=after_legacy_new_org] errors[] empty {SPEC}
[COUNT label=after_legacy_new_org] data.wishlist.sharingSetting.targets.length = 2 {SPEC}
[ERRORS label=remove_b] errors[] empty {OBSERVED}
[COUNT label=remove_b] data.changeWishlist.sharingSetting.targets.length = 1 {OBSERVED}
[ERRORS label=legacy_single] errors[] empty {OBSERVED}
[COUNT label=legacy_single] data.changeWishlist.sharingSetting.targets.length = 1 {OBSERVED}
[DATA label=legacy_single] data.changeWishlist.sharingSetting.targets[?id={{orgB}}].id = {{orgB}} {OBSERVED}
[DATA label=legacy_single] data.changeWishlist.sharingSetting.targets[?id={{orgA}}] is null {OBSERVED}","[API] errors[] is empty in the GraphQL response
[NETWORK] no 4xx/5xx on /graphql",the legacy field silently collapses a two-target set to one (after_legacy_multi shows one target); the refusal is an HTTP 500 rather than errors[]; a legacy write on a single-target list adds instead of replacing and leaves two targets,inline — removeWishlist under the rep's own auth (LIST_ID); a case that aborts before the last step leaves one AGENT-TEST-5707-* list for the AGENT-TEST- sweep,"VCST-5707 · Archetype:SILENT · Technique:DT · Test Model VCST-5707 #20 · V5 legacy client · VCST-5925 2.3/3.3 Corrected: VCST-5707 (2026-10-05) — RE-BASE pending — existing-target sharedWithId is a no-op since XCart pr-141-b404 (likely VCST-6152 side effect); the protected property (an old client cannot wipe a set) holds; needs dev/PO confirmation. The expectation is NOT rewritten to the build (REG-2026-10-05-1613: sharedWithId = an existing target answers errors[] empty with targets unchanged, a NEW org is refused — 4a-BE R2-E8). A NEW-org leg (BuildRight) is added so the case keeps a discriminating leg.",Draft
WISH-042,changeWishlist scope switches leave no stray rows — link grant survives a Customer round-trip,GraphQL > Wishlist > Sharing (VCST-5707),Medium,BL-SR-002,,"Runner-native. VCST-5925 3.4: a stray Customer row must not suppress the link grant after the scope moves Customer -> AnyoneAnonymous -> Customer. Rep shares with orgA, widens to AnyoneAnonymous (readerB, a TechFlow member who was NEVER a target, must now read by the same key), then narrows back to Customer/orgA (readerB must be denied again, readerA must read).","rep=@td(SR_REP_PRIMARY.email), orgA=@td(ORG_ACME.platform_id), readerA=@td(ACME_BUYER.email)","[AUTH role=SALES_REP]
[GQL-OP rep_me]
  query { me { id } }
[GQL-EXEC rep_me]
[GQL-CAPTURE rep_me.data.me.id → REP_ID]
[GQL-OP create_list]
  mutation { createWishlist(command: { storeId: ""{{STORE_ID}}"" userId: ""{{REP_ID}}"" listName: ""AGENT-TEST-5707-SWITCH"" }) { id } }
[GQL-EXEC create_list]
[GQL-CAPTURE create_list.data.createWishlist.id → LIST_ID]
[GQL-OP share_a]
  mutation { changeWishlist(command: { listId: ""{{LIST_ID}}"" scope: ""Customer"" addSharedWithIds: [""{{orgA}}""] }) { id scope sharingSetting { id scope access isOwner message targets { id name } } } }
[GQL-EXEC share_a]
[GQL-CAPTURE share_a.data.changeWishlist.sharingSetting.id → KEY]
[GQL-OP to_anyone]
  mutation { changeWishlist(command: { listId: ""{{LIST_ID}}"" scope: ""AnyoneAnonymous"" }) { id scope sharingSetting { id scope access isOwner message targets { id name } } } }
[GQL-EXEC to_anyone]
[AUTH role=SR_REP_EXCLUSIVE_TECHFLOW]
[GQL-OP b_reads_anyone]
  query { sharedWishlist(sharingKey: ""{{KEY}}"") { id name sharingSetting { scope access isOwner targets { id } } } }
[GQL-EXEC b_reads_anyone]
[AUTH role=SALES_REP]
[GQL-OP back_to_customer]
  mutation { changeWishlist(command: { listId: ""{{LIST_ID}}"" scope: ""Customer"" addSharedWithIds: [""{{orgA}}""] }) { id scope sharingSetting { id scope access isOwner message targets { id name } } } }
[GQL-EXEC back_to_customer]
[AUTH role=SR_REP_EXCLUSIVE_TECHFLOW]
[GQL-OP b_reads_customer]
  query { sharedWishlist(sharingKey: ""{{KEY}}"") { id name sharingSetting { scope access isOwner targets { id } } } }
[GQL-EXEC b_reads_customer]
[AUTH role=ACME_BUYER]
[GQL-OP a_reads_customer]
  query { sharedWishlist(sharingKey: ""{{KEY}}"") { id name sharingSetting { scope access isOwner targets { id } } } }
[GQL-EXEC a_reads_customer]
[AUTH role=SALES_REP]
[GQL-OP cleanup_remove]
  mutation { removeWishlist(command: { listId: ""{{LIST_ID}}"" }) }
[GQL-EXEC cleanup_remove]","[ERRORS label=share_a] errors[] empty {OBSERVED}
[ERRORS label=to_anyone] errors[] empty {OBSERVED}
[DATA label=to_anyone] data.changeWishlist.scope = AnyoneAnonymous {OBSERVED}
[ERRORS label=b_reads_anyone] errors[] empty {SPEC}
[DATA label=b_reads_anyone] data.sharedWishlist.id = {{LIST_ID}} {SPEC}
[ERRORS label=back_to_customer] errors[] empty {OBSERVED}
[DATA label=back_to_customer] data.changeWishlist.scope = Customer {OBSERVED}
[DATA label=b_reads_customer] data.sharedWishlist is null OR errors[] non-empty {SPEC}
[ERRORS label=a_reads_customer] errors[] empty {SPEC}
[DATA label=a_reads_customer] data.sharedWishlist.id = {{LIST_ID}} {SPEC}","[API] errors[] is empty in the GraphQL response
[NETWORK] no 4xx/5xx on /graphql",after widening to AnyoneAnonymous a never-targeted member is still denied (a stray Customer row suppresses the link grant); after narrowing back to Customer the untargeted member still reads; the target is denied after the round trip,inline — removeWishlist under the rep's own auth (LIST_ID); a case that aborts before the last step leaves one AGENT-TEST-5707-* list for the AGENT-TEST- sweep,VCST-5707 · Archetype:SCOPE · Technique:EG · Test Model VCST-5707 #18 · VCST-5925 3.4,Draft
WISH-043,changeWishlist — addSharedWithIds without scope is ignored with no error,GraphQL > Wishlist > Sharing (VCST-5707),High,BL-SR-002,,"Runner-native. Rep = SALES_REP serving orgA. addSharedWithIds sent WITHOUT scope on a Private list answers HTTP 200 with errors[] empty and writes nothing (observed) — the delta is applied only inside the Customer branch. Whether the server should REJECT it is an open PO question, so the rejection line is a {HYPOTHESIS} and the row is held at Draft; the nothing-written lines are observed.","rep=@td(SR_REP_PRIMARY.email), orgA=@td(ORG_ACME.platform_id)","[AUTH role=SALES_REP]
[GQL-OP rep_me]
  query { me { id } }
[GQL-EXEC rep_me]
[GQL-CAPTURE rep_me.data.me.id → REP_ID]
[GQL-OP create_list]
  mutation { createWishlist(command: { storeId: ""{{STORE_ID}}"" userId: ""{{REP_ID}}"" listName: ""AGENT-TEST-5707-NOSCOPE"" }) { id } }
[GQL-EXEC create_list]
[GQL-CAPTURE create_list.data.createWishlist.id → LIST_ID]
[GQL-OP no_scope]
  mutation { changeWishlist(command: { listId: ""{{LIST_ID}}"" addSharedWithIds: [""{{orgA}}""] }) { id scope sharingSetting { id scope access isOwner message targets { id name } } } }
[GQL-EXEC no_scope]
[AUTH role=SALES_REP]
[GQL-OP readback]
  query { wishlist(listId: ""{{LIST_ID}}"") { id scope  } }
[GQL-EXEC readback]
[AUTH role=SALES_REP]
[GQL-OP cleanup_remove]
  mutation { removeWishlist(command: { listId: ""{{LIST_ID}}"" }) }
[GQL-EXEC cleanup_remove]","[ERRORS label=readback] errors[] empty {OBSERVED}
[DATA label=readback] data.wishlist.scope = Private {OBSERVED}
[ERRORS label=no_scope] errors[] non-empty {HYPOTHESIS}","[API] errors[] is empty in the GraphQL response
[NETWORK] no 4xx/5xx on /graphql","no_scope reports success while writing nothing, so an integration believes it shared the list; the delta is applied to a Private list and grants access without a scope change; readback scope is not Private",inline — removeWishlist under the rep's own auth (LIST_ID); a case that aborts before the last step leaves one AGENT-TEST-5707-* list for the AGENT-TEST- sweep,VCST-5707 · Archetype:SILENT · Technique:EG · Test Model VCST-5707 #25 · SBTM-VCST-5707-2026-09-29 open question · HYPOTHESIS held Draft,Draft
WISH-044,sharedWishlist — a revoked organization reads an error while a stopped or deleted share returns null,GraphQL > Wishlist > Sharing (VCST-5707),Medium,BL-SR-002,,"Runner-native. Same reader, same key, three different ""no access"" answers: an organization REMOVED from a live share gets an in-band ""Access denied."" error; after Stop sharing (scope Private) and after the list is removed the same key returns data.sharedWishlist null with errors[] empty. The case pins the three signals as observed so a change to any of them is visible; whether they should be uniform is a PO question (ECL-4). Rep shares with orgA and orgB; readerA = ACME_BUYER is the reader whose access is taken away.","rep=@td(SR_REP_PRIMARY.email), orgA=@td(ORG_ACME.platform_id), readerA=@td(ACME_BUYER.email), orgB=@td(ORG_TECHFLOW.platform_id)","[AUTH role=SALES_REP]
[GQL-OP rep_me]
  query { me { id } }
[GQL-EXEC rep_me]
[GQL-CAPTURE rep_me.data.me.id → REP_ID]
[GQL-OP create_list]
  mutation { createWishlist(command: { storeId: ""{{STORE_ID}}"" userId: ""{{REP_ID}}"" listName: ""AGENT-TEST-5707-SIGNAL"" }) { id } }
[GQL-EXEC create_list]
[GQL-CAPTURE create_list.data.createWishlist.id → LIST_ID]
[GQL-OP share_ab]
  mutation { changeWishlist(command: { listId: ""{{LIST_ID}}"" scope: ""Customer"" addSharedWithIds: [""{{orgA}}"", ""{{orgB}}""] }) { id scope sharingSetting { id scope access isOwner message targets { id name } } } }
[GQL-EXEC share_ab]
[GQL-CAPTURE share_ab.data.changeWishlist.sharingSetting.id → KEY]
[AUTH role=ACME_BUYER]
[GQL-OP read_live]
  query { sharedWishlist(sharingKey: ""{{KEY}}"") { id name sharingSetting { scope access isOwner targets { id } } } }
[GQL-EXEC read_live]
[AUTH role=SALES_REP]
[GQL-OP remove_a]
  mutation { changeWishlist(command: { listId: ""{{LIST_ID}}"" scope: ""Customer"" removeSharedWithIds: [""{{orgA}}""] }) { id scope sharingSetting { id scope access isOwner message targets { id name } } } }
[GQL-EXEC remove_a]
[AUTH role=ACME_BUYER]
[GQL-OP read_revoked]
  query { sharedWishlist(sharingKey: ""{{KEY}}"") { id name sharingSetting { scope access isOwner targets { id } } } }
[GQL-EXEC read_revoked]
[AUTH role=SALES_REP]
[GQL-OP stop]
  mutation { changeWishlist(command: { listId: ""{{LIST_ID}}"" scope: ""Private"" }) { id scope sharingSetting { id scope access isOwner message targets { id name } } } }
[GQL-EXEC stop]
[AUTH role=ACME_BUYER]
[GQL-OP read_stopped]
  query { sharedWishlist(sharingKey: ""{{KEY}}"") { id name sharingSetting { scope access isOwner targets { id } } } }
[GQL-EXEC read_stopped]
[AUTH role=SALES_REP]
[GQL-OP remove_list]
  mutation { removeWishlist(command: { listId: ""{{LIST_ID}}"" }) }
[GQL-EXEC remove_list]
[AUTH role=ACME_BUYER]
[GQL-OP read_deleted]
  query { sharedWishlist(sharingKey: ""{{KEY}}"") { id name sharingSetting { scope access isOwner targets { id } } } }
[GQL-EXEC read_deleted]","[ERRORS label=read_live] errors[] empty {OBSERVED}
[DATA label=read_live] data.sharedWishlist.id = {{LIST_ID}} {OBSERVED}
[ERRORS label=read_revoked] errors[] non-empty {OBSERVED}
[DATA label=read_revoked] errors[0].message = Access denied. {OBSERVED}
[ERRORS label=read_stopped] errors[] empty {OBSERVED}
[DATA label=read_stopped] data.sharedWishlist is null {OBSERVED}
[ERRORS label=read_deleted] errors[] empty {OBSERVED}
[DATA label=read_deleted] data.sharedWishlist is null {OBSERVED}","[API] errors[] is empty in the GraphQL response
[NETWORK] no 4xx/5xx on /graphql","a revoked organization still reads the list; a stopped or deleted share answers with an error instead of null (or the reverse), changing what a client can tell apart; the removed list still resolves by its old key",none — the case removes its own list as a step; an abort before that step leaves one AGENT-TEST-5707-SIGNAL list for the AGENT-TEST- sweep,"VCST-5707 · Archetype:PARITY · Technique:EP · Test Model VCST-5707 #28 · ECL-4 · KB-7A9D4927 (key survives Stop, dies on Remove list)",Draft
WISH-045,"changeWishlist — a non-owner cannot change scope, targets or message and the owner keeps the list",GraphQL > Wishlist > Sharing (VCST-5707),Critical,BL-SR-002,,"Runner-native. Rep = SALES_REP (SR_REP_PRIMARY) owns the list and shares it with orgA only. readerA = ACME_BUYER is a member of the TARGET organization (Read access by link). otherRep = SR_REP_EXCLUSIVE_TECHFLOW is a rep that SERVES orgB (TechFlow) but is not the list owner and is not a target, so the sales-rep served-organization check would pass for orgB and ONLY the owner check can refuse the write. VCST-6125: sharing edits (scope, targets, message) are the owner's alone; a refused edit must neither change the stored sharing nor transfer the list. The co-owner (non-owner Write member of an Organization-scope list) variant needs a second Write member of a rep-owned list and is a FIXTURE-GAP on this stand; the reader and other-rep refusals below run the same server check.","rep=@td(SR_REP_PRIMARY.email), orgA=@td(ORG_ACME.platform_id), orgB=@td(ORG_TECHFLOW.platform_id), readerA=@td(ACME_BUYER.email), otherRep=@td(SR_REP_EXCLUSIVE_TECHFLOW.email), msg=AGENT-TEST-5707-OWNMSG-{{RUN_ID}}, hijack=AGENT-TEST-5707-HIJACK-{{RUN_ID}}","[AUTH role=SALES_REP]
[GQL-OP rep_me]
  query { me { id } }
[GQL-EXEC rep_me]
[GQL-CAPTURE rep_me.data.me.id → REP_ID]
[GQL-OP create_list]
  mutation { createWishlist(command: { storeId: ""{{STORE_ID}}"" userId: ""{{REP_ID}}"" listName: ""AGENT-TEST-5707-OWNER"" }) { id } }
[GQL-EXEC create_list]
[GQL-CAPTURE create_list.data.createWishlist.id → LIST_ID]
[GQL-OP share_a]
  mutation { changeWishlist(command: { listId: ""{{LIST_ID}}"" scope: ""Customer"" addSharedWithIds: [""{{orgA}}""] message: ""{{msg}}"" }) { id scope sharingSetting { id scope access isOwner message targets { id name } } } }
[GQL-EXEC share_a]
[AUTH role=ACME_BUYER]
[GQL-OP reader_widen]
  mutation { changeWishlist(command: { listId: ""{{LIST_ID}}"" scope: ""AnyoneAnonymous"" }) { id scope sharingSetting { id scope access isOwner message targets { id name } } } }
[GQL-EXEC reader_widen]
[GQL-OP reader_add_org]
  mutation { changeWishlist(command: { listId: ""{{LIST_ID}}"" scope: ""Customer"" addSharedWithIds: [""{{orgB}}""] }) { id scope sharingSetting { id scope access isOwner message targets { id name } } } }
[GQL-EXEC reader_add_org]
[GQL-OP reader_message]
  mutation { changeWishlist(command: { listId: ""{{LIST_ID}}"" message: ""{{hijack}}"" }) { id scope sharingSetting { id scope access isOwner message targets { id name } } } }
[GQL-EXEC reader_message]
[AUTH role=SR_REP_EXCLUSIVE_TECHFLOW]
[GQL-OP other_rep_add_served_org]
  mutation { changeWishlist(command: { listId: ""{{LIST_ID}}"" scope: ""Customer"" addSharedWithIds: [""{{orgB}}""] }) { id scope sharingSetting { id scope access isOwner message targets { id name } } } }
[GQL-EXEC other_rep_add_served_org]
[GQL-OP other_rep_remove_target]
  mutation { changeWishlist(command: { listId: ""{{LIST_ID}}"" scope: ""Customer"" removeSharedWithIds: [""{{orgA}}""] }) { id scope sharingSetting { id scope access isOwner message targets { id name } } } }
[GQL-EXEC other_rep_remove_target]
[AUTH role=SALES_REP]
[GQL-OP owner_readback]
  query { wishlist(listId: ""{{LIST_ID}}"") { id scope sharingSetting { id scope access isOwner message targets { id } } } }
[GQL-EXEC owner_readback]
[GQL-OP cleanup_remove]
  mutation { removeWishlist(command: { listId: ""{{LIST_ID}}"" }) }
[GQL-EXEC cleanup_remove]","[ERRORS label=share_a] errors[] empty {OBSERVED}
[COUNT label=share_a] data.changeWishlist.sharingSetting.targets.length = 1 {SPEC}
[ERRORS label=reader_widen] errors[] non-empty {SPEC}
[ERRORS label=reader_add_org] errors[] non-empty {SPEC}
[ERRORS label=reader_message] errors[] non-empty {SPEC}
[ERRORS label=other_rep_add_served_org] errors[] non-empty {SPEC}
[ERRORS label=other_rep_remove_target] errors[] non-empty {SPEC}
[ERRORS label=owner_readback] errors[] empty {SPEC}
[DATA label=owner_readback] data.wishlist.id = {{LIST_ID}} {SPEC}
[DATA label=owner_readback] data.wishlist.sharingSetting.isOwner = true {SPEC}
[DATA label=owner_readback] data.wishlist.scope = Customer {SPEC}
[COUNT label=owner_readback] data.wishlist.sharingSetting.targets.length = 1 {SPEC}
[DATA label=owner_readback] data.wishlist.sharingSetting.targets[?id={{orgA}}].id = {{orgA}} {SPEC}
[DATA label=owner_readback] data.wishlist.sharingSetting.message = {{msg}} {SPEC}","[API] each non-owner write answers in-band errors[] (never HTTP 5xx) and the owner readback is unchanged
[NETWORK] no 5xx on /graphql","a reader or the other rep gets errors[] empty on a sharing edit (the owner check is missing); the refused edit still changed scope, targets or message (owner_readback shows AnyoneAnonymous, two targets or the hijack text); isOwner is false or the list id does not resolve for the rep after the attempts (ownership transferred); the refusal is an HTTP 5xx instead of an in-band errors[] entry",inline — removeWishlist under the rep's own auth (LIST_ID); a case that aborts before the last step leaves one AGENT-TEST-5707-OWNER list for the AGENT-TEST- sweep,VCST-5707 · Archetype:SCOPE · Technique:DT · Test Model VCST-5707 #29 (round 2) · Catches:VCST-6125,Draft
WISH-046,removeWishlist — a non-owner cannot remove a shared list while the owner can,GraphQL > Wishlist > Sharing (VCST-5707),High,BL-SR-002,,"Runner-native. Rep = SALES_REP owns the list and shares it with orgA. readerA = ACME_BUYER (target-organization member) and otherRep = SR_REP_EXCLUSIVE_TECHFLOW (a different organization's rep) are non-owners. Removing a list is the only true revoke of its sharing key, so removeWishlist is owner-only (XCart 5a046d5; the storefront hides ""Remove list"" for non-owners, FE 137791b — asserted by the storefront recipient-page case in suite 007). The owner's own removal at the end proves the refusals are about the caller, not a broken command.","rep=@td(SR_REP_PRIMARY.email), orgA=@td(ORG_ACME.platform_id), readerA=@td(ACME_BUYER.email), otherRep=@td(SR_REP_EXCLUSIVE_TECHFLOW.email)","[AUTH role=SALES_REP]
[GQL-OP rep_me]
  query { me { id } }
[GQL-EXEC rep_me]
[GQL-CAPTURE rep_me.data.me.id → REP_ID]
[GQL-OP create_list]
  mutation { createWishlist(command: { storeId: ""{{STORE_ID}}"" userId: ""{{REP_ID}}"" listName: ""AGENT-TEST-5707-NOREMOVE"" }) { id } }
[GQL-EXEC create_list]
[GQL-CAPTURE create_list.data.createWishlist.id → LIST_ID]
[GQL-OP share_a]
  mutation { changeWishlist(command: { listId: ""{{LIST_ID}}"" scope: ""Customer"" addSharedWithIds: [""{{orgA}}""] }) { id scope sharingSetting { id scope access isOwner message targets { id name } } } }
[GQL-EXEC share_a]
[AUTH role=ACME_BUYER]
[GQL-OP reader_remove]
  mutation { removeWishlist(command: { listId: ""{{LIST_ID}}"" }) }
[GQL-EXEC reader_remove]
[AUTH role=SR_REP_EXCLUSIVE_TECHFLOW]
[GQL-OP other_rep_remove]
  mutation { removeWishlist(command: { listId: ""{{LIST_ID}}"" }) }
[GQL-EXEC other_rep_remove]
[AUTH role=SALES_REP]
[GQL-OP owner_readback]
  query { wishlist(listId: ""{{LIST_ID}}"") { id sharingSetting { isOwner targets { id } } } }
[GQL-EXEC owner_readback]
[GQL-OP owner_remove]
  mutation { removeWishlist(command: { listId: ""{{LIST_ID}}"" }) }
[GQL-EXEC owner_remove]
[GQL-OP after_owner_remove]
  query { wishlist(listId: ""{{LIST_ID}}"") { id } }
[GQL-EXEC after_owner_remove]","[ERRORS label=share_a] errors[] empty {OBSERVED}
[ERRORS label=reader_remove] errors[] non-empty {SPEC}
[ERRORS label=other_rep_remove] errors[] non-empty {SPEC}
[ERRORS label=owner_readback] errors[] empty {SPEC}
[DATA label=owner_readback] data.wishlist.id = {{LIST_ID}} {SPEC}
[DATA label=owner_readback] data.wishlist.sharingSetting.isOwner = true {SPEC}
[COUNT label=owner_readback] data.wishlist.sharingSetting.targets.length = 1 {SPEC}
[ERRORS label=owner_remove] errors[] empty {SPEC}
[DATA label=after_owner_remove] data.wishlist is null OR errors[] non-empty {SPEC}","[API] each refused removal answers in-band errors[] and the owner readback still resolves the list
[NETWORK] no 5xx on /graphql","a recipient or another rep removes the list (reader_remove or other_rep_remove has errors[] empty, or owner_readback no longer resolves the list); the owner cannot remove their own list (owner_remove has errors[]), which would make the refusals meaningless; the list still resolves after the owner removed it",none — the owner removes the list as a step; an abort before that step leaves one AGENT-TEST-5707-NOREMOVE list for the AGENT-TEST- sweep,VCST-5707 · Archetype:SCOPE · Technique:DT · Test Model VCST-5707 #30 (round 2) · XCart 5a046d5 · FE 137791b · FE leg: suite 007 recipient-page case (no Remove list),Draft
WISH-047,addWishlistItem and updateWishListItems — a reader or an other-organization member is refused and nothing is persisted,GraphQL > Wishlist > Sharing (VCST-5707),Critical,BL-SR-002,,"Runner-native. Rep = SALES_REP owns a list holding ONE line (quantity 1) and shares it with orgA. readerA = ACME_BUYER is a target-organization reader; otherRep = SR_REP_EXCLUSIVE_TECHFLOW is a member of an organization that is not a target. Item writes belong to the owner (a recipient page is read-only). VCST-6116: the item commands used to update the list BEFORE authorizing the caller, so the call answered ""Access denied."" and still persisted. The test product is the SAME one the line already holds, so a persisted add shows as a changed quantity, and a persisted update shows as quantity 9. An anonymous caller cannot be expressed in this runner (a token cannot be dropped mid-case); that variant is covered by the reader and other-organization legs.","rep=@td(SR_REP_PRIMARY.email), orgA=@td(ORG_ACME.platform_id), readerA=@td(ACME_BUYER.email), otherRep=@td(SR_REP_EXCLUSIVE_TECHFLOW.email)","[AUTH role=SALES_REP]
[GQL-OP rep_me]
  query { me { id } }
[GQL-EXEC rep_me]
[GQL-CAPTURE rep_me.data.me.id → REP_ID]
[GQL-OP setup_prod]
  query { products(storeId: ""{{STORE_ID}}"" first: 1 filter: ""code:@td(BUYABLE_NO_MIN_QTY.code)"") { items { id } } }
[GQL-EXEC setup_prod]
[GQL-CAPTURE setup_prod.data.products.items.0.id → PRODUCT_ID]
[GQL-OP create_list]
  mutation { createWishlist(command: { storeId: ""{{STORE_ID}}"" userId: ""{{REP_ID}}"" listName: ""AGENT-TEST-5707-ITEMS"" }) { id } }
[GQL-EXEC create_list]
[GQL-CAPTURE create_list.data.createWishlist.id → LIST_ID]
[GQL-OP add_item]
  mutation { addWishlistItem(command: { listId: ""{{LIST_ID}}"" productId: ""{{PRODUCT_ID}}"" quantity: 1 }) { id itemsCount items { id quantity } } }
[GQL-EXEC add_item]
[GQL-CAPTURE add_item.data.addWishlistItem.items.0.id → LINE_ITEM_ID]
[GQL-OP share_a]
  mutation { changeWishlist(command: { listId: ""{{LIST_ID}}"" scope: ""Customer"" addSharedWithIds: [""{{orgA}}""] }) { id scope sharingSetting { id scope access isOwner message targets { id name } } } }
[GQL-EXEC share_a]
[AUTH role=ACME_BUYER]
[GQL-OP reader_add]
  mutation { addWishlistItem(command: { listId: ""{{LIST_ID}}"" productId: ""{{PRODUCT_ID}}"" quantity: 3 }) { id itemsCount } }
[GQL-EXEC reader_add]
[GQL-OP reader_update]
  mutation { updateWishListItems(command: { listId: ""{{LIST_ID}}"" items: [{ lineItemId: ""{{LINE_ITEM_ID}}"" quantity: 9 }] }) { id itemsCount } }
[GQL-EXEC reader_update]
[AUTH role=SR_REP_EXCLUSIVE_TECHFLOW]
[GQL-OP other_add]
  mutation { addWishlistItem(command: { listId: ""{{LIST_ID}}"" productId: ""{{PRODUCT_ID}}"" quantity: 3 }) { id itemsCount } }
[GQL-EXEC other_add]
[GQL-OP other_update]
  mutation { updateWishListItems(command: { listId: ""{{LIST_ID}}"" items: [{ lineItemId: ""{{LINE_ITEM_ID}}"" quantity: 9 }] }) { id itemsCount } }
[GQL-EXEC other_update]
[AUTH role=SALES_REP]
[GQL-OP owner_readback]
  query { wishlist(listId: ""{{LIST_ID}}"") { id itemsCount items { id productId quantity } } }
[GQL-EXEC owner_readback]
[GQL-OP cleanup_remove]
  mutation { removeWishlist(command: { listId: ""{{LIST_ID}}"" }) }
[GQL-EXEC cleanup_remove]","[ERRORS label=add_item] errors[] empty {OBSERVED}
[COUNT label=add_item] data.addWishlistItem.itemsCount = 1 {OBSERVED}
[ERRORS label=share_a] errors[] empty {OBSERVED}
[ERRORS label=reader_add] errors[] non-empty {SPEC}
[ERRORS label=reader_update] errors[] non-empty {SPEC}
[ERRORS label=other_add] errors[] non-empty {SPEC}
[ERRORS label=other_update] errors[] non-empty {SPEC}
[ERRORS label=owner_readback] errors[] empty {SPEC}
[COUNT label=owner_readback] data.wishlist.itemsCount = 1 {SPEC}
[DATA label=owner_readback] data.wishlist.items.0.id = {{LINE_ITEM_ID}} {SPEC}
[DATA label=owner_readback] data.wishlist.items.0.productId = {{PRODUCT_ID}} {SPEC}
[DATA label=owner_readback] data.wishlist.items.0.quantity = 1 {SPEC}","[API] each refused item write answers in-band errors[] and the owner readback quantity is still the owner's 1
[NETWORK] no 5xx on /graphql","a refused add or update has errors[] empty (the caller was never checked); owner_readback shows quantity 4 (the refused add was persisted on the existing line), quantity 9 (the refused update was persisted) or itemsCount 2 (a second line was written); the refusal is an HTTP 5xx instead of an in-band errors[] entry",inline — removeWishlist under the rep's own auth (LIST_ID); a case that aborts before the last step leaves one AGENT-TEST-5707-ITEMS list for the AGENT-TEST- sweep,VCST-5707 · Archetype:SILENT · Technique:DT · Test Model VCST-5707 #31 (round 2) · Catches:VCST-6116 · XCart cae453d,Draft
WISH-048,changeWishlist — targets keep one order between the save payload and every later read,GraphQL > Wishlist > Sharing (VCST-5707),Low,BL-SR-002,,"Runner-native. Rep = SALES_REP serves orgA, orgB and orgC. The three organizations are sent in an order that is neither the alphabetical nor the creation order of their names (orgB, orgC, orgA), so a read that re-sorts shows up as a different index. The case does not assume WHICH order the platform uses — only that the order of the save payload is the order of every later read (VCST-6152). Orders are compared by index against captured ids, never by name.","rep=@td(SR_REP_PRIMARY.email), orgA=@td(ORG_ACME.platform_id), orgB=@td(ORG_TECHFLOW.platform_id), orgC=@td(ORG_BUILDRIGHT.platform_id)","[AUTH role=SALES_REP]
[GQL-OP rep_me]
  query { me { id } }
[GQL-EXEC rep_me]
[GQL-CAPTURE rep_me.data.me.id → REP_ID]
[GQL-OP create_list]
  mutation { createWishlist(command: { storeId: ""{{STORE_ID}}"" userId: ""{{REP_ID}}"" listName: ""AGENT-TEST-5707-ORDER"" }) { id } }
[GQL-EXEC create_list]
[GQL-CAPTURE create_list.data.createWishlist.id → LIST_ID]
[GQL-OP share_three]
  mutation { changeWishlist(command: { listId: ""{{LIST_ID}}"" scope: ""Customer"" addSharedWithIds: [""{{orgB}}"", ""{{orgC}}"", ""{{orgA}}""] }) { id scope sharingSetting { id scope access isOwner message targets { id name } } } }
[GQL-EXEC share_three]
[GQL-CAPTURE share_three.data.changeWishlist.sharingSetting.targets.0.id → T0]
[GQL-CAPTURE share_three.data.changeWishlist.sharingSetting.targets.1.id → T1]
[GQL-CAPTURE share_three.data.changeWishlist.sharingSetting.targets.2.id → T2]
[GQL-OP read_1]
  query { wishlist(listId: ""{{LIST_ID}}"") { id sharingSetting { targets { id } } } }
[GQL-EXEC read_1]
[GQL-OP read_2]
  query { wishlist(listId: ""{{LIST_ID}}"") { id sharingSetting { targets { id } } } }
[GQL-EXEC read_2]
[GQL-OP cleanup_remove]
  mutation { removeWishlist(command: { listId: ""{{LIST_ID}}"" }) }
[GQL-EXEC cleanup_remove]","[ERRORS label=share_three] errors[] empty {OBSERVED}
[COUNT label=share_three] data.changeWishlist.sharingSetting.targets.length = 3 {SPEC}
[DATA label=share_three] data.changeWishlist.sharingSetting.targets[?id={{orgA}}].id = {{orgA}} {SPEC}
[DATA label=share_three] data.changeWishlist.sharingSetting.targets[?id={{orgB}}].id = {{orgB}} {SPEC}
[DATA label=share_three] data.changeWishlist.sharingSetting.targets[?id={{orgC}}].id = {{orgC}} {SPEC}
[ERRORS label=read_1] errors[] empty {OBSERVED}
[COUNT label=read_1] data.wishlist.sharingSetting.targets.length = 3 {SPEC}
[DATA label=read_1] data.wishlist.sharingSetting.targets.0.id = {{T0}} {SPEC}
[DATA label=read_1] data.wishlist.sharingSetting.targets.1.id = {{T1}} {SPEC}
[DATA label=read_1] data.wishlist.sharingSetting.targets.2.id = {{T2}} {SPEC}
[DATA label=read_2] data.wishlist.sharingSetting.targets.0.id = {{T0}} {SPEC}
[DATA label=read_2] data.wishlist.sharingSetting.targets.1.id = {{T1}} {SPEC}
[DATA label=read_2] data.wishlist.sharingSetting.targets.2.id = {{T2}} {SPEC}","[API] the save payload and two later reads return the same three ids at the same indexes
[NETWORK] no 5xx on /graphql","the ids at index 0, 1 or 2 of a later read differ from the save payload (the recipients list reorders between Share and reopen); two consecutive reads disagree with each other (the order is not stable); a read returns fewer or more than three targets",inline — removeWishlist under the rep's own auth (LIST_ID); a case that aborts before the last step leaves one AGENT-TEST-5707-ORDER list for the AGENT-TEST- sweep,VCST-5707 · Archetype:PARITY · Technique:EP · Test Model VCST-5707 #33 (round 2) · Catches:VCST-6152 · XCart cd42696 · FE leg: suite 007 reopen-shows-recipients case,Draft
WISH-049,changeWishlist legacy sharedWithId on a two-target list — refused every time and a following rename keeps scope and targets,GraphQL > Wishlist > Sharing (VCST-5707),High,BL-SR-002,,"Runner-native. A released storefront still sends the single sharedWithId. On a list holding TWO targets the legacy field is refused in-band (sales-rep #21 / VCST-5925 2.3+3.3) and the set is left untouched. Round 1 saw this refusal in exploration yet WISH-041 saw it accepted: a refused write left the list cache poisoned (VCST-6113), so the outcome depended on what ran before it. This case therefore sends the same legacy write TWICE and then performs an unrelated rename: the refusal must repeat identically and the rename must keep the Customer scope and BOTH targets, in its own payload and in a fresh read (Test Model #32). Rep = SALES_REP serving orgA and orgB. Added leg: a legacy sharedWithId naming a NEW served organization (orgC, BuildRight) is refused and leaves the set at two.","rep=@td(SR_REP_PRIMARY.email), orgA=@td(ORG_ACME.platform_id), orgB=@td(ORG_TECHFLOW.platform_id), orgC=@td(ORG_BUILDRIGHT.platform_id)","[AUTH role=SALES_REP]
[GQL-OP rep_me]
  query { me { id } }
[GQL-EXEC rep_me]
[GQL-CAPTURE rep_me.data.me.id → REP_ID]
[GQL-OP create_list]
  mutation { createWishlist(command: { storeId: ""{{STORE_ID}}"" userId: ""{{REP_ID}}"" listName: ""AGENT-TEST-5707-LEGACY2"" }) { id } }
[GQL-EXEC create_list]
[GQL-CAPTURE create_list.data.createWishlist.id → LIST_ID]
[GQL-OP add_ab]
  mutation { changeWishlist(command: { listId: ""{{LIST_ID}}"" scope: ""Customer"" addSharedWithIds: [""{{orgA}}"", ""{{orgB}}""] }) { id scope sharingSetting { id scope access isOwner message targets { id name } } } }
[GQL-EXEC add_ab]
[GQL-OP legacy_first]
  mutation { changeWishlist(command: { listId: ""{{LIST_ID}}"" scope: ""Customer"" sharedWithId: ""{{orgA}}"" }) { id scope sharingSetting { id scope access isOwner message targets { id name } } } }
[GQL-EXEC legacy_first]
[GQL-OP legacy_second]
  mutation { changeWishlist(command: { listId: ""{{LIST_ID}}"" scope: ""Customer"" sharedWithId: ""{{orgA}}"" }) { id scope sharingSetting { id scope access isOwner message targets { id name } } } }
[GQL-EXEC legacy_second]
[GQL-OP after_legacy]
  query { wishlist(listId: ""{{LIST_ID}}"") { id scope sharingSetting { targets { id } } } }
[GQL-EXEC after_legacy]
[GQL-OP legacy_new_org]
  mutation { changeWishlist(command: { listId: ""{{LIST_ID}}"" scope: ""Customer"" sharedWithId: ""{{orgC}}"" }) { id scope sharingSetting { id scope access isOwner message targets { id name } } } }
[GQL-EXEC legacy_new_org]
[GQL-OP after_legacy_new_org]
  query { wishlist(listId: ""{{LIST_ID}}"") { id scope sharingSetting { targets { id } } } }
[GQL-EXEC after_legacy_new_org]
[GQL-OP rename]
  mutation { changeWishlist(command: { listId: ""{{LIST_ID}}"" listName: ""AGENT-TEST-5707-LEGACY2-RENAMED"" }) { id scope sharingSetting { id scope access isOwner message targets { id name } } } }
[GQL-EXEC rename]
[GQL-OP after_rename]
  query { wishlist(listId: ""{{LIST_ID}}"") { id name scope sharingSetting { targets { id } } } }
[GQL-EXEC after_rename]
[GQL-OP cleanup_remove]
  mutation { removeWishlist(command: { listId: ""{{LIST_ID}}"" }) }
[GQL-EXEC cleanup_remove]","[ERRORS label=add_ab] errors[] empty {OBSERVED}
[COUNT label=add_ab] data.changeWishlist.sharingSetting.targets.length = 2 {OBSERVED}
[ERRORS label=legacy_first] errors[] non-empty {SPEC}
[COUNT label=legacy_first] errors.length = 1 {SPEC}
[ERRORS label=legacy_second] errors[] non-empty {SPEC}
[COUNT label=legacy_second] errors.length = 1 {SPEC}
[ERRORS label=after_legacy] errors[] empty {SPEC}
[DATA label=after_legacy] data.wishlist.scope = Customer {SPEC}
[COUNT label=after_legacy] data.wishlist.sharingSetting.targets.length = 2 {SPEC}
[ERRORS label=legacy_new_org] errors[] non-empty {SPEC}
[ERRORS label=after_legacy_new_org] errors[] empty {SPEC}
[COUNT label=after_legacy_new_org] data.wishlist.sharingSetting.targets.length = 2 {SPEC}
[ERRORS label=rename] errors[] empty {SPEC}
[DATA label=rename] data.changeWishlist.scope = Customer {SPEC}
[COUNT label=rename] data.changeWishlist.sharingSetting.targets.length = 2 {SPEC}
[ERRORS label=after_rename] errors[] empty {SPEC}
[DATA label=after_rename] data.wishlist.name = AGENT-TEST-5707-LEGACY2-RENAMED {SPEC}
[DATA label=after_rename] data.wishlist.scope = Customer {SPEC}
[COUNT label=after_rename] data.wishlist.sharingSetting.targets.length = 2 {SPEC}
[DATA label=after_rename] data.wishlist.sharingSetting.targets[?id={{orgA}}].id = {{orgA}} {SPEC}
[DATA label=after_rename] data.wishlist.sharingSetting.targets[?id={{orgB}}].id = {{orgB}} {SPEC}","[API] two identical legacy writes give the same single refusal and the stored set stays two; a rename keeps scope and both targets in the payload and in a fresh read
[NETWORK] no 5xx on /graphql",the first or the second legacy write answers errors[] empty (the refusal is not deterministic); the set drops to one target after a legacy write (after_legacy shows one); the rename answers in a Private scope or with fewer than two targets (a refused write poisoned the cache or the rename replaced the sharing); the refusal is an HTTP 5xx instead of an in-band errors[] entry,inline — removeWishlist under the rep's own auth (LIST_ID); a case that aborts before the last step leaves one AGENT-TEST-5707-LEGACY2 list for the AGENT-TEST- sweep,"VCST-5707 · Archetype:SILENT · Technique:DT · Test Model VCST-5707 #34 + #32 (round 2) · Catches:VCST-6113 · XCart cd984e3 · sibling WISH-041 (single legacy refusal) Corrected: VCST-5707 (2026-10-05) — RE-BASE pending — existing-target sharedWithId is a no-op since XCart pr-141-b404 (likely VCST-6152 side effect); the protected property (an old client cannot wipe a set) holds; needs dev/PO confirmation. The expectation is NOT rewritten to the build (REG-2026-10-05-1613: sharedWithId = an existing target answers errors[] empty with targets unchanged, a NEW org is refused — 4a-BE R2-E8). A NEW-org leg (BuildRight) is added so the case keeps a discriminating leg.",Draft
