ID,Title,Section,Priority,Business_Rule,Edge_Case_Refs,Preconditions,Test_Data,Steps,Assertions,Cross_Layer_Checks,Failure_Signals,Cleanup,References,Automation_Status
RET-GQL-000,"PRE-FLIGHT -- Returns Module Installed, Return Setting On, return-attachments Upload Scope Configured (Suite BLOCKED, Not FAIL, When Any Is Missing)",GraphQL > Returns > Pre-flight,Critical,,,"Runner-native. No browser. Nothing is created except one unattached probe file. ENVIRONMENT REQUIRED BY THIS SUITE (a miss here makes the suite BLOCKED, never FAIL):
(1) Module VirtoCommerce.Return installed (GET /api/platform/modules, isInstalled=true).
(2) Store {{STORE_ID}} Settings > Return > Return: ""Return module"" (Return.ReturnEnabled) = ON; ""Order statuses allowing returns"" (Return.AllowedOrderStatuses) contains Completed; ""Return window, days"" (Return.WindowDays) = 30; ""Photos or documents required"" (Return.AttachmentsRequired) = ON (the create cases attach one file per line); ""Return reasons"" (Return.Reasons) contains NoLongerNeeded.
(3) Platform configuration FileUpload:Scopes includes return-attachments (without it POST /api/files/return-attachments is refused and every create case cannot attach).
(4) Seeded fixtures: npm run seed:returns (RETURNS_ORDER_*) and npm run seed:returns:decisions (RETURNS_AUTH_JOURNEY) — check with npm run returns:check / npm run returns:decisions:check; buyer {{USER_EMAIL}} and agent {{ADMIN}} (holds return:authorize); colleague {{USER2_EMAIL}} in the SAME organization (RETURNS_COLLEAGUE).",store={{STORE_ID}},"[AUTH role=ADMIN_DEFAULT]
[REST-OP modules]
GET {{BACK_URL}}/api/platform/modules
[REST-EXEC modules]
[AUTH role=USER]
[GQL-OP policy]
query { returnPolicy(storeId: ""{{STORE_ID}}"") { isEnabled windowDays allowedOrderStatuses } }
[GQL-EXEC policy]
[REST-OP upload_probe]
POST {{BACK_URL}}/api/files/return-attachments
Content-Type: multipart/form-data
Body: file=@@td(UPLOAD_FIXTURES.primary.path) (mimeType: image/png; filename: Logo1.png)
[REST-EXEC upload_probe]
[REST-CAPTURE upload_probe.body.[0].url → PROBE_URL]","[ERRORS label=modules] HTTP 200
[DATA label=modules] body.[?title=Returns].isInstalled = true
[ERRORS label=policy] errors[] empty
[DATA label=policy] data.returnPolicy.isEnabled = true
[ERRORS label=upload_probe] HTTP 200
[DATA label=upload_probe] body.[0].url is non-null
[EVIDENCE] BLOCKED guard: every assertion in this case is an ENVIRONMENT prerequisite. A failure here means the stand is not prepared (module absent, store Return module setting off, FileUpload:Scopes without return-attachments) and the whole suite must be reported BLOCKED with the failing prerequisite named - it is not a product FAIL and no later case in this suite is meaningful.",[REST] evidence is the graphql-runner JSON per label; the probe file is left unattached (no return references it),"modules does not list VirtoCommerce.Return as installed; returnPolicy.isEnabled=false (Settings > Return > Return > ""Return module"" is off for the store); the upload probe is refused (platform FileUpload:Scopes lacks return-attachments) - each means SUITE BLOCKED, environment to be fixed, not a defect",none -- the probe upload is unreferenced,VCST-5628 · VCST-5883 · Archetype:CONFIG · Technique:EG | Promoted: VCST-5628 (2026-10-01),Automated
RET-GQL-001,"returnableItems -- Happy Path: Delivered Today, Ordered == Delivered, Fully Returnable",GraphQL > Returns > Query,Critical,,,"Runner-native. No browser. Buyer USER_EMAIL owns fixture RETURNS_ORDER_A_HAPPY (ordered 5 / delivered 5 of the shared returns line, delivered today). No other case mutates this order -- read-only.",order=@td(RETURNS_ORDER_A_HAPPY.id); line=@td(RETURNS_ORDER_A_HAPPY.lineXItemId),"[AUTH role=USER]
[GQL-OP get_returnable]
query {
  returnableItems(orderId: ""@td(RETURNS_ORDER_A_HAPPY.id)"") {
    orderLineItemId
    productId
    sku
    name
    imageUrl
    measureUnit
    orderedQuantity
    deliveredQuantity
    returnableQuantity
    isReturnable
    ineligibilityReason
    deliveryDate
    returnableUntil
  }
}
[GQL-EXEC get_returnable]","[ERRORS label=get_returnable] errors[] empty
[COUNT label=get_returnable] data.returnableItems.length = 1
[DATA label=get_returnable] data.returnableItems.0.orderLineItemId = @td(RETURNS_ORDER_A_HAPPY.lineXItemId)
[DATA label=get_returnable] data.returnableItems.0.isReturnable = true
[DATA label=get_returnable] data.returnableItems.0.orderedQuantity = 5
[DATA label=get_returnable] data.returnableItems.0.deliveredQuantity = 5
[DATA label=get_returnable] data.returnableItems.0.returnableQuantity = 5
[NULL label=get_returnable] data.returnableItems.0.ineligibilityReason",[EVIDENCE] Delivered-today fixture; returnable == delivered == ordered when nothing has ever been returned against this line,errors[] non-empty; isReturnable false on a never-touched delivered-today order; returnableQuantity != 5,"none -- read-only query, no state created","VCST-5628 | Promoted: VCST-5628 (2026-10-01) | Behavior:ret.buyer.eligibility.delivered-in-window | Audited: 2026-10-07 (TCA-2026-10-07); Source: vc-module-return@3.1004.0/src/VirtoCommerce.ReturnModule.Data/Services/ReturnEligibilityService.cs:72; Docs: N/A — project-specific: buyer self-service Returns xAPI has no published guide page (VirtoOZ StorefrontUserGuide + PlatformUserGuide queried 2026-10-07: only legacy admin Return pages, nothing on returnableItems/createReturn/submit/decisions); in-repo vc-module-return docs/return-module-guide.md read where it speaks | DataProfile:profile.ret.eligibility-delivered-in-window",Automated
RET-GQL-002,"returnableItems -- Returnable Quantity Is Capped By DELIVERED, Not ORDERED",GraphQL > Returns > Query,Critical,,ECL-2.1,"Runner-native. No browser. Fixture RETURNS_ORDER_A2_PARTIAL_DELIVERY: ordered 10 of the shared returns line, only 4 delivered. Isolates the ordered-vs-delivered distinction the ticket calls out as the heart of the quantity model.",order=@td(RETURNS_ORDER_A2_PARTIAL_DELIVERY.id); line=@td(RETURNS_ORDER_A2_PARTIAL_DELIVERY.lineXItemId),"[AUTH role=USER]
[GQL-OP get_returnable]
query {
  returnableItems(orderId: ""@td(RETURNS_ORDER_A2_PARTIAL_DELIVERY.id)"") {
    orderLineItemId orderedQuantity deliveredQuantity returnableQuantity isReturnable ineligibilityReason
  }
}
[GQL-EXEC get_returnable]","[ERRORS label=get_returnable] errors[] empty
[DATA label=get_returnable] data.returnableItems.0.orderedQuantity = 10
[DATA label=get_returnable] data.returnableItems.0.deliveredQuantity = 4
[DATA label=get_returnable] data.returnableItems.0.returnableQuantity = 4
[DATA label=get_returnable] data.returnableItems.0.returnableQuantity = data.returnableItems.0.deliveredQuantity
[DATA label=get_returnable] data.returnableItems.0.returnableQuantity < data.returnableItems.0.orderedQuantity
[DATA label=get_returnable] data.returnableItems.0.isReturnable = true","[EVIDENCE] Confirms the cap tracks deliveredQuantity, not orderedQuantity -- a bug that used orderedQuantity would report returnableQuantity=10 here",errors[] non-empty; returnableQuantity = 10 (bug: capped by ordered instead of delivered),"none -- read-only query, no state created","VCST-5628 | Promoted: VCST-5628 (2026-10-01) | Behavior:ret.buyer.eligibility.capped-by-delivered | Audited: 2026-10-07 (TCA-2026-10-07); Source: vc-module-return@3.1004.0/src/VirtoCommerce.ReturnModule.Data/Services/ReturnEligibilityService.cs:72; Docs: N/A — project-specific: buyer self-service Returns xAPI has no published guide page (VirtoOZ StorefrontUserGuide + PlatformUserGuide queried 2026-10-07: only legacy admin Return pages, nothing on returnableItems/createReturn/submit/decisions); in-repo vc-module-return docs/return-module-guide.md read where it speaks | DataProfile:profile.ret.eligibility-capped-by-delivered",Automated
RET-GQL-003,"returnableItems -- Split Delivery: Window Runs From The LATEST Delivery, Quantities SUM",GraphQL > Returns > Query,Critical,,,"Runner-native. No browser. Fixture RETURNS_ORDER_E_SPLIT_DELIVERY: two deliveries of the same line, 5 units 40 days ago (outside the 30-day window on its own) and 3 units today, ordered 8 total. The window must be evaluated from the LATEST delivery, and the two delivered quantities summed.",order=@td(RETURNS_ORDER_E_SPLIT_DELIVERY.id); line=@td(RETURNS_ORDER_E_SPLIT_DELIVERY.lineXItemId),"[AUTH role=USER]
[GQL-OP get_returnable]
query {
  returnableItems(orderId: ""@td(RETURNS_ORDER_E_SPLIT_DELIVERY.id)"") {
    orderLineItemId orderedQuantity deliveredQuantity returnableQuantity isReturnable ineligibilityReason returnableUntil
  }
}
[GQL-EXEC get_returnable]","[ERRORS label=get_returnable] errors[] empty
[DATA label=get_returnable] data.returnableItems.0.orderedQuantity = 8
[DATA label=get_returnable] data.returnableItems.0.deliveredQuantity = 8
[DATA label=get_returnable] data.returnableItems.0.returnableQuantity = 8
[DATA label=get_returnable] data.returnableItems.0.isReturnable = true
[NULL label=get_returnable] data.returnableItems.0.ineligibilityReason","[EVIDENCE] If the window were wrongly evaluated from the EARLIEST (-40d) delivery this line would read OUTSIDE_RETURN_WINDOW instead; if quantities were not summed deliveredQuantity would read 3 or 5, not 8",errors[] non-empty; isReturnable false / OUTSIDE_RETURN_WINDOW (window keyed off the earlier delivery); deliveredQuantity != 8 (quantities not summed across shipments),"none -- read-only query, no state created","VCST-5628 | Promoted: VCST-5628 (2026-10-01) | Behavior:ret.buyer.eligibility.split-delivery | Audited: 2026-10-07 (TCA-2026-10-07); Source: vc-module-return@3.1004.0/src/VirtoCommerce.ReturnModule.Data/Services/ReturnEligibilityService.cs:68,:125-150; Docs: N/A — project-specific: buyer self-service Returns xAPI has no published guide page (VirtoOZ StorefrontUserGuide + PlatformUserGuide queried 2026-10-07: only legacy admin Return pages, nothing on returnableItems/createReturn/submit/decisions); in-repo vc-module-return docs/return-module-guide.md read where it speaks | DataProfile:profile.ret.eligibility-split-delivery",Automated
RET-GQL-004,returnableItems -- OUTSIDE_RETURN_WINDOW When Delivery Is Older Than WindowDays,GraphQL > Returns > Query,High,,,Runner-native. No browser. Fixture RETURNS_ORDER_B_OUTSIDE_WINDOW: same as the happy-path fixture but delivered 40 days ago -- past the store's 30-day Return.WindowDays.,order=@td(RETURNS_ORDER_B_OUTSIDE_WINDOW.id),"[AUTH role=USER]
[GQL-OP get_returnable]
query {
  returnableItems(orderId: ""@td(RETURNS_ORDER_B_OUTSIDE_WINDOW.id)"") {
    orderLineItemId orderedQuantity deliveredQuantity returnableQuantity isReturnable ineligibilityReason
  }
}
[GQL-EXEC get_returnable]","[ERRORS label=get_returnable] errors[] empty
[DATA label=get_returnable] data.returnableItems.0.isReturnable = false
[DATA label=get_returnable] data.returnableItems.0.ineligibilityReason = OUTSIDE_RETURN_WINDOW
[DATA label=get_returnable] data.returnableItems.0.returnableQuantity = data.returnableItems.0.deliveredQuantity
[DATA label=get_returnable] data.returnableItems.0.deliveredQuantity = 5","[EVIDENCE] deliveredQuantity stays 5 (delivery happened) -- only isReturnable/ineligibilityReason change vs the happy path; returnableQuantity stays delivered minus held because the window gates isReturnable, not the quantity",errors[] non-empty; isReturnable true past the window; ineligibilityReason null or a different code,"none -- read-only query, no state created","VCST-5628 | Behavior:ret.buyer.eligibility.outside-window | Audited: 2026-10-07 (TCA-2026-10-07); Source: vc-module-return@3.1004.0/src/VirtoCommerce.ReturnModule.Data/Services/ReturnEligibilityService.cs:72,:114; Docs: N/A — project-specific: buyer self-service Returns xAPI has no published guide page (VirtoOZ StorefrontUserGuide + PlatformUserGuide queried 2026-10-07: only legacy admin Return pages, nothing on returnableItems/createReturn/submit/decisions); in-repo vc-module-return docs/return-module-guide.md read where it speaks | DataProfile:profile.ret.eligibility-outside-window",Draft
RET-GQL-005,returnableItems -- NOT_DELIVERED When The Line Has No Delivery Date,GraphQL > Returns > Query,High,,,Runner-native. No browser. Fixture RETURNS_ORDER_C_NOT_DELIVERED: same as the happy-path fixture but the shipment carries no delivery date -- goods still in transit.,order=@td(RETURNS_ORDER_C_NOT_DELIVERED.id),"[AUTH role=USER]
[GQL-OP get_returnable]
query {
  returnableItems(orderId: ""@td(RETURNS_ORDER_C_NOT_DELIVERED.id)"") {
    orderLineItemId orderedQuantity deliveredQuantity returnableQuantity isReturnable ineligibilityReason deliveryDate
  }
}
[GQL-EXEC get_returnable]","[ERRORS label=get_returnable] errors[] empty
[DATA label=get_returnable] data.returnableItems.0.isReturnable = false
[DATA label=get_returnable] data.returnableItems.0.ineligibilityReason = NOT_DELIVERED
[DATA label=get_returnable] data.returnableItems.0.deliveredQuantity = 0
[NULL label=get_returnable] data.returnableItems.0.deliveryDate","[EVIDENCE] deliveredQuantity is 0, distinguishing this from OUTSIDE_RETURN_WINDOW where delivery happened but the window lapsed",errors[] non-empty; isReturnable true with no delivery date; ineligibilityReason OUTSIDE_RETURN_WINDOW instead of NOT_DELIVERED (order-date-not-delivery-date confusion),"none -- read-only query, no state created","VCST-5628 | Promoted: VCST-5628 (2026-10-01) | Behavior:ret.buyer.eligibility.not-delivered | Audited: 2026-10-07 (TCA-2026-10-07); Source: vc-module-return@3.1004.0/src/VirtoCommerce.ReturnModule.Data/Services/ReturnEligibilityService.cs:109,:132; Docs: N/A — project-specific: buyer self-service Returns xAPI has no published guide page (VirtoOZ StorefrontUserGuide + PlatformUserGuide queried 2026-10-07: only legacy admin Return pages, nothing on returnableItems/createReturn/submit/decisions); in-repo vc-module-return docs/return-module-guide.md read where it speaks | DataProfile:profile.ret.eligibility-not-delivered",Automated
RET-GQL-006,returnableItems -- ORDER_STATUS_NOT_ALLOWED When Order Status Is Not In allowedOrderStatuses,GraphQL > Returns > Query,High,,,"Runner-native. No browser. Fixture RETURNS_ORDER_D_STATUS_NOT_ALLOWED: delivered today, full quantity -- the order status is deliberately the ONLY ineligible condition, isolating this reason from the others.",order=@td(RETURNS_ORDER_D_STATUS_NOT_ALLOWED.id),"[AUTH role=USER]
[GQL-OP get_returnable]
query {
  returnableItems(orderId: ""@td(RETURNS_ORDER_D_STATUS_NOT_ALLOWED.id)"") {
    orderLineItemId orderedQuantity deliveredQuantity returnableQuantity isReturnable ineligibilityReason
  }
}
[GQL-EXEC get_returnable]","[ERRORS label=get_returnable] errors[] empty
[DATA label=get_returnable] data.returnableItems.0.isReturnable = false
[DATA label=get_returnable] data.returnableItems.0.ineligibilityReason = ORDER_STATUS_NOT_ALLOWED
[DATA label=get_returnable] data.returnableItems.0.deliveredQuantity = 5","[EVIDENCE] deliveredQuantity=5 and the delivery is today (inside the window) -- only the order status differs from the happy path, so a wrong reason here cannot be blamed on delivery/window",errors[] non-empty; isReturnable true on a disallowed order status; ineligibilityReason names window/delivery instead of the status,"none -- read-only query, no state created","VCST-5628 | Promoted: VCST-5628 (2026-10-01) | Behavior:ret.buyer.eligibility.order-status-not-allowed | Audited: 2026-10-07 (TCA-2026-10-07); Source: vc-module-return@3.1004.0/src/VirtoCommerce.ReturnModule.Data/Services/ReturnEligibilityService.cs:90,:180; Docs: N/A — project-specific: buyer self-service Returns xAPI has no published guide page (VirtoOZ StorefrontUserGuide + PlatformUserGuide queried 2026-10-07: only legacy admin Return pages, nothing on returnableItems/createReturn/submit/decisions); in-repo vc-module-return docs/return-module-guide.md read where it speaks | DataProfile:profile.ret.eligibility-order-status-not-allowed",Automated
RET-GQL-007,"returnableItems -- Cancelled Line Excluded (LINE_CANCELLED), Live Sibling Line Still Returnable",GraphQL > Returns > Query,Critical,,,"Runner-native. No browser. Fixture RETURNS_ORDER_F_CANCELLED_LINE: one order carrying a live line (delivered today, full quantity) PLUS a cancelled line. Both lines must appear in the response, distinguished only by cancellation.",order=@td(RETURNS_ORDER_F_CANCELLED_LINE.id); live_line=@td(RETURNS_ORDER_F_CANCELLED_LINE.lineXItemId); cancelled_line=@td(RETURNS_ORDER_F_CANCELLED_LINE.cancelledLineItemId),"[AUTH role=USER]
[GQL-OP get_returnable]
query {
  returnableItems(orderId: ""@td(RETURNS_ORDER_F_CANCELLED_LINE.id)"") {
    orderLineItemId orderedQuantity deliveredQuantity returnableQuantity isReturnable ineligibilityReason
  }
}
[GQL-EXEC get_returnable]","[ERRORS label=get_returnable] errors[] empty
[COUNT label=get_returnable] data.returnableItems.length = 2
[DATA label=get_returnable] data.returnableItems[?orderLineItemId=@td(RETURNS_ORDER_F_CANCELLED_LINE.lineXItemId)].isReturnable = true
[DATA label=get_returnable] data.returnableItems[?orderLineItemId=@td(RETURNS_ORDER_F_CANCELLED_LINE.lineXItemId)].returnableQuantity = 5
[NULL label=get_returnable] data.returnableItems[?orderLineItemId=@td(RETURNS_ORDER_F_CANCELLED_LINE.lineXItemId)].ineligibilityReason
[DATA label=get_returnable] data.returnableItems[?orderLineItemId=@td(RETURNS_ORDER_F_CANCELLED_LINE.cancelledLineItemId)].isReturnable = false
[DATA label=get_returnable] data.returnableItems[?orderLineItemId=@td(RETURNS_ORDER_F_CANCELLED_LINE.cancelledLineItemId)].ineligibilityReason = LINE_CANCELLED
[DATA label=get_returnable] data.returnableItems[?orderLineItemId=@td(RETURNS_ORDER_F_CANCELLED_LINE.cancelledLineItemId)].returnableQuantity = 0","[EVIDENCE] Two rows in one order, only one property (cancellation) differs -- an implementation that flags cancellation per-ORDER rather than per-LINE would wrongly zero out the live line too",errors[] non-empty; only 1 row returned (cancelled line silently dropped instead of reported ineligible); live line's isReturnable also false (per-order instead of per-line cancellation check),"none -- read-only query, no state created","VCST-5628 | Promoted: VCST-5628 (2026-10-01) | Behavior:ret.buyer.eligibility.line-cancelled | Audited: 2026-10-07 (TCA-2026-10-07); Source: vc-module-return@3.1004.0/src/VirtoCommerce.ReturnModule.Data/Services/ReturnEligibilityService.cs:102; Docs: N/A — project-specific: buyer self-service Returns xAPI has no published guide page (VirtoOZ StorefrontUserGuide + PlatformUserGuide queried 2026-10-07: only legacy admin Return pages, nothing on returnableItems/createReturn/submit/decisions); in-repo vc-module-return docs/return-module-guide.md read where it speaks | DataProfile:profile.ret.eligibility-line-cancelled",Automated
RET-GQL-008,"returnableItems -- Two Lines Eligible At Once, Different Products And Quantities",GraphQL > Returns > Query,Critical,,,"Runner-native. No browser. Fixture RETURNS_ORDER_G_TWO_ELIGIBLE_LINES: two DIFFERENT products delivered today in one shipment, line A ordered/delivered 5, line B ordered/delivered 3. The only fixture reporting 2-of-2 eligible (F's second line is cancelled). Unlocks bulk-apply and per-line-attachment storefront cases downstream.",order=@td(RETURNS_ORDER_G_TWO_ELIGIBLE_LINES.id); line_a=@td(RETURNS_ORDER_G_TWO_ELIGIBLE_LINES.lineAItemId); line_b=@td(RETURNS_ORDER_G_TWO_ELIGIBLE_LINES.lineBItemId),"[AUTH role=USER]
[GQL-OP get_returnable]
query {
  returnableItems(orderId: ""@td(RETURNS_ORDER_G_TWO_ELIGIBLE_LINES.id)"") {
    orderLineItemId sku orderedQuantity deliveredQuantity returnableQuantity isReturnable ineligibilityReason
  }
}
[GQL-EXEC get_returnable]
[GQL-CAPTURE get_returnable.data.returnableItems[?orderLineItemId={{line_a}}].sku → SKU_A]","[ERRORS label=get_returnable] errors[] empty
[COUNT label=get_returnable] data.returnableItems.length = 2
[DATA label=get_returnable] data.returnableItems[?orderLineItemId=@td(RETURNS_ORDER_G_TWO_ELIGIBLE_LINES.lineAItemId)].isReturnable = true
[DATA label=get_returnable] data.returnableItems[?orderLineItemId=@td(RETURNS_ORDER_G_TWO_ELIGIBLE_LINES.lineAItemId)].returnableQuantity = 5
[DATA label=get_returnable] data.returnableItems[?orderLineItemId=@td(RETURNS_ORDER_G_TWO_ELIGIBLE_LINES.lineBItemId)].isReturnable = true
[DATA label=get_returnable] data.returnableItems[?orderLineItemId=@td(RETURNS_ORDER_G_TWO_ELIGIBLE_LINES.lineBItemId)].returnableQuantity = 3
[DATA label=get_returnable] data.returnableItems[?orderLineItemId={{line_a}}].sku is non-null
[COUNT label=get_returnable] data.returnableItems[*?sku={{SKU_A}}].length = 1",[EVIDENCE] Different products: line A's sku is captured and EXACTLY ONE of the two rows carries it (a shared-product defect would give 2). Quantities (5 vs 3) and products deliberately differ -- a per-return (not per-line) quantity rule would report the SAME returnableQuantity on both rows,errors[] non-empty; only 1 row (second eligible line dropped); returnableQuantity identical on both rows (per-return quantity computed once and copied per line),"none -- read-only query, no state created","VCST-5628 | Promoted: VCST-5628 (2026-10-01) | Behavior:ret.buyer.eligibility.delivered-in-window | Audited: 2026-10-07 (TCA-2026-10-07); Source: vc-module-return@3.1004.0/src/VirtoCommerce.ReturnModule.Data/Services/ReturnEligibilityService.cs:72; Docs: N/A — project-specific: buyer self-service Returns xAPI has no published guide page (VirtoOZ StorefrontUserGuide + PlatformUserGuide queried 2026-10-07: only legacy admin Return pages, nothing on returnableItems/createReturn/submit/decisions); in-repo vc-module-return docs/return-module-guide.md read where it speaks",Automated
RET-GQL-009,returnPolicy -- Shape And Values Match The Store's Configured Return Settings,GraphQL > Returns > Query,High,,,"Runner-native. No browser. Store-level settings this pass: Return.ReturnEnabled=true, Return.WindowDays=30, Return.AllowedOrderStatuses=Completed. returnPolicy is the storefront-readable projection of these. allowedOrderStatuses is a plain string array (OBSERVED: [""Completed""]) - the runner has no membership predicate for scalars, so membership is asserted with a regex over the stringified array (comma-joined) anchored on the list separators.",store={{STORE_ID}},"[AUTH role=USER]
[GQL-OP get_policy]
query {
  returnPolicy(storeId: ""{{STORE_ID}}"") {
    isEnabled
    windowDays
    allowedOrderStatuses
  }
}
[GQL-EXEC get_policy]","[ERRORS label=get_policy] errors[] empty
[DATA label=get_policy] data.returnPolicy.isEnabled = true
[DATA label=get_policy] data.returnPolicy.windowDays > 0
[COUNT label=get_policy] data.returnPolicy.allowedOrderStatuses.length >= 1
[DATA label=get_policy] data.returnPolicy.allowedOrderStatuses matches /(^|,)Completed(,|$)/","[EVIDENCE] ReturnPolicyType carries EXACTLY 3 fields (isEnabled, windowDays, allowedOrderStatuses) -- a hypothesized larger shape (allowOrderlessReturns, maxOrderlessLineQuantity, policyText) does not exist on this schema and querying it fails schema validation before send",errors[] non-empty; isEnabled false while returns are otherwise reachable elsewhere in this suite (config drift mid-run),"none -- read-only query, no state created","VCST-5628 | Promoted: VCST-5628 (2026-10-01) | Behavior:ret.config.policy | Audited: 2026-10-07 (TCA-2026-10-07); Source: vc-module-return@3.1004.0/src/VirtoCommerce.ReturnModule.ExperienceApi/Queries/ReturnPolicyQueryHandler.cs:35; Docs: N/A — project-specific: buyer self-service Returns xAPI has no published guide page (VirtoOZ StorefrontUserGuide + PlatformUserGuide queried 2026-10-07: only legacy admin Return pages, nothing on returnableItems/createReturn/submit/decisions); in-repo vc-module-return docs/return-module-guide.md read where it speaks",Automated
RET-GQL-010,"returnReasons -- Per-Store Reason Catalog, requiresComment Reflects The Live Setting",GraphQL > Returns > Query,High,,,Runner-native. No browser. Return.ReasonsRequiringComment on this store's live setting is the single code FaultyOnArrival -- confirmed via GET {{BACK_URL}}/api/platform/settings/v2/tenant/Store/{{STORE_ID}}/values immediately before authoring. Only that code should report requiresComment=true; the module ships 5 codes total.,store={{STORE_ID}},"[AUTH role=USER]
[GQL-OP get_reasons]
query {
  returnReasons(storeId: ""{{STORE_ID}}"") {
    code
    localizedName
    requiresComment
  }
}
[GQL-EXEC get_reasons]","[ERRORS label=get_reasons] errors[] empty
[COUNT label=get_reasons] data.returnReasons.length = 5
[DATA label=get_reasons] data.returnReasons[?code=FaultyOnArrival].requiresComment = true
[DATA label=get_reasons] data.returnReasons[?code=NoLongerNeeded].requiresComment = false
[DATA label=get_reasons] data.returnReasons[?code=OrderedByMistake].requiresComment = false
[DATA label=get_reasons] data.returnReasons.0.code is non-null","[EVIDENCE] localizedName is currently byte-identical to code (PascalCase, e.g. ""FaultyOnArrival"") on this build -- not asserted here as a defect since no localization resource gap was diagnosed, only recorded",errors[] non-empty; requiresComment true on a code other than FaultyOnArrival while the store setting still names only FaultyOnArrival; fewer than 5 codes returned,"none -- read-only query, no state created","VCST-5628 | Promoted: VCST-5628 (2026-10-01) | Behavior:ret.config.policy | Audited: 2026-10-07 (TCA-2026-10-07); Source: vc-module-return@3.1004.0/src/VirtoCommerce.ReturnModule.ExperienceApi/Queries/ReturnReasonsQueryHandler.cs:31-41; Docs: N/A — project-specific: buyer self-service Returns xAPI has no published guide page (VirtoOZ StorefrontUserGuide + PlatformUserGuide queried 2026-10-07: only legacy admin Return pages, nothing on returnableItems/createReturn/submit/decisions); in-repo vc-module-return docs/return-module-guide.md read where it speaks",Automated
RET-GQL-011,returnStatuses -- Localized Status Dictionary Is Non-Empty And Keyed By Status Code,GraphQL > Returns > Query,Medium,,,"Runner-native. No browser. returnStatuses returns a KeyValueType list (LocalizedSettingResponseType.items), a DIFFERENT vocabulary source from the new flow's own ReturnStatus constants -- this case only pins the query's own shape, not cross-vocabulary agreement (that is a documented, open disagreement, not this suite's job to assert either way).",,"[AUTH role=USER]
[GQL-OP get_statuses]
query {
  returnStatuses {
    items {
      key
      value
    }
  }
}
[GQL-EXEC get_statuses]","[ERRORS label=get_statuses] errors[] empty
[COUNT label=get_statuses] data.returnStatuses.items.length >= 5
[DATA label=get_statuses] data.returnStatuses.items[?key=Draft].key is non-null
[DATA label=get_statuses] data.returnStatuses.items[?key=Requested].key is non-null
[DATA label=get_statuses] data.returnStatuses.items[?key=Cancelled].key is non-null","[EVIDENCE] Every new-flow status a buyer can actually reach (Draft, Requested, Cancelled -- see RET-GQL-014/027) has a matching label here; AwaitingDelivery/Received (source constants, never reachable this phase) are not asserted present or absent",errors[] non-empty; items empty; a reachable status (Draft/Requested/Cancelled) missing its label,"none -- read-only query, no state created","VCST-5628 | Promoted: VCST-5628 (2026-10-01) | Behavior:ret.config.policy.status-vocabulary | Audited: 2026-10-07 (TCA-2026-10-07); Source: vc-module-return@3.1004.0/src/VirtoCommerce.ReturnModule.Core/ModuleConstants.cs:33-53; Docs: N/A — project-specific: buyer self-service Returns xAPI has no published guide page (VirtoOZ StorefrontUserGuide + PlatformUserGuide queried 2026-10-07: only legacy admin Return pages, nothing on returnableItems/createReturn/submit/decisions); in-repo vc-module-return docs/return-module-guide.md read where it speaks",Automated
RET-GQL-012,"return(id) -- Nonexistent Id Resolves To NULL, Not An Error",GraphQL > Returns > Query,High,,ECL-14.1,"Runner-native. No browser. A well-formed but never-issued GUID. The xAPI convention for a single-entity lookup by id is a null payload with an empty errors[], not a thrown NOT_FOUND -- this is the query-side twin of the mutation-side RETURN_NOT_FOUND in RET-GQL-025.",bogus_id=00000000-0000-0000-0000-000000000000,"[AUTH role=USER]
[GQL-OP get_bogus]
query {
  return(id: ""{{bogus_id}}"") {
    id
    status
  }
}
[GQL-EXEC get_bogus]","[ERRORS label=get_bogus] errors[] empty
[NULL label=get_bogus] data.return",[EVIDENCE] A thrown error here would be a contract change other clients (storefront) don't expect for a plain lookup-by-id,"errors[] non-empty (thrown instead of a null payload); data.return non-null (a colliding real return, extremely unlikely with an all-zero GUID but would invalidate the case)","none -- read-only query, no state created","VCST-5628 | Promoted: VCST-5628 (2026-10-01) | Behavior:ret.buyer.read.unknown-id | Audited: 2026-10-07 (TCA-2026-10-07); Source: vc-module-return@3.1004.0/src/VirtoCommerce.ReturnModule.ExperienceApi/Queries/ReturnQueryHandler.cs:25; Docs: N/A — project-specific: buyer self-service Returns xAPI has no published guide page (VirtoOZ StorefrontUserGuide + PlatformUserGuide queried 2026-10-07: only legacy admin Return pages, nothing on returnableItems/createReturn/submit/decisions); in-repo vc-module-return docs/return-module-guide.md read where it speaks",Automated
RET-GQL-013,"return(id) -- Another Buyer's Return Also Resolves To NULL (Ownership, Not A Thrown Error)",GraphQL > Returns > Query,Critical,,ECL-14.1,"Runner-native. No browser. USER_EMAIL creates a throwaway Draft on fixture RETURNS_ORDER_E_SPLIT_DELIVERY (qty 1, released via cancel in the same case). USER2_EMAIL then looks it up by id: authorization is customer-id-scoped (ReturnFlowService.IsOwnedBy, called by ReturnQueryHandler), so a return that exists is indistinguishable, to a non-owner, from one that never did.",order=@td(RETURNS_ORDER_E_SPLIT_DELIVERY.id); line=@td(RETURNS_ORDER_E_SPLIT_DELIVERY.lineXItemId),"[AUTH role=USER]
[GQL-OP create_draft]
mutation {
  createReturn(command: { orderId: ""@td(RETURNS_ORDER_E_SPLIT_DELIVERY.id)"", items: [{ orderLineItemId: ""@td(RETURNS_ORDER_E_SPLIT_DELIVERY.lineXItemId)"", quantity: 1 }] }) {
    id
    status
  }
}
[GQL-EXEC create_draft]
[GQL-CAPTURE create_draft.data.createReturn.id → OWNED_RETURN_ID]
[AUTH role=USER2]
[GQL-OP get_as_other]
query {
  return(id: ""{{OWNED_RETURN_ID}}"") {
    id
    status
  }
}
[GQL-EXEC get_as_other]
[AUTH role=USER]
[GQL-OP cleanup_cancel]
mutation {
  cancelReturn(command: { returnId: ""{{OWNED_RETURN_ID}}"" }) {
    id
    status
  }
}
[GQL-EXEC cleanup_cancel]","[ERRORS label=create_draft] errors[] empty
[DATA label=create_draft] data.createReturn.status = Draft
[ERRORS label=get_as_other] errors[] empty
[NULL label=get_as_other] data.return
[ERRORS label=cleanup_cancel] errors[] empty
[DATA label=cleanup_cancel] data.cancelReturn.status = Cancelled","[EVIDENCE] {{OWNED_RETURN_ID}} is real and owned by USER_EMAIL at the moment USER2 queries it -- a null here is ownership-scoping, not a stale/never-existed id (RET-GQL-012 covers that case separately)","get_as_other errors[] non-empty (thrown NOT_FOUND instead of null); data.return non-null as USER2 (cross-customer leak); cleanup_cancel fails, leaving an orphaned Draft",cancelReturn on {{OWNED_RETURN_ID}} as USER (already inline above as cleanup_cancel) -- restated here as the safety net if the inline step did not run,VCST-5628 | Promoted: VCST-5628 (2026-10-01) | Behavior:ret.buyer.read.other-buyer,Automated
RET-GQL-014,"Quantity Lifecycle -- Draft Holds Nothing, Submit Reduces By Exactly The Submitted Qty, Cancel Releases Fully",GraphQL > Returns > Mutation,Critical,,ECL-2.1,"Runner-native. No browser. THE journey case for the feature's quantity model -- exercises every link of the chain (create -> hold-check -> submit -> hold -> cancel -> release) against ONE fixture (RETURNS_ORDER_A2_PARTIAL_DELIVERY, 4 returnable) in a single continuous flow, so the before/after comparison is against the SAME baseline throughout. Attachment provided up front (Return.AttachmentsRequired is true on this store) so the submit step exercises quantity logic, not the attachment gate (RET-GQL-018 covers that gate on its own).",order=@td(RETURNS_ORDER_A2_PARTIAL_DELIVERY.id); line=@td(RETURNS_ORDER_A2_PARTIAL_DELIVERY.lineXItemId); qty=2,"[AUTH role=USER]
[GQL-OP before]
query { returnableItems(orderId: ""@td(RETURNS_ORDER_A2_PARTIAL_DELIVERY.id)"") { orderLineItemId returnableQuantity } }
[GQL-EXEC before]
[GQL-CAPTURE before.data.returnableItems.0.returnableQuantity → BEFORE_QTY]
[REST-OP upload_att]
POST {{BACK_URL}}/api/files/return-attachments
Content-Type: multipart/form-data
Body: file=@@td(UPLOAD_FIXTURES.primary.path) (mimeType: image/png; filename: Logo1.png)
[REST-EXEC upload_att]
[REST-CAPTURE upload_att.body.[0].url → ATTACHMENT_URL]
[GQL-OP create_draft]
mutation {
  createReturn(command: { orderId: ""@td(RETURNS_ORDER_A2_PARTIAL_DELIVERY.id)"", items: [{ orderLineItemId: ""@td(RETURNS_ORDER_A2_PARTIAL_DELIVERY.lineXItemId)"", quantity: 2, reasonCode: ""NoLongerNeeded"", attachmentUrls: [""{{ATTACHMENT_URL}}""] }] }) {
    id
    status
  }
}
[GQL-EXEC create_draft]
[GQL-CAPTURE create_draft.data.createReturn.id → RETURN_ID]
[GQL-OP after_draft]
query { returnableItems(orderId: ""@td(RETURNS_ORDER_A2_PARTIAL_DELIVERY.id)"") { orderLineItemId returnableQuantity } }
[GQL-EXEC after_draft]
[GQL-CAPTURE after_draft.data.returnableItems.0.returnableQuantity → AFTER_DRAFT_QTY]
[GQL-OP submit]
mutation { submitReturn(command: { returnId: ""{{RETURN_ID}}"" }) { id status } }
[GQL-EXEC submit]
[GQL-OP after_submit]
query { returnableItems(orderId: ""@td(RETURNS_ORDER_A2_PARTIAL_DELIVERY.id)"") { orderLineItemId returnableQuantity } }
[GQL-EXEC after_submit]
[GQL-CAPTURE after_submit.data.returnableItems.0.returnableQuantity → AFTER_SUBMIT_QTY]
[GQL-OP cancel]
mutation { cancelReturn(command: { returnId: ""{{RETURN_ID}}"" }) { id status } }
[GQL-EXEC cancel]
[GQL-OP after_cancel]
query { returnableItems(orderId: ""@td(RETURNS_ORDER_A2_PARTIAL_DELIVERY.id)"") { orderLineItemId returnableQuantity } }
[GQL-EXEC after_cancel]
[GQL-CAPTURE after_cancel.data.returnableItems.0.returnableQuantity → AFTER_CANCEL_QTY]","[ERRORS label=before] errors[] empty
[DATA label=before] data.returnableItems.0.returnableQuantity = 4
[ERRORS label=create_draft] errors[] empty
[DATA label=create_draft] data.createReturn.status = Draft
[ERRORS label=after_draft] errors[] empty
[VAR] {{AFTER_DRAFT_QTY}} = {{BEFORE_QTY}}
[DATA label=after_draft] data.returnableItems.0.returnableQuantity = 4
[ERRORS label=submit] errors[] empty
[DATA label=submit] data.submitReturn.status = Requested
[ERRORS label=after_submit] errors[] empty
[DATA label=after_submit] data.returnableItems.0.returnableQuantity = 2
[ERRORS label=cancel] errors[] empty
[DATA label=cancel] data.cancelReturn.status = Cancelled
[ERRORS label=after_cancel] errors[] empty
[VAR] {{AFTER_CANCEL_QTY}} = {{BEFORE_QTY}}
[DATA label=after_cancel] data.returnableItems.0.returnableQuantity = 4","[EVIDENCE] Four snapshots of the SAME query (before / after_draft / after_submit / after_cancel) around the SAME return -- a bug at any one link (draft wrongly holding, submit holding the wrong amount, cancel not releasing) shows up as exactly one snapshot disagreeing with its neighbours",after_draft.returnableQuantity < 4 (Draft wrongly holds); after_submit.returnableQuantity != 2 (submit holds the wrong amount); after_cancel.returnableQuantity != 4 (cancel does not fully release); any errors[] non-empty,"cancelReturn on {{RETURN_ID}} if the case aborted before its own inline cancel step ran (state: Draft or Requested, never Cancelled)",VCST-5628 | Promoted: VCST-5628 (2026-10-01) | Behavior:ret.buyer.hold.lifecycle,Automated
RET-GQL-015,"createReturn -- Happy Path Draft Shape (id, number, status, orderId, items[])",GraphQL > Returns > Mutation,Critical,,,Runner-native. No browser. Fixture RETURNS_ORDER_E_SPLIT_DELIVERY has 8 returnable units -- ample headroom for a 1-unit throwaway Draft that this case cancels before finishing.,order=@td(RETURNS_ORDER_E_SPLIT_DELIVERY.id); line=@td(RETURNS_ORDER_E_SPLIT_DELIVERY.lineXItemId),"[AUTH role=USER]
[GQL-OP create]
mutation {
  createReturn(command: { orderId: ""@td(RETURNS_ORDER_E_SPLIT_DELIVERY.id)"", items: [{ orderLineItemId: ""@td(RETURNS_ORDER_E_SPLIT_DELIVERY.lineXItemId)"", quantity: 1 }] }) {
    id
    number
    status
    orderId
    itemsQuantity
    items { id orderLineItemId quantity orderedQuantity itemState }
  }
}
[GQL-EXEC create]
[GQL-CAPTURE create.data.createReturn.id → RETURN_ID]
[GQL-OP cleanup_cancel]
mutation { cancelReturn(command: { returnId: ""{{RETURN_ID}}"" }) { id status } }
[GQL-EXEC cleanup_cancel]","[ERRORS label=create] errors[] empty
[DATA label=create] data.createReturn.id is non-empty GUID
[DATA label=create] data.createReturn.number is non-null
[DATA label=create] data.createReturn.status = Draft
[DATA label=create] data.createReturn.orderId = @td(RETURNS_ORDER_E_SPLIT_DELIVERY.id)
[DATA label=create] data.createReturn.itemsQuantity = 1
[COUNT label=create] data.createReturn.items.length = 1
[DATA label=create] data.createReturn.items.0.orderLineItemId = @td(RETURNS_ORDER_E_SPLIT_DELIVERY.lineXItemId)
[DATA label=create] data.createReturn.items.0.quantity = 1
[ERRORS label=cleanup_cancel] errors[] empty
[DATA label=cleanup_cancel] data.cancelReturn.status = Cancelled","[EVIDENCE] number is a generated RMA-style value per Return.ReturnNewNumberTemplate (RET{yyMMdd}-{NNNNN}) -- asserted non-null, not to an invented literal format",errors[] non-empty; status != Draft on a fresh create; items array empty or missing the requested line,cancelReturn on {{RETURN_ID}} as USER (already inline above as cleanup_cancel) -- restated as the safety net,VCST-5628 | Promoted: VCST-5628 (2026-10-01) | Behavior:ret.buyer.draft,Automated
RET-GQL-016,"updateReturn -- Edits Quantity, Reason And Comment While Still Draft; Read-Back Confirms Persistence",GraphQL > Returns > Mutation,High,,,"Runner-native. No browser. Fixture RETURNS_ORDER_E_SPLIT_DELIVERY, 8 returnable units. Creates a Draft at qty=1 with no comment, edits it to qty=2 with a comment and a reason code, then reads it back via return(id) -- a separate query op, not the mutation's own response -- to confirm the edit actually persisted rather than only echoing in the mutation payload.",order=@td(RETURNS_ORDER_E_SPLIT_DELIVERY.id); line=@td(RETURNS_ORDER_E_SPLIT_DELIVERY.lineXItemId),"[AUTH role=USER]
[GQL-OP create]
mutation { createReturn(command: { orderId: ""@td(RETURNS_ORDER_E_SPLIT_DELIVERY.id)"", items: [{ orderLineItemId: ""@td(RETURNS_ORDER_E_SPLIT_DELIVERY.lineXItemId)"", quantity: 1 }] }) { id status } }
[GQL-EXEC create]
[GQL-CAPTURE create.data.createReturn.id → RETURN_ID]
[GQL-OP update]
mutation {
  updateReturn(command: { returnId: ""{{RETURN_ID}}"", customerComment: ""AGENT-TEST edit"", items: [{ orderLineItemId: ""@td(RETURNS_ORDER_E_SPLIT_DELIVERY.lineXItemId)"", quantity: 2, reasonCode: ""NoLongerNeeded"" }] }) {
    id
    status
    customerComment
    items { orderLineItemId quantity reasonCode }
  }
}
[GQL-EXEC update]
[GQL-OP read_back]
query { return(id: ""{{RETURN_ID}}"") { id status customerComment items { orderLineItemId quantity reasonCode } } }
[GQL-EXEC read_back]
[GQL-OP cleanup_cancel]
mutation { cancelReturn(command: { returnId: ""{{RETURN_ID}}"" }) { id status } }
[GQL-EXEC cleanup_cancel]","[ERRORS label=create] errors[] empty
[ERRORS label=update] errors[] empty
[DATA label=update] data.updateReturn.status = Draft
[DATA label=update] data.updateReturn.items.0.quantity = 2
[ERRORS label=read_back] errors[] empty
[DATA label=read_back] data.return.customerComment = AGENT-TEST edit
[DATA label=read_back] data.return.items.0.quantity = 2
[DATA label=read_back] data.return.items.0.reasonCode = NoLongerNeeded
[ERRORS label=cleanup_cancel] errors[] empty",[EVIDENCE] read_back is a SEPARATE query from update's own response -- catches an edit that echoes correctly in the mutation payload but never actually persists,errors[] non-empty; read_back still shows quantity=1 or reasonCode null (edit echoed but not persisted),cancelReturn on {{RETURN_ID}} as USER (already inline above as cleanup_cancel),VCST-5628 | Promoted: VCST-5628 (2026-10-01) | Behavior:ret.buyer.draft,Automated
RET-GQL-017,submitReturn -- Refused INVALID_REQUEST When A Line Carries No Reason,GraphQL > Returns > Mutation,High,,ECL-14.1,"Runner-native. No browser. Fixture RETURNS_ORDER_E_SPLIT_DELIVERY. createReturn does not require a reasonCode; submitReturn does -- ""Submit runs the same checks and additionally requires a reason on every line"" per the module's own doc. This case creates a reasonless Draft and submits it directly.",order=@td(RETURNS_ORDER_E_SPLIT_DELIVERY.id); line=@td(RETURNS_ORDER_E_SPLIT_DELIVERY.lineXItemId),"[AUTH role=USER]
[GQL-OP create]
mutation { createReturn(command: { orderId: ""@td(RETURNS_ORDER_E_SPLIT_DELIVERY.id)"", items: [{ orderLineItemId: ""@td(RETURNS_ORDER_E_SPLIT_DELIVERY.lineXItemId)"", quantity: 1 }] }) { id status } }
[GQL-EXEC create]
[GQL-CAPTURE create.data.createReturn.id → RETURN_ID]
[GQL-OP submit]
mutation { submitReturn(command: { returnId: ""{{RETURN_ID}}"" }) { id status } }
[GQL-EXEC submit]
[GQL-OP after]
query { return(id: ""{{RETURN_ID}}"") { id status } }
[GQL-EXEC after]
[GQL-OP cleanup_cancel]
mutation { cancelReturn(command: { returnId: ""{{RETURN_ID}}"" }) { id status } }
[GQL-EXEC cleanup_cancel]","[ERRORS label=create] errors[] empty
[ERRORS label=submit] errors[] non-empty
[DATA label=submit] errors[0].extensions.code = INVALID_REQUEST
[NULL label=submit] data.submitReturn
[ERRORS label=after] errors[] empty
[DATA label=after] data.return.status = Draft
[ERRORS label=cleanup_cancel] errors[] empty","[EVIDENCE] The Draft survives the refused submit -- 'after' proves status is still Draft, not silently advanced or corrupted",errors[] empty on submit (silently accepted a reasonless line); status advances to Requested despite the refusal,cancelReturn on {{RETURN_ID}} as USER (already inline above as cleanup_cancel),VCST-5628 | Promoted: VCST-5628 (2026-10-01) | Behavior:ret.buyer.submit.reason-missing,Automated
RET-GQL-018,submitReturn -- Refused ATTACHMENTS_REQUIRED When Store Setting Demands One And None Was Given,GraphQL > Returns > Mutation,Critical,,ECL-14.1,"Runner-native. No browser. Return.AttachmentsRequired is true on this store (confirmed live via GET {{BACK_URL}}/api/platform/settings/v2/tenant/Store/{{STORE_ID}}/values immediately before authoring). A reasoned but attachment-less line must be refused at submit, and the extensions payload must name the offending line.",order=@td(RETURNS_ORDER_E_SPLIT_DELIVERY.id); line=@td(RETURNS_ORDER_E_SPLIT_DELIVERY.lineXItemId),"[AUTH role=USER]
[GQL-OP create]
mutation { createReturn(command: { orderId: ""@td(RETURNS_ORDER_E_SPLIT_DELIVERY.id)"", items: [{ orderLineItemId: ""@td(RETURNS_ORDER_E_SPLIT_DELIVERY.lineXItemId)"", quantity: 1, reasonCode: ""NoLongerNeeded"" }] }) { id status } }
[GQL-EXEC create]
[GQL-CAPTURE create.data.createReturn.id → RETURN_ID]
[GQL-OP submit]
mutation { submitReturn(command: { returnId: ""{{RETURN_ID}}"" }) { id status } }
[GQL-EXEC submit]
[GQL-OP cleanup_cancel]
mutation { cancelReturn(command: { returnId: ""{{RETURN_ID}}"" }) { id status } }
[GQL-EXEC cleanup_cancel]","[ERRORS label=create] errors[] empty
[ERRORS label=submit] errors[] non-empty
[DATA label=submit] errors[0].extensions.code = ATTACHMENTS_REQUIRED
[DATA label=submit] errors[0].extensions.orderLineItemId = @td(RETURNS_ORDER_E_SPLIT_DELIVERY.lineXItemId)
[NULL label=submit] data.submitReturn
[ERRORS label=cleanup_cancel] errors[] empty
[DATA label=cleanup_cancel] data.cancelReturn.status = Cancelled","[EVIDENCE] Reason WAS provided (RET-GQL-017 isolates the reason gate on its own) -- only the attachment is missing, so a wrong-gate defect (e.g. reporting INVALID_REQUEST here) is distinguishable",errors[] empty on submit (gate skipped); extensions.code names a different gate (reason instead of attachment); orderLineItemId missing or wrong from extensions,cancelReturn on {{RETURN_ID}} as USER (already inline above as cleanup_cancel),VCST-5628 | Promoted: VCST-5628 (2026-10-01) | Behavior:ret.buyer.attach.required-missing,Automated
RET-GQL-019,submitReturn -- Happy Path With Reason And Attachment Transitions Draft To Requested,GraphQL > Returns > Mutation,Critical,,,"Runner-native. No browser. Fixture RETURNS_ORDER_E_SPLIT_DELIVERY. Uploads a real attachment through the platform File Experience API (POST {{BACK_URL}}/api/files/return-attachments, scope confirmed live) before submitting, satisfying both gates RET-GQL-017/018 isolate individually.",order=@td(RETURNS_ORDER_E_SPLIT_DELIVERY.id); line=@td(RETURNS_ORDER_E_SPLIT_DELIVERY.lineXItemId),"[AUTH role=USER]
[REST-OP upload_att]
POST {{BACK_URL}}/api/files/return-attachments
Content-Type: multipart/form-data
Body: file=@@td(UPLOAD_FIXTURES.primary.path) (mimeType: image/png; filename: Logo1.png)
[REST-EXEC upload_att]
[REST-CAPTURE upload_att.body.[0].url → ATTACHMENT_URL]
[GQL-OP create]
mutation { createReturn(command: { orderId: ""@td(RETURNS_ORDER_E_SPLIT_DELIVERY.id)"", items: [{ orderLineItemId: ""@td(RETURNS_ORDER_E_SPLIT_DELIVERY.lineXItemId)"", quantity: 1, reasonCode: ""NoLongerNeeded"", attachmentUrls: [""{{ATTACHMENT_URL}}""] }] }) { id status } }
[GQL-EXEC create]
[GQL-CAPTURE create.data.createReturn.id → RETURN_ID]
[GQL-OP submit]
mutation {
  submitReturn(command: { returnId: ""{{RETURN_ID}}"" }) {
    id
    status
    statusDisplayValue
    items { itemState attachments { name url mimeType size } }
  }
}
[GQL-EXEC submit]
[GQL-OP cleanup_cancel]
mutation { cancelReturn(command: { returnId: ""{{RETURN_ID}}"" }) { id status } }
[GQL-EXEC cleanup_cancel]","[ERRORS label=upload_att] HTTP 200
[DATA label=upload_att] body.[0].succeeded = true
[ERRORS label=create] errors[] empty
[ERRORS label=submit] errors[] empty
[DATA label=submit] data.submitReturn.status = Requested
[DATA label=submit] data.submitReturn.statusDisplayValue is non-null
[COUNT label=submit] data.submitReturn.items.0.attachments.length = 1
[DATA label=submit] data.submitReturn.items.0.attachments.0.url is non-null
[ERRORS label=cleanup_cancel] errors[] empty
[DATA label=cleanup_cancel] data.cancelReturn.status = Cancelled","[EVIDENCE] Confirms the FULL happy submit path -- upload, create with both gates satisfied, submit succeeds -- as a single regression guard distinct from the two refusal cases either side of it",upload_att succeeded=false (wrong scope/extension); errors[] non-empty on submit despite both gates satisfied; status stays Draft; attachments array empty on the submitted return,cancelReturn on {{RETURN_ID}} as USER (already inline above as cleanup_cancel),VCST-5628 | Promoted: VCST-5628 (2026-10-01) | Behavior:ret.buyer.submit,Automated
RET-GQL-020,createReturn -- INVALID_QUANTITY Refused For Zero And Negative Quantity,GraphQL > Returns > Mutation,High,,,"Runner-native. No browser. Boundary Value Analysis on the quantity input -- 0 and -1 either side of the minimum valid value (1). Neither call creates a persisted return (both refused at validation), so no cleanup is needed.",order=@td(RETURNS_ORDER_E_SPLIT_DELIVERY.id); line=@td(RETURNS_ORDER_E_SPLIT_DELIVERY.lineXItemId),"[AUTH role=USER]
[GQL-OP zero_qty]
mutation { createReturn(command: { orderId: ""@td(RETURNS_ORDER_E_SPLIT_DELIVERY.id)"", items: [{ orderLineItemId: ""@td(RETURNS_ORDER_E_SPLIT_DELIVERY.lineXItemId)"", quantity: 0 }] }) { id status } }
[GQL-EXEC zero_qty]
[GQL-OP negative_qty]
mutation { createReturn(command: { orderId: ""@td(RETURNS_ORDER_E_SPLIT_DELIVERY.id)"", items: [{ orderLineItemId: ""@td(RETURNS_ORDER_E_SPLIT_DELIVERY.lineXItemId)"", quantity: -1 }] }) { id status } }
[GQL-EXEC negative_qty]","[ERRORS label=zero_qty] errors[] non-empty
[DATA label=zero_qty] errors[0].extensions.code = INVALID_QUANTITY
[NULL label=zero_qty] data.createReturn
[ERRORS label=negative_qty] errors[] non-empty
[DATA label=negative_qty] errors[0].extensions.code = INVALID_QUANTITY
[NULL label=negative_qty] data.createReturn","[EVIDENCE] Boundary pair (0, -1) -- both must be refused with the SAME code, since GraphQL Int has no lower bound of its own and the module enforces ""at least one"" itself",errors[] empty on either call (a Draft silently created at qty<=0); extensions.code differs between the two boundary values,"none -- both calls refused, no return persisted",VCST-5628 | Promoted: VCST-5628 (2026-10-01) | Behavior:ret.buyer.draft.invalid-quantity,Automated
RET-GQL-021,createReturn -- NO_ITEMS Refused For An Empty Line Array,GraphQL > Returns > Mutation,Medium,,,Runner-native. No browser. A return with zero lines is meaningless -- boundary case on the items array itself rather than on any one line's quantity.,order=@td(RETURNS_ORDER_E_SPLIT_DELIVERY.id),"[AUTH role=USER]
[GQL-OP empty_items]
mutation { createReturn(command: { orderId: ""@td(RETURNS_ORDER_E_SPLIT_DELIVERY.id)"", items: [] }) { id status } }
[GQL-EXEC empty_items]","[ERRORS label=empty_items] errors[] non-empty
[DATA label=empty_items] errors[0].extensions.code = NO_ITEMS
[NULL label=empty_items] data.createReturn","[EVIDENCE] Distinct code from INVALID_QUANTITY (RET-GQL-020) -- the array itself is empty, no line to name a bad quantity on",errors[] empty (a headless return silently created); extensions.code = INVALID_QUANTITY instead of NO_ITEMS (gate conflated with the per-line check),"none -- call refused, no return persisted",VCST-5628 | Promoted: VCST-5628 (2026-10-01) | Behavior:ret.buyer.draft.no-items,Automated
RET-GQL-022,"submitReturn -- RETURN_QUANTITY_UNAVAILABLE On A Partial Over-Consumption Race, Draft Survives",GraphQL > Returns > Mutation,Critical,,ECL-2.1,"Runner-native. No browser. Fixture RETURNS_ORDER_E_SPLIT_DELIVERY, 8 returnable units. R1 submits 6, holding 6 and leaving 2 available. R2 is then built to ask for 3 -- MORE than the 2 actually left -- reproducing the two-buyer-race shape with one buyer's two sequential drafts. The fix under test: extensions carries orderLineItemId/requestedQuantity/availableQuantity and R2 is NOT deleted or corrupted by the refusal.",order=@td(RETURNS_ORDER_E_SPLIT_DELIVERY.id); line=@td(RETURNS_ORDER_E_SPLIT_DELIVERY.lineXItemId),"[AUTH role=USER]
[REST-OP upload_r1]
POST {{BACK_URL}}/api/files/return-attachments
Content-Type: multipart/form-data
Body: file=@@td(UPLOAD_FIXTURES.primary.path) (mimeType: image/png; filename: Logo1.png)
[REST-EXEC upload_r1]
[REST-CAPTURE upload_r1.body.[0].url → ATT_URL_R1]
[GQL-OP create_r1]
mutation { createReturn(command: { orderId: ""@td(RETURNS_ORDER_E_SPLIT_DELIVERY.id)"", items: [{ orderLineItemId: ""@td(RETURNS_ORDER_E_SPLIT_DELIVERY.lineXItemId)"", quantity: 6, reasonCode: ""NoLongerNeeded"", attachmentUrls: [""{{ATT_URL_R1}}""] }] }) { id status } }
[GQL-EXEC create_r1]
[GQL-CAPTURE create_r1.data.createReturn.id → R1_ID]
[GQL-OP submit_r1]
mutation { submitReturn(command: { returnId: ""{{R1_ID}}"" }) { id status } }
[GQL-EXEC submit_r1]
[GQL-OP check_remaining]
query { returnableItems(orderId: ""@td(RETURNS_ORDER_E_SPLIT_DELIVERY.id)"") { returnableQuantity } }
[GQL-EXEC check_remaining]
[REST-OP upload_r2]
POST {{BACK_URL}}/api/files/return-attachments
Content-Type: multipart/form-data
Body: file=@@td(UPLOAD_FIXTURES.primary.path) (mimeType: image/png; filename: Logo1.png)
[REST-EXEC upload_r2]
[REST-CAPTURE upload_r2.body.[0].url → ATT_URL_R2]
[GQL-OP create_r2]
mutation { createReturn(command: { orderId: ""@td(RETURNS_ORDER_E_SPLIT_DELIVERY.id)"", items: [{ orderLineItemId: ""@td(RETURNS_ORDER_E_SPLIT_DELIVERY.lineXItemId)"", quantity: 3, reasonCode: ""NoLongerNeeded"", attachmentUrls: [""{{ATT_URL_R2}}""] }] }) { id status } }
[GQL-EXEC create_r2]
[GQL-CAPTURE create_r2.data.createReturn.id → R2_ID]
[GQL-OP submit_r2]
mutation { submitReturn(command: { returnId: ""{{R2_ID}}"" }) { id status } }
[GQL-EXEC submit_r2]
[GQL-OP r2_after]
query { return(id: ""{{R2_ID}}"") { id status } }
[GQL-EXEC r2_after]
[GQL-OP cleanup_cancel_r1]
mutation { cancelReturn(command: { returnId: ""{{R1_ID}}"" }) { id status } }
[GQL-EXEC cleanup_cancel_r1]
[GQL-OP cleanup_cancel_r2]
mutation { cancelReturn(command: { returnId: ""{{R2_ID}}"" }) { id status } }
[GQL-EXEC cleanup_cancel_r2]","[ERRORS label=submit_r1] errors[] empty
[DATA label=submit_r1] data.submitReturn.status = Requested
[ERRORS label=check_remaining] errors[] empty
[DATA label=check_remaining] data.returnableItems.0.returnableQuantity = 2
[ERRORS label=create_r2] errors[] empty
[ERRORS label=submit_r2] errors[] non-empty
[DATA label=submit_r2] errors[0].extensions.code = RETURN_QUANTITY_UNAVAILABLE
[DATA label=submit_r2] errors[0].extensions.orderLineItemId = @td(RETURNS_ORDER_E_SPLIT_DELIVERY.lineXItemId)
[DATA label=submit_r2] errors[0].extensions.requestedQuantity = 3
[DATA label=submit_r2] errors[0].extensions.availableQuantity = 2
[NULL label=submit_r2] data.submitReturn
[ERRORS label=r2_after] errors[] empty
[DATA label=r2_after] data.return.status = Draft
[ERRORS label=cleanup_cancel_r1] errors[] empty
[ERRORS label=cleanup_cancel_r2] errors[] empty",[EVIDENCE] r2_after proves the refused draft SURVIVES as Draft rather than being deleted or left in an undefined state -- this exact combination (extensions fields + draft survival) was a fixed defect per the ticket,"errors[] empty on submit_r2 (over-consumption silently allowed, double-counting quantity); extensions missing requestedQuantity/availableQuantity/orderLineItemId; r2_after shows R2 deleted (404/null) or corrupted instead of intact Draft",cancelReturn on {{R1_ID}} and {{R2_ID}} as USER (already inline above as cleanup_cancel_r1/r2),VCST-5628 | Promoted: VCST-5628 (2026-10-01) | Behavior:ret.buyer.submit.quantity-taken,Automated
RET-GQL-023,"submitReturn -- Full-Consumption Race Reports LINE_NOT_RETURNABLE, Not RETURN_QUANTITY_UNAVAILABLE",GraphQL > Returns > Mutation,Critical,,ECL-2.1,"Runner-native. No browser. Same race shape as RET-GQL-022, but R1 consumes ALL 8 units instead of 6 -- the two error codes exist precisely because ""some left"" and ""none left"" are reported differently; this case isolates the zero-remaining branch.",order=@td(RETURNS_ORDER_E_SPLIT_DELIVERY.id); line=@td(RETURNS_ORDER_E_SPLIT_DELIVERY.lineXItemId),"[AUTH role=USER]
[REST-OP upload_r1]
POST {{BACK_URL}}/api/files/return-attachments
Content-Type: multipart/form-data
Body: file=@@td(UPLOAD_FIXTURES.primary.path) (mimeType: image/png; filename: Logo1.png)
[REST-EXEC upload_r1]
[REST-CAPTURE upload_r1.body.[0].url → ATT_URL_R1]
[GQL-OP create_r1]
mutation { createReturn(command: { orderId: ""@td(RETURNS_ORDER_E_SPLIT_DELIVERY.id)"", items: [{ orderLineItemId: ""@td(RETURNS_ORDER_E_SPLIT_DELIVERY.lineXItemId)"", quantity: 8, reasonCode: ""NoLongerNeeded"", attachmentUrls: [""{{ATT_URL_R1}}""] }] }) { id status } }
[GQL-EXEC create_r1]
[GQL-CAPTURE create_r1.data.createReturn.id → R1_ID]
[GQL-OP submit_r1]
mutation { submitReturn(command: { returnId: ""{{R1_ID}}"" }) { id status } }
[GQL-EXEC submit_r1]
[GQL-OP check_remaining]
query { returnableItems(orderId: ""@td(RETURNS_ORDER_E_SPLIT_DELIVERY.id)"") { returnableQuantity isReturnable ineligibilityReason } }
[GQL-EXEC check_remaining]
[REST-OP upload_r2]
POST {{BACK_URL}}/api/files/return-attachments
Content-Type: multipart/form-data
Body: file=@@td(UPLOAD_FIXTURES.primary.path) (mimeType: image/png; filename: Logo1.png)
[REST-EXEC upload_r2]
[REST-CAPTURE upload_r2.body.[0].url → ATT_URL_R2]
[GQL-OP create_r2]
mutation { createReturn(command: { orderId: ""@td(RETURNS_ORDER_E_SPLIT_DELIVERY.id)"", items: [{ orderLineItemId: ""@td(RETURNS_ORDER_E_SPLIT_DELIVERY.lineXItemId)"", quantity: 1, reasonCode: ""NoLongerNeeded"", attachmentUrls: [""{{ATT_URL_R2}}""] }] }) { id status } }
[GQL-EXEC create_r2]
[GQL-CAPTURE create_r2.data.createReturn.id → R2_ID]
[GQL-OP submit_r2]
mutation { submitReturn(command: { returnId: ""{{R2_ID}}"" }) { id status } }
[GQL-EXEC submit_r2]
[GQL-OP cleanup_cancel_r1]
mutation { cancelReturn(command: { returnId: ""{{R1_ID}}"" }) { id status } }
[GQL-EXEC cleanup_cancel_r1]
[GQL-OP cleanup_cancel_r2]
mutation { cancelReturn(command: { returnId: ""{{R2_ID}}"" }) { id status } }
[GQL-EXEC cleanup_cancel_r2]","[ERRORS label=submit_r1] errors[] empty
[DATA label=submit_r1] data.submitReturn.status = Requested
[ERRORS label=check_remaining] errors[] empty
[DATA label=check_remaining] data.returnableItems.0.returnableQuantity = 0
[DATA label=check_remaining] data.returnableItems.0.isReturnable = false
[DATA label=check_remaining] data.returnableItems.0.ineligibilityReason = NOTHING_LEFT_TO_RETURN
[ERRORS label=create_r2] errors[] empty
[ERRORS label=submit_r2] errors[] non-empty
[DATA label=submit_r2] errors[0].extensions.code = LINE_NOT_RETURNABLE
[DATA label=submit_r2] errors[0].extensions.orderLineItemId = @td(RETURNS_ORDER_E_SPLIT_DELIVERY.lineXItemId)
[DATA label=submit_r2] errors[0].extensions.ineligibilityReason = NOTHING_LEFT_TO_RETURN
[DATA label=submit_r2] errors[0].extensions.availableQuantity = 0
[NULL label=submit_r2] data.submitReturn
[ERRORS label=cleanup_cancel_r1] errors[] empty
[ERRORS label=cleanup_cancel_r2] errors[] empty","[EVIDENCE] Same shape as RET-GQL-022 except R1 takes ALL 8 -- the code DIFFERS (LINE_NOT_RETURNABLE, not RETURN_QUANTITY_UNAVAILABLE) precisely because nothing at all is left, which this case's check_remaining step confirms independently before R2 ever submits",submit_r2 reports RETURN_QUANTITY_UNAVAILABLE instead of LINE_NOT_RETURNABLE (the two race codes conflated); errors[] empty on submit_r2 (a second full return silently accepted on an exhausted line),cancelReturn on {{R1_ID}} and {{R2_ID}} as USER (already inline above as cleanup_cancel_r1/r2),VCST-5628 | Promoted: VCST-5628 (2026-10-01) | Behavior:ret.buyer.submit.quantity-taken,Automated
RET-GQL-024,updateReturn -- Refused WRONG_STATUS Once The Return Has Left Draft,GraphQL > Returns > Mutation,High,,,"Runner-native. No browser. Fixture RETURNS_ORDER_E_SPLIT_DELIVERY. Update is a Draft-only operation -- once a return is Requested, updateReturn must refuse rather than silently mutate a return an agent may already be reviewing.",order=@td(RETURNS_ORDER_E_SPLIT_DELIVERY.id); line=@td(RETURNS_ORDER_E_SPLIT_DELIVERY.lineXItemId),"[AUTH role=USER]
[REST-OP upload_att]
POST {{BACK_URL}}/api/files/return-attachments
Content-Type: multipart/form-data
Body: file=@@td(UPLOAD_FIXTURES.primary.path) (mimeType: image/png; filename: Logo1.png)
[REST-EXEC upload_att]
[REST-CAPTURE upload_att.body.[0].url → ATTACHMENT_URL]
[GQL-OP create]
mutation { createReturn(command: { orderId: ""@td(RETURNS_ORDER_E_SPLIT_DELIVERY.id)"", items: [{ orderLineItemId: ""@td(RETURNS_ORDER_E_SPLIT_DELIVERY.lineXItemId)"", quantity: 1, reasonCode: ""NoLongerNeeded"", attachmentUrls: [""{{ATTACHMENT_URL}}""] }] }) { id status } }
[GQL-EXEC create]
[GQL-CAPTURE create.data.createReturn.id → RETURN_ID]
[GQL-OP submit]
mutation { submitReturn(command: { returnId: ""{{RETURN_ID}}"" }) { id status } }
[GQL-EXEC submit]
[GQL-OP update_after_submit]
mutation { updateReturn(command: { returnId: ""{{RETURN_ID}}"", customerComment: ""should be refused"" }) { id status } }
[GQL-EXEC update_after_submit]
[GQL-OP cleanup_cancel]
mutation { cancelReturn(command: { returnId: ""{{RETURN_ID}}"" }) { id status } }
[GQL-EXEC cleanup_cancel]","[ERRORS label=submit] errors[] empty
[DATA label=submit] data.submitReturn.status = Requested
[ERRORS label=update_after_submit] errors[] non-empty
[DATA label=update_after_submit] errors[0].extensions.code = WRONG_STATUS
[NULL label=update_after_submit] data.updateReturn
[ERRORS label=cleanup_cancel] errors[] empty",[EVIDENCE] The return is genuinely Requested (submit's own response confirms it) before the refused update is attempted -- not a Draft mistaken for Requested,"errors[] empty on update_after_submit (a Requested return silently edited); extensions.code names a different reason (e.g. RETURN_NOT_FOUND, which would indicate an ownership bug rather than a status bug)",cancelReturn on {{RETURN_ID}} as USER (already inline above as cleanup_cancel),VCST-5628 | Promoted: VCST-5628 (2026-10-01) | Behavior:ret.buyer.draft.edit-after-draft,Automated
RET-GQL-025,updateReturn / submitReturn / cancelReturn -- All Three Refuse RETURN_NOT_FOUND On Another Buyer's Draft,GraphQL > Returns > Mutation,Critical,,ECL-14.1,"Runner-native. No browser. USER_EMAIL creates a Draft on fixture RETURNS_ORDER_E_SPLIT_DELIVERY. USER2_EMAIL -- a different customer, no relationship to this order -- then attempts all three mutating operations against it. Authorization is customer-id ownership only (ReturnFlowService.GetOwnedReturnAsync / IsOwnedBy); a non-owner gets the SAME not-found shape a bogus id would (RET-GQL-013's query-side twin), never a permission-specific error that would leak the return's existence.",order=@td(RETURNS_ORDER_E_SPLIT_DELIVERY.id); line=@td(RETURNS_ORDER_E_SPLIT_DELIVERY.lineXItemId),"[AUTH role=USER]
[GQL-OP create]
mutation { createReturn(command: { orderId: ""@td(RETURNS_ORDER_E_SPLIT_DELIVERY.id)"", items: [{ orderLineItemId: ""@td(RETURNS_ORDER_E_SPLIT_DELIVERY.lineXItemId)"", quantity: 1 }] }) { id status } }
[GQL-EXEC create]
[GQL-CAPTURE create.data.createReturn.id → OWNED_RETURN_ID]
[AUTH role=USER2]
[GQL-OP other_update]
mutation { updateReturn(command: { returnId: ""{{OWNED_RETURN_ID}}"", customerComment: ""hijack attempt"" }) { id status } }
[GQL-EXEC other_update]
[GQL-OP other_submit]
mutation { submitReturn(command: { returnId: ""{{OWNED_RETURN_ID}}"" }) { id status } }
[GQL-EXEC other_submit]
[GQL-OP other_cancel]
mutation { cancelReturn(command: { returnId: ""{{OWNED_RETURN_ID}}"" }) { id status } }
[GQL-EXEC other_cancel]
[AUTH role=USER]
[GQL-OP owner_check]
query { return(id: ""{{OWNED_RETURN_ID}}"") { id status } }
[GQL-EXEC owner_check]
[GQL-OP cleanup_cancel]
mutation { cancelReturn(command: { returnId: ""{{OWNED_RETURN_ID}}"" }) { id status } }
[GQL-EXEC cleanup_cancel]","[ERRORS label=create] errors[] empty
[ERRORS label=other_update] errors[] non-empty
[DATA label=other_update] errors[0].extensions.code = RETURN_NOT_FOUND
[ERRORS label=other_submit] errors[] non-empty
[DATA label=other_submit] errors[0].extensions.code = RETURN_NOT_FOUND
[ERRORS label=other_cancel] errors[] non-empty
[DATA label=other_cancel] errors[0].extensions.code = RETURN_NOT_FOUND
[ERRORS label=owner_check] errors[] empty
[DATA label=owner_check] data.return.status = Draft
[ERRORS label=cleanup_cancel] errors[] empty","[EVIDENCE] owner_check (as USER, the real owner) proves the return is untouched -- still Draft -- after three refused attempts by USER2, so the refusals were genuine no-ops, not partial mutations that merely failed to return a payload",any of the three other_* calls returns errors[] empty (cross-customer mutation succeeded); owner_check shows a status other than Draft (partial mutation despite the refusal); any extensions.code other than RETURN_NOT_FOUND (e.g. a generic Unauthorized) that would leak the return's existence to a non-owner,cancelReturn on {{OWNED_RETURN_ID}} as USER (already inline above as cleanup_cancel),VCST-5628 | Promoted: VCST-5628 (2026-10-01) | Behavior:ret.buyer.cancel.not-owner,Automated
RET-GQL-026,"availableActions -- Draft (edit/submit/cancel), Requested (cancel only), Cancelled (none) Walked In One Lifecycle",GraphQL > Returns > Mutation,Critical,,,"Runner-native. No browser. Fixture RETURNS_ORDER_E_SPLIT_DELIVERY. Reads ReturnType.availableActions at all three reachable states of the same return in one continuous walk -- Draft immediately after create, Requested immediately after submit, Cancelled immediately after cancel -- so the matrix is read against the SAME entity at each transition, not three different returns that might legitimately differ for unrelated reasons.",order=@td(RETURNS_ORDER_E_SPLIT_DELIVERY.id); line=@td(RETURNS_ORDER_E_SPLIT_DELIVERY.lineXItemId),"[AUTH role=USER]
[REST-OP upload_att]
POST {{BACK_URL}}/api/files/return-attachments
Content-Type: multipart/form-data
Body: file=@@td(UPLOAD_FIXTURES.primary.path) (mimeType: image/png; filename: Logo1.png)
[REST-EXEC upload_att]
[REST-CAPTURE upload_att.body.[0].url → ATTACHMENT_URL]
[GQL-OP create]
mutation { createReturn(command: { orderId: ""@td(RETURNS_ORDER_E_SPLIT_DELIVERY.id)"", items: [{ orderLineItemId: ""@td(RETURNS_ORDER_E_SPLIT_DELIVERY.lineXItemId)"", quantity: 1, reasonCode: ""NoLongerNeeded"", attachmentUrls: [""{{ATTACHMENT_URL}}""] }] }) { id status } }
[GQL-EXEC create]
[GQL-CAPTURE create.data.createReturn.id → RETURN_ID]
[GQL-OP actions_draft]
query { return(id: ""{{RETURN_ID}}"") { status availableActions { name isAvailable unavailableReason } } }
[GQL-EXEC actions_draft]
[GQL-OP submit]
mutation { submitReturn(command: { returnId: ""{{RETURN_ID}}"" }) { id status } }
[GQL-EXEC submit]
[GQL-OP actions_requested]
query { return(id: ""{{RETURN_ID}}"") { status availableActions { name isAvailable unavailableReason } } }
[GQL-EXEC actions_requested]
[GQL-OP cancel]
mutation { cancelReturn(command: { returnId: ""{{RETURN_ID}}"" }) { id status } }
[GQL-EXEC cancel]
[GQL-OP actions_cancelled]
query { return(id: ""{{RETURN_ID}}"") { status availableActions { name isAvailable unavailableReason } } }
[GQL-EXEC actions_cancelled]","[ERRORS label=actions_draft] errors[] empty
[DATA label=actions_draft] data.return.status = Draft
[COUNT label=actions_draft] data.return.availableActions[*?isAvailable=true].length = 3
[DATA label=actions_draft] data.return.availableActions[?name=edit].isAvailable = true
[DATA label=actions_draft] data.return.availableActions[?name=submit].isAvailable = true
[DATA label=actions_draft] data.return.availableActions[?name=cancel].isAvailable = true
[ERRORS label=actions_requested] errors[] empty
[DATA label=actions_requested] data.return.status = Requested
[COUNT label=actions_requested] data.return.availableActions[*?isAvailable=true].length = 1
[DATA label=actions_requested] data.return.availableActions[?name=cancel].isAvailable = true
[DATA label=actions_requested] data.return.availableActions[?name=edit].unavailableReason = WRONG_STATUS
[DATA label=actions_requested] data.return.availableActions[?name=submit].unavailableReason = WRONG_STATUS
[ERRORS label=actions_cancelled] errors[] empty
[DATA label=actions_cancelled] data.return.status = Cancelled
[COUNT label=actions_cancelled] data.return.availableActions[*?isAvailable=true].length = 0
[DATA label=actions_cancelled] data.return.availableActions[?name=edit].unavailableReason = WRONG_STATUS
[DATA label=actions_cancelled] data.return.availableActions[?name=submit].unavailableReason = WRONG_STATUS
[DATA label=actions_cancelled] data.return.availableActions[?name=cancel].unavailableReason = WRONG_STATUS","[EVIDENCE] Exact action names (edit/submit/cancel, lowercase) confirmed live on this build 2026-09 -- the count-of-available-actions assertions (3, then 1, then 0) are the SHAPE that survives even if a future build renames an action",actions_requested reports more than 1 available action (edit or submit wrongly still open on a Requested return); actions_cancelled reports any available action at all; unavailableReason blank/null instead of naming WRONG_STATUS,"none -- the walk ends at Cancelled, already a terminal, released state","VCST-5628 | Promoted: VCST-5628 (2026-10-01) | Behavior:ret.buyer.cancel | Audited: 2026-10-07 (TCA-2026-10-07); Source: vc-module-return@3.1004.0/src/VirtoCommerce.ReturnModule.Data/Services/ReturnStateProvider.cs:15-57; Docs: N/A — project-specific: buyer self-service Returns xAPI has no published guide page (VirtoOZ StorefrontUserGuide + PlatformUserGuide queried 2026-10-07: only legacy admin Return pages, nothing on returnableItems/createReturn/submit/decisions); in-repo vc-module-return docs/return-module-guide.md read where it speaks",Automated
RET-GQL-027,createReturn -- ATTACHMENT_NOT_AVAILABLE When A File Already Belongs To A Different Return,GraphQL > Returns > Mutation,High,,,"Runner-native. No browser. Fixture RETURNS_ORDER_E_SPLIT_DELIVERY. Uploads ONE file and attaches it to return A. A second, independent return B then tries to reference the SAME uploaded file URL -- confirmed live that this is rejected, not silently allowed (an attachment is consumed by the first return that references it).",order=@td(RETURNS_ORDER_E_SPLIT_DELIVERY.id); line=@td(RETURNS_ORDER_E_SPLIT_DELIVERY.lineXItemId),"[AUTH role=USER]
[REST-OP upload_att]
POST {{BACK_URL}}/api/files/return-attachments
Content-Type: multipart/form-data
Body: file=@@td(UPLOAD_FIXTURES.primary.path) (mimeType: image/png; filename: Logo1.png)
[REST-EXEC upload_att]
[REST-CAPTURE upload_att.body.[0].url → ATTACHMENT_URL]
[GQL-OP create_a]
mutation { createReturn(command: { orderId: ""@td(RETURNS_ORDER_E_SPLIT_DELIVERY.id)"", items: [{ orderLineItemId: ""@td(RETURNS_ORDER_E_SPLIT_DELIVERY.lineXItemId)"", quantity: 1, reasonCode: ""NoLongerNeeded"", attachmentUrls: [""{{ATTACHMENT_URL}}""] }] }) { id status } }
[GQL-EXEC create_a]
[GQL-CAPTURE create_a.data.createReturn.id → RETURN_A_ID]
[GQL-OP create_b_reuse]
mutation { createReturn(command: { orderId: ""@td(RETURNS_ORDER_E_SPLIT_DELIVERY.id)"", items: [{ orderLineItemId: ""@td(RETURNS_ORDER_E_SPLIT_DELIVERY.lineXItemId)"", quantity: 1, reasonCode: ""NoLongerNeeded"", attachmentUrls: [""{{ATTACHMENT_URL}}""] }] }) { id status } }
[GQL-EXEC create_b_reuse]
[GQL-OP cleanup_cancel_a]
mutation { cancelReturn(command: { returnId: ""{{RETURN_A_ID}}"" }) { id status } }
[GQL-EXEC cleanup_cancel_a]","[ERRORS label=create_a] errors[] empty
[DATA label=create_a] data.createReturn.status = Draft
[ERRORS label=create_b_reuse] errors[] non-empty
[DATA label=create_b_reuse] errors[0].extensions.code = ATTACHMENT_NOT_AVAILABLE
[NULL label=create_b_reuse] data.createReturn
[ERRORS label=cleanup_cancel_a] errors[] empty","[EVIDENCE] Return A (the legitimate owner of the file) was created successfully BEFORE the reuse attempt -- proves the file genuinely belongs to A, not that upload itself is broken",errors[] empty on create_b_reuse (the same file silently attached to two returns); extensions.code differs (e.g. a generic validation error that doesn't name the attachment specifically),"cancelReturn on {{RETURN_A_ID}} as USER (already inline above as cleanup_cancel_a) -- create_b_reuse never persisted, nothing to cancel for B",VCST-5628 | Promoted: VCST-5628 (2026-10-01) | Behavior:ret.buyer.draft.foreign-attachment,Automated
RET-GQL-028,"Return.ReturnEnabled=false -- returnableItems Reports RETURNS_DISABLED, createReturn Is Refused",GraphQL > Returns > Mutation,High,,,"Runner-native. No browser. Toggles the STORE-level Return.ReturnEnabled setting off and back on. Written through POST {{BACK_URL}}/api/platform/settings/v2/tenant/Store/{{STORE_ID}}/values (flat {settingName: value} body; a PUT /api/stores would replace the WHOLE store entity and is never used). CACHE: a store-setting write is NOT visible to xAPI until the platform cache is reset - MEASURED LIVE 2026-10-01 on vcptcore-qa1: the write returned 204 and returnPolicy kept the old value for 9+ minutes (run REG-2026-10-01-2133), while POST {{BACK_URL}}/api/platform-cache/reset (204, no body; the call behind Admin Settings -> Reset cache, taken from the platform Swagger) made the very next read current. So EVERY write below is followed by that reset and the short [WAIT until] poll is only a safety net. Cleanup restores the setting AND resets the cache. Restores the setting to true in Cleanup unconditionally, even if an assertion failed, so a failed case never leaves the store's returns disabled for later suites.",order=@td(RETURNS_ORDER_A_HAPPY.id); line=@td(RETURNS_ORDER_A_HAPPY.lineXItemId),"[AUTH role=ADMIN_DEFAULT]
[REST-OP disable]
POST {{BACK_URL}}/api/platform/settings/v2/tenant/Store/{{STORE_ID}}/values
Content-Type: application/json
Body: {""Return.ReturnEnabled"": false}
[REST-EXEC disable]
[REST-OP reset_disable]
POST {{BACK_URL}}/api/platform-cache/reset
[REST-EXEC reset_disable]
[AUTH role=USER]
[GQL-OP poll_policy]
query { returnPolicy(storeId: ""{{STORE_ID}}"") { isEnabled } }
[GQL-EXEC poll_policy]
[WAIT until=poll_policy timeout=60 interval=5] data.returnPolicy.isEnabled = false
[GQL-OP get_returnable_disabled]
query { returnableItems(orderId: ""@td(RETURNS_ORDER_A_HAPPY.id)"") { orderLineItemId isReturnable ineligibilityReason } }
[GQL-EXEC get_returnable_disabled]
[GQL-OP create_while_disabled]
mutation { createReturn(command: { orderId: ""@td(RETURNS_ORDER_A_HAPPY.id)"", items: [{ orderLineItemId: ""@td(RETURNS_ORDER_A_HAPPY.lineXItemId)"", quantity: 1 }] }) { id status } }
[GQL-EXEC create_while_disabled]
[AUTH role=ADMIN_DEFAULT]
[REST-OP re_enable]
POST {{BACK_URL}}/api/platform/settings/v2/tenant/Store/{{STORE_ID}}/values
Content-Type: application/json
Body: {""Return.ReturnEnabled"": true}
[REST-EXEC re_enable]
[REST-OP reset_re_enable]
POST {{BACK_URL}}/api/platform-cache/reset
[REST-EXEC reset_re_enable]
[GQL-OP verify_restored]
query { returnPolicy(storeId: ""{{STORE_ID}}"") { isEnabled } }
[GQL-EXEC verify_restored]","[ERRORS label=disable] HTTP 204
[ERRORS label=reset_disable] HTTP 204
[ERRORS label=poll_policy] errors[] empty
[DATA label=poll_policy] data.returnPolicy.isEnabled = false
[ERRORS label=get_returnable_disabled] errors[] empty
[DATA label=get_returnable_disabled] data.returnableItems.0.isReturnable = false
[DATA label=get_returnable_disabled] data.returnableItems.0.ineligibilityReason = RETURNS_DISABLED
[ERRORS label=create_while_disabled] errors[] non-empty
[NULL label=create_while_disabled] data.createReturn
[ERRORS label=re_enable] HTTP 204
[ERRORS label=reset_re_enable] HTTP 204
[ERRORS label=verify_restored] errors[] empty
[DATA label=verify_restored] data.returnPolicy.isEnabled = true","[EVIDENCE] OBSERVED 2026-10-01: without the cache reset a read right after the 204 still returns isEnabled=true (and kept doing so 9+ minutes); with it the next returnPolicy read returns false. The reset is part of what the case exercises, not decoration. [REST] the reset call itself is asserted (HTTP 204) so a refused reset surfaces as its own failure instead of a mysterious stale read","errors[] non-empty on any op; reset_disable or reset_re_enable is not HTTP 204 (the cache could not be reset - environment/permission problem, report BLOCKED rather than FAIL); poll_policy still reads isEnabled=true after the reset and the 60s safety-net poll (the returns read model ignores the setting or sits behind a cache the reset does not reach - a real finding); returnableItems keeps reporting a reason other than RETURNS_DISABLED while disabled; create_while_disabled succeeds; verify_restored still reads false (restore failed - escalate immediately, the store's returns stay disabled for every other suite)","[AUTH role=ADMIN_DEFAULT]
[REST POST /api/platform/settings/v2/tenant/Store/{{STORE_ID}}/values]
{""Return.ReturnEnabled"": true}
[REST POST /api/platform-cache/reset]",VCST-5628 | Promoted: VCST-5628 (2026-10-01) | Behavior:ret.buyer.eligibility.returns-off | DataProfile:profile.ret.returns-off,Automated
RET-GQL-029,"returnableItems / returnReasons -- Anonymous Caller Refused Unauthorized, Not A Silent Empty Result",GraphQL > Returns > Query,High,,ECL-14.1,"Runner-native. No browser. No [AUTH] step -- the request carries no Authorization header at all. A silent null/empty result would be indistinguishable from ""nothing to return""; the actual contract is a clear refusal.",order=@td(RETURNS_ORDER_A_HAPPY.id),"[GQL-OP anon_returnable]
query { returnableItems(orderId: ""@td(RETURNS_ORDER_A_HAPPY.id)"") { orderLineItemId } }
[GQL-EXEC anon_returnable]
[GQL-OP anon_reasons]
query { returnReasons(storeId: ""{{STORE_ID}}"") { code } }
[GQL-EXEC anon_reasons]","[ERRORS label=anon_returnable] errors[] non-empty
[DATA label=anon_returnable] errors[0].extensions.code = Unauthorized
[NULL label=anon_returnable] data.returnableItems
[ERRORS label=anon_reasons] errors[] non-empty
[DATA label=anon_reasons] errors[0].extensions.code = Unauthorized
[NULL label=anon_reasons] data.returnReasons",[EVIDENCE] Confirms BOTH a per-order query (returnableItems) and a per-store query (returnReasons) share the same anonymous-refused contract -- not just one of the two query shapes,"errors[] empty with an empty array/null payload on either call (looks like ""nothing eligible""/""no reasons configured"" instead of a refusal -- a client cannot tell the two apart without the error)","none -- both calls refused, no state touched","VCST-5628 | Promoted: VCST-5628 (2026-10-01) | Behavior:ret.buyer.eligibility.anonymous | Audited: 2026-10-07 (TCA-2026-10-07); Source: vc-module-return@3.1004.0/src/VirtoCommerce.ReturnModule.ExperienceApi/Queries/ReturnReasonsQueryBuilder.cs:30; vc-module-x-api RequestBuilder.cs:100; Docs: N/A — project-specific: buyer self-service Returns xAPI has no published guide page (VirtoOZ StorefrontUserGuide + PlatformUserGuide queried 2026-10-07: only legacy admin Return pages, nothing on returnableItems/createReturn/submit/decisions); in-repo vc-module-return docs/return-module-guide.md read where it speaks",Automated
RET-GQL-030,returns -- List Query Supports storeId + statuses Filter + Pagination Shape,GraphQL > Returns > Query,Medium,,,"Runner-native. No browser. USER_EMAIL has accumulated real Cancelled returns from this suite's own mutation cases (each of which cancels what it creates) -- used here only to prove the list, filter and pagination SHAPE, never asserted to an exact count (that count grows every run this suite executes).",store={{STORE_ID}},"[AUTH role=USER]
[GQL-OP list_cancelled]
query {
  returns(storeId: ""{{STORE_ID}}"", first: 5, statuses: [""Cancelled""]) {
    totalCount
    pageInfo { hasNextPage hasPreviousPage startCursor endCursor }
    items { id status }
  }
}
[GQL-EXEC list_cancelled]","[ERRORS label=list_cancelled] errors[] empty
[DATA label=list_cancelled] data.returns.totalCount >= 1
[COUNT label=list_cancelled] data.returns.items.length <= 5
[DATA label=list_cancelled] data.returns.items[?status!=Cancelled] is null
[DATA label=list_cancelled] data.returns.pageInfo.hasPreviousPage = false","[EVIDENCE] items[?status!=Cancelled] filters for any item whose status is NOT Cancelled -- resolving to null proves the statuses filter is genuinely applied server-side, not decorative",errors[] non-empty; totalCount = 0 despite this suite having cancelled at least one return earlier; a non-Cancelled item present in a statuses:[Cancelled]-filtered result,"none -- read-only query, no state created","VCST-5628 | Promoted: VCST-5628 (2026-10-01) | Behavior:ret.buyer.read | Audited: 2026-10-07 (TCA-2026-10-07); Source: vc-module-return@3.1004.0/src/VirtoCommerce.ReturnModule.ExperienceApi/Queries/ReturnsQueryHandler.cs:26; Docs: N/A — project-specific: buyer self-service Returns xAPI has no published guide page (VirtoOZ StorefrontUserGuide + PlatformUserGuide queried 2026-10-07: only legacy admin Return pages, nothing on returnableItems/createReturn/submit/decisions); in-repo vc-module-return docs/return-module-guide.md read where it speaks",Automated
RET-GQL-031,Return.WindowDays -- Widening The Store Window Flips isReturnable And Moves returnableUntil,GraphQL > Returns > Configuration,Critical,,ECL-2.1,"Runner-native. No browser. Every prior window-related case (RET-GQL-004) exercised the DEFAULT 30-day Return.WindowDays, which cannot tell a working setting from a hardcoded 30 -- a defect that ignored the setting entirely would still pass RET-GQL-004. This case changes the number and watches the boundary move. Fixture RETURNS_ORDER_B_OUTSIDE_WINDOW (delivered 40 days ago) sits just past the DEFAULT window; a window of 35 days (still shorter than the 40 elapsed) must keep it ineligible while moving returnableUntil, widening the store to 60 must flip it returnable and push returnableUntil forward (delivery + 60 instead of delivery + 30); restoring to 30 must flip it back.Written through POST {{BACK_URL}}/api/platform/settings/v2/tenant/Store/{{STORE_ID}}/values (flat {settingName: value} body; a PUT /api/stores would replace the WHOLE store entity and is never used). CACHE: a store-setting write is NOT visible to xAPI until the platform cache is reset - MEASURED LIVE 2026-10-01 on vcptcore-qa1: the write returned 204 and returnPolicy kept the old value for 9+ minutes (run REG-2026-10-01-2133), while POST {{BACK_URL}}/api/platform-cache/reset (204, no body; the call behind Admin Settings -> Reset cache, taken from the platform Swagger) made the very next read current. So EVERY write below is followed by that reset and the short [WAIT until] poll is only a safety net. Cleanup restores the setting AND resets the cache.",order=@td(RETURNS_ORDER_B_OUTSIDE_WINDOW.id); line=@td(RETURNS_ORDER_B_OUTSIDE_WINDOW.lineXItemId),"[AUTH role=USER]
[GQL-OP before]
query {
  returnableItems(orderId: ""@td(RETURNS_ORDER_B_OUTSIDE_WINDOW.id)"") {
    orderLineItemId isReturnable ineligibilityReason deliveryDate returnableUntil
  }
}
[GQL-EXEC before]
[GQL-CAPTURE before.data.returnableItems.0.returnableUntil → BEFORE_UNTIL]
[AUTH role=ADMIN_DEFAULT]
[REST-OP narrow_window]
POST {{BACK_URL}}/api/platform/settings/v2/tenant/Store/{{STORE_ID}}/values
Content-Type: application/json
Body: {""Return.WindowDays"": 35}
[REST-EXEC narrow_window]
[REST-OP reset_narrow_window]
POST {{BACK_URL}}/api/platform-cache/reset
[REST-EXEC reset_narrow_window]
[AUTH role=USER]
[GQL-OP poll_35]
query {
  returnableItems(orderId: ""@td(RETURNS_ORDER_B_OUTSIDE_WINDOW.id)"") {
    orderLineItemId isReturnable ineligibilityReason deliveryDate returnableUntil
  }
}
[GQL-EXEC poll_35]
[WAIT until=poll_35 timeout=60 interval=5] data.returnableItems.0.returnableUntil matches /^(?!{{BEFORE_UNTIL}}$).+/
[AUTH role=ADMIN_DEFAULT]
[REST-OP widen_window]
POST {{BACK_URL}}/api/platform/settings/v2/tenant/Store/{{STORE_ID}}/values
Content-Type: application/json
Body: {""Return.WindowDays"": 60}
[REST-EXEC widen_window]
[REST-OP reset_widen_window]
POST {{BACK_URL}}/api/platform-cache/reset
[REST-EXEC reset_widen_window]
[AUTH role=USER]
[GQL-OP poll_after]
query {
  returnableItems(orderId: ""@td(RETURNS_ORDER_B_OUTSIDE_WINDOW.id)"") {
    orderLineItemId isReturnable ineligibilityReason deliveryDate returnableUntil
  }
}
[GQL-EXEC poll_after]
[WAIT until=poll_after timeout=60 interval=5] data.returnableItems.0.isReturnable = true
[AUTH role=ADMIN_DEFAULT]
[REST-OP restore_window]
POST {{BACK_URL}}/api/platform/settings/v2/tenant/Store/{{STORE_ID}}/values
Content-Type: application/json
Body: {""Return.WindowDays"": 30}
[REST-EXEC restore_window]
[REST-OP reset_restore_window]
POST {{BACK_URL}}/api/platform-cache/reset
[REST-EXEC reset_restore_window]
[AUTH role=USER]
[GQL-OP poll_restored]
query {
  returnableItems(orderId: ""@td(RETURNS_ORDER_B_OUTSIDE_WINDOW.id)"") {
    orderLineItemId isReturnable ineligibilityReason returnableUntil
  }
}
[GQL-EXEC poll_restored]
[WAIT until=poll_restored timeout=60 interval=5] data.returnableItems.0.isReturnable = false","[ERRORS label=narrow_window] HTTP 204
[ERRORS label=reset_narrow_window] HTTP 204
[ERRORS label=poll_35] errors[] empty
[DATA label=poll_35] data.returnableItems.0.returnableUntil matches /^(?!{{BEFORE_UNTIL}}$).+/
[DATA label=poll_35] data.returnableItems.0.isReturnable = false
[DATA label=poll_35] data.returnableItems.0.ineligibilityReason = OUTSIDE_RETURN_WINDOW
[ERRORS label=widen_window] HTTP 204
[ERRORS label=reset_widen_window] HTTP 204
[ERRORS label=restore_window] HTTP 204
[ERRORS label=reset_restore_window] HTTP 204
[ERRORS label=before] errors[] empty
[DATA label=before] data.returnableItems.0.isReturnable = false
[DATA label=before] data.returnableItems.0.ineligibilityReason = OUTSIDE_RETURN_WINDOW
[ERRORS label=poll_after] errors[] empty
[DATA label=poll_after] data.returnableItems.0.isReturnable = true
[NULL label=poll_after] data.returnableItems.0.ineligibilityReason
[DATA label=poll_after] data.returnableItems.0.returnableUntil matches /^(?!{{BEFORE_UNTIL}}$).+/
[ERRORS label=poll_restored] errors[] empty
[DATA label=poll_restored] data.returnableItems.0.isReturnable = false
[DATA label=poll_restored] data.returnableItems.0.ineligibilityReason = OUTSIDE_RETURN_WINDOW
[DATA label=poll_restored] data.returnableItems.0.returnableUntil matches /^{{BEFORE_UNTIL}}$/","[EVIDENCE] Three settings, three observations on ONE order: 30 (before) and 35 are both OUTSIDE the 40 elapsed days but give DIFFERENT returnableUntil values (the number is read, not a flag != 30); 60 flips isReturnable and moves returnableUntil again; restoring 30 returns returnableUntil to exactly its before value. returnableUntil cannot be ordered with a date comparison in this runner (numeric-only cross-path ordering), so movement is asserted by regex (equal / negative-lookahead) against the captured BEFORE_UNTIL (a [?key=value] filter cannot carry a timestamp: the path splitter breaks on its dots) and direction is carried by the isReturnable flips","errors[] non-empty on any op; a settings write or its cache reset is not HTTP 204 (cannot establish the state - BLOCKED, not FAIL); poll_after still reads isReturnable=false after the reset and the 60s safety-net poll (the window is hardcoded or cached beyond the reset - a real defect); returnableUntil unchanged after narrowing to 35 or widening to 60 (window read as a flag, not a day count); poll_35 reports isReturnable=true (35 days read as wider than the 40 elapsed); poll_restored never returns to isReturnable=false (restore failed - escalate immediately, the store's window stays at 60 for every later case in this suite)","[AUTH role=ADMIN_DEFAULT]
[REST POST /api/platform/settings/v2/tenant/Store/{{STORE_ID}}/values]
{""Return.WindowDays"": 30}
[REST POST /api/platform-cache/reset]",VCST-5628 | Promoted: VCST-5628 (2026-10-01) | Behavior:ret.buyer.eligibility.outside-window | DataProfile:profile.ret.eligibility-outside-window,Automated
RET-GQL-032,"Return.AllowedOrderStatuses -- Store List Is Read Per-Call, Not A Hardcoded Completed",GraphQL > Returns > Configuration,High,,,"Runner-native. No browser. RET-GQL-006 pinned ORDER_STATUS_NOT_ALLOWED against the DEFAULT list (Completed only), which cannot distinguish the setting being read from the single value Completed being hardcoded. Fixture RETURNS_ORDER_D_STATUS_NOT_ALLOWED sits in status Processing, deliberately the only ineligible condition on that order (RET-GQL-006's own design). Widening the store list to Completed,Processing must make the SAME order returnable; narrowing it back to Completed must refuse it again. Also reads returnPolicy.allowedOrderStatuses before/after/restored, since the query exposes the list directly -- as a COUNT (1 -> 2 -> 1) plus a membership regex over the stringified string array (a scalar array has no [?key=value] filter); the functional behaviour (poll_after/poll_restored against the Processing-status order) is the primary oracle.Written through POST {{BACK_URL}}/api/platform/settings/v2/tenant/Store/{{STORE_ID}}/values (flat {settingName: value} body; a PUT /api/stores would replace the WHOLE store entity and is never used). CACHE: a store-setting write is NOT visible to xAPI until the platform cache is reset - MEASURED LIVE 2026-10-01 on vcptcore-qa1: the write returned 204 and returnPolicy kept the old value for 9+ minutes (run REG-2026-10-01-2133), while POST {{BACK_URL}}/api/platform-cache/reset (204, no body; the call behind Admin Settings -> Reset cache, taken from the platform Swagger) made the very next read current. So EVERY write below is followed by that reset and the short [WAIT until] poll is only a safety net. Cleanup restores the setting AND resets the cache.",order=@td(RETURNS_ORDER_D_STATUS_NOT_ALLOWED.id),"[AUTH role=USER]
[GQL-OP before]
query { returnableItems(orderId: ""@td(RETURNS_ORDER_D_STATUS_NOT_ALLOWED.id)"") { orderLineItemId isReturnable ineligibilityReason } }
[GQL-EXEC before]
[GQL-OP policy_before]
query { returnPolicy(storeId: ""{{STORE_ID}}"") { allowedOrderStatuses } }
[GQL-EXEC policy_before]
[AUTH role=ADMIN_DEFAULT]
[REST-OP widen_statuses]
POST {{BACK_URL}}/api/platform/settings/v2/tenant/Store/{{STORE_ID}}/values
Content-Type: application/json
Body: {""Return.AllowedOrderStatuses"": ""Completed,Processing""}
[REST-EXEC widen_statuses]
[REST-OP reset_widen_statuses]
POST {{BACK_URL}}/api/platform-cache/reset
[REST-EXEC reset_widen_statuses]
[AUTH role=USER]
[GQL-OP poll_after]
query { returnableItems(orderId: ""@td(RETURNS_ORDER_D_STATUS_NOT_ALLOWED.id)"") { orderLineItemId isReturnable ineligibilityReason } }
[GQL-EXEC poll_after]
[WAIT until=poll_after timeout=60 interval=5] data.returnableItems.0.isReturnable = true
[GQL-OP policy_after]
query { returnPolicy(storeId: ""{{STORE_ID}}"") { allowedOrderStatuses } }
[GQL-EXEC policy_after]
[AUTH role=ADMIN_DEFAULT]
[REST-OP restore_statuses]
POST {{BACK_URL}}/api/platform/settings/v2/tenant/Store/{{STORE_ID}}/values
Content-Type: application/json
Body: {""Return.AllowedOrderStatuses"": ""Completed""}
[REST-EXEC restore_statuses]
[REST-OP reset_restore_statuses]
POST {{BACK_URL}}/api/platform-cache/reset
[REST-EXEC reset_restore_statuses]
[AUTH role=USER]
[GQL-OP poll_restored]
query { returnableItems(orderId: ""@td(RETURNS_ORDER_D_STATUS_NOT_ALLOWED.id)"") { orderLineItemId isReturnable ineligibilityReason } }
[GQL-EXEC poll_restored]
[WAIT until=poll_restored timeout=60 interval=5] data.returnableItems.0.isReturnable = false
[GQL-OP policy_restored]
query { returnPolicy(storeId: ""{{STORE_ID}}"") { allowedOrderStatuses } }
[GQL-EXEC policy_restored]","[ERRORS label=widen_statuses] HTTP 204
[ERRORS label=reset_widen_statuses] HTTP 204
[ERRORS label=restore_statuses] HTTP 204
[ERRORS label=reset_restore_statuses] HTTP 204
[ERRORS label=before] errors[] empty
[DATA label=before] data.returnableItems.0.isReturnable = false
[DATA label=before] data.returnableItems.0.ineligibilityReason = ORDER_STATUS_NOT_ALLOWED
[ERRORS label=policy_before] errors[] empty
[COUNT label=policy_before] data.returnPolicy.allowedOrderStatuses.length = 1
[DATA label=policy_before] data.returnPolicy.allowedOrderStatuses.0 = Completed
[ERRORS label=poll_after] errors[] empty
[DATA label=poll_after] data.returnableItems.0.isReturnable = true
[NULL label=poll_after] data.returnableItems.0.ineligibilityReason
[ERRORS label=policy_after] errors[] empty
[COUNT label=policy_after] data.returnPolicy.allowedOrderStatuses.length = 2
[DATA label=policy_after] data.returnPolicy.allowedOrderStatuses matches /(^|,)Processing(,|$)/
[ERRORS label=poll_restored] errors[] empty
[DATA label=poll_restored] data.returnableItems.0.isReturnable = false
[DATA label=poll_restored] data.returnableItems.0.ineligibilityReason = ORDER_STATUS_NOT_ALLOWED
[ERRORS label=policy_restored] errors[] empty
[COUNT label=policy_restored] data.returnPolicy.allowedOrderStatuses.length = 1","[EVIDENCE] The SAME order (status Processing throughout) is asserted ineligible, then eligible, then ineligible again purely by rewriting the store's own allowed-status list -- nothing about the order itself ever changes, isolating the setting as the only moving part","errors[] non-empty on any op; a settings write or its cache reset is not HTTP 204 (BLOCKED, not FAIL); poll_after still reads isReturnable=false after the reset and the 60s safety-net poll (the status list is hardcoded or cached beyond the reset - a real defect); policy_after still lists only Completed while poll_after already succeeded (the read-model and the eligibility check disagree); poll_restored never returns to isReturnable=false (restore failed - escalate immediately, every Processing order stays returnable for later suites)","[AUTH role=ADMIN_DEFAULT]
[REST POST /api/platform/settings/v2/tenant/Store/{{STORE_ID}}/values]
{""Return.AllowedOrderStatuses"": ""Completed""}
[REST POST /api/platform-cache/reset]",VCST-5628 | Promoted: VCST-5628 (2026-10-01) | Behavior:ret.buyer.eligibility.order-status-not-allowed | DataProfile:profile.ret.eligibility-order-status-not-allowed,Automated
RET-GQL-033,Return.AllowedShipmentStatuses -- Blank Means ANY Status; A Non-Blank List Refuses Delivered,GraphQL > Returns > Configuration,Critical,,ECL-14.1,"Runner-native. No browser. INVERTED semantics from every other Return.* store list in this suite -- Return.AllowedOrderStatuses being BLANK would allow NOTHING (RET-GQL-032), but Return.AllowedShipmentStatuses being blank means ANY shipment status is accepted (the module's own documented default). Fixture RETURNS_ORDER_A_HAPPY's shipment carries status Delivered and is returnable under the default blank setting (RET-GQL-001). Restricting the list to Sent (a status this shipment is NOT in) must refuse the SAME line -- and, per live verification, the reported reason is NOT_DELIVERED, the SAME code RET-GQL-005 uses for a shipment with no delivery date at all, even though this shipment genuinely has one; the code is reused rather than split by cause. Restoring the setting to an EMPTY STRING (not null -- a null write leaves the prior override in place, per live verification; only an explicit empty string clears an override on this endpoint) must return the line to returnable. This case exists specifically to pin down the blank-vs-non-blank inversion so it is never assumed to work like AllowedOrderStatuses's blank.Written through POST {{BACK_URL}}/api/platform/settings/v2/tenant/Store/{{STORE_ID}}/values (flat {settingName: value} body; a PUT /api/stores would replace the WHOLE store entity and is never used). CACHE: a store-setting write is NOT visible to xAPI until the platform cache is reset - MEASURED LIVE 2026-10-01 on vcptcore-qa1: the write returned 204 and returnPolicy kept the old value for 9+ minutes (run REG-2026-10-01-2133), while POST {{BACK_URL}}/api/platform-cache/reset (204, no body; the call behind Admin Settings -> Reset cache, taken from the platform Swagger) made the very next read current. So EVERY write below is followed by that reset and the short [WAIT until] poll is only a safety net. Cleanup restores the setting AND resets the cache.",order=@td(RETURNS_ORDER_A_HAPPY.id); line=@td(RETURNS_ORDER_A_HAPPY.lineXItemId),"[AUTH role=USER]
[GQL-OP before]
query { returnableItems(orderId: ""@td(RETURNS_ORDER_A_HAPPY.id)"") { orderLineItemId isReturnable ineligibilityReason } }
[GQL-EXEC before]
[AUTH role=ADMIN_DEFAULT]
[REST-OP restrict_shipment_status]
POST {{BACK_URL}}/api/platform/settings/v2/tenant/Store/{{STORE_ID}}/values
Content-Type: application/json
Body: {""Return.AllowedShipmentStatuses"": ""Sent""}
[REST-EXEC restrict_shipment_status]
[REST-OP reset_restrict_shipment_status]
POST {{BACK_URL}}/api/platform-cache/reset
[REST-EXEC reset_restrict_shipment_status]
[AUTH role=USER]
[GQL-OP poll_after]
query { returnableItems(orderId: ""@td(RETURNS_ORDER_A_HAPPY.id)"") { orderLineItemId isReturnable ineligibilityReason } }
[GQL-EXEC poll_after]
[WAIT until=poll_after timeout=60 interval=5] data.returnableItems.0.isReturnable = false
[AUTH role=ADMIN_DEFAULT]
[REST-OP restore_shipment_status]
POST {{BACK_URL}}/api/platform/settings/v2/tenant/Store/{{STORE_ID}}/values
Content-Type: application/json
Body: {""Return.AllowedShipmentStatuses"": """"}
[REST-EXEC restore_shipment_status]
[REST-OP reset_restore_shipment_status]
POST {{BACK_URL}}/api/platform-cache/reset
[REST-EXEC reset_restore_shipment_status]
[AUTH role=USER]
[GQL-OP poll_restored]
query { returnableItems(orderId: ""@td(RETURNS_ORDER_A_HAPPY.id)"") { orderLineItemId isReturnable ineligibilityReason } }
[GQL-EXEC poll_restored]
[WAIT until=poll_restored timeout=60 interval=5] data.returnableItems.0.isReturnable = true","[ERRORS label=restrict_shipment_status] HTTP 204
[ERRORS label=reset_restrict_shipment_status] HTTP 204
[ERRORS label=restore_shipment_status] HTTP 204
[ERRORS label=reset_restore_shipment_status] HTTP 204
[ERRORS label=before] errors[] empty
[DATA label=before] data.returnableItems.0.isReturnable = true
[NULL label=before] data.returnableItems.0.ineligibilityReason
[ERRORS label=poll_after] errors[] empty
[DATA label=poll_after] data.returnableItems.0.isReturnable = false
[DATA label=poll_after] data.returnableItems.0.ineligibilityReason = NOT_DELIVERED
[ERRORS label=poll_restored] errors[] empty
[DATA label=poll_restored] data.returnableItems.0.isReturnable = true
[NULL label=poll_restored] data.returnableItems.0.ineligibilityReason","[EVIDENCE] Same order, same shipment, same delivery date throughout -- only the store's shipment-status ALLOWLIST changes, so isReturnable flipping false then true again isolates the setting as the sole moving part; ineligibilityReason=NOT_DELIVERED on a shipment that DOES have a delivery date is the reused-code finding this case specifically preserves, not a data-setup mistake","errors[] non-empty on any op; a settings write or its cache reset is not HTTP 204 (BLOCKED, not FAIL); poll_after still reads isReturnable=true after the reset and the 60s safety-net poll (the shipment allowlist is ignored or cached beyond the reset - a real defect); ineligibilityReason reads something other than NOT_DELIVERED after restricting (a different, undocumented code introduced for this branch); poll_restored never returns to isReturnable=true (restore failed - escalate immediately, the store refuses every shipment status but Sent for later suites, breaking RET-GQL-001/003/007/008/014 onward)","[AUTH role=ADMIN_DEFAULT]
[REST POST /api/platform/settings/v2/tenant/Store/{{STORE_ID}}/values]
{""Return.AllowedShipmentStatuses"": """"}
[REST POST /api/platform-cache/reset]",VCST-5628 | Promoted: VCST-5628 (2026-10-01) | Behavior:ret.buyer.eligibility.shipment-status-filter,Automated
RET-GQL-034,"Return.ReturnNewNumberTemplate -- A Custom Template Renumbers The Next Return, Date/Sequence Still Format",GraphQL > Returns > Mutation,High,,,"Runner-native. No browser. RET-GQL-015 pinned only that a Draft's number is non-null against the DEFAULT template (RET{0:yyMMdd}-{1:D5}), which cannot tell a working template setting from a hardcoded RET-prefixed generator. This case changes Return.ReturnNewNumberTemplate to QATEST{0:yyMMdd}-{1:D5}, creates a throwaway Draft on fixture RETURNS_ORDER_E_SPLIT_DELIVERY (8 returnable units, ample headroom), and asserts the new number matches the FULL pattern QATESTyyMMdd-NNNNN -- prefix AND date AND zero-padded sequence -- because a case that only checked the prefix would still pass a template engine that broke the {0:yyMMdd}/{1:D5} format tokens themselves. There is no GraphQL field exposing the raw template string, so the ONLY way to prove restoration is to create a SECOND throwaway Draft after restoring the setting and confirm its number reverts to the RET prefix; both throwaway returns are cancelled inline. createReturn is a MUTATION, so it cannot be polled (every retry would persist another Draft): the case writes the template, RESETS THE PLATFORM CACHE, then creates exactly once - the reset replaces the former fixed 60 s wait, which was not enough (run REG-2026-10-01-2133 still got the RET prefix). Written through POST {{BACK_URL}}/api/platform/settings/v2/tenant/Store/{{STORE_ID}}/values (flat {settingName: value} body; a PUT /api/stores would replace the WHOLE store entity and is never used). CACHE: a store-setting write is NOT visible to xAPI until the platform cache is reset - MEASURED LIVE 2026-10-01 on vcptcore-qa1: the write returned 204 and returnPolicy kept the old value for 9+ minutes (run REG-2026-10-01-2133), while POST {{BACK_URL}}/api/platform-cache/reset (204, no body; the call behind Admin Settings -> Reset cache, taken from the platform Swagger) made the very next read current. So EVERY write below is followed by that reset and the short [WAIT until] poll is only a safety net. Cleanup restores the setting AND resets the cache.",order=@td(RETURNS_ORDER_E_SPLIT_DELIVERY.id); line=@td(RETURNS_ORDER_E_SPLIT_DELIVERY.lineXItemId),"[AUTH role=ADMIN_DEFAULT]
[REST-OP set_template]
POST {{BACK_URL}}/api/platform/settings/v2/tenant/Store/{{STORE_ID}}/values
Content-Type: application/json
Body: {""Return.ReturnNewNumberTemplate"": ""QATEST{0:yyMMdd}-{1:D5}""}
[REST-EXEC set_template]
[REST-OP reset_set_template]
POST {{BACK_URL}}/api/platform-cache/reset
[REST-EXEC reset_set_template]
[AUTH role=USER]
[GQL-OP create_new_template]
mutation { createReturn(command: { orderId: ""@td(RETURNS_ORDER_E_SPLIT_DELIVERY.id)"", items: [{ orderLineItemId: ""@td(RETURNS_ORDER_E_SPLIT_DELIVERY.lineXItemId)"", quantity: 1 }] }) { id number status } }
[GQL-EXEC create_new_template]
[GQL-CAPTURE create_new_template.data.createReturn.id → NEW_TEMPLATE_RETURN_ID]
[GQL-OP cancel_new_template]
mutation { cancelReturn(command: { returnId: ""{{NEW_TEMPLATE_RETURN_ID}}"" }) { id status } }
[GQL-EXEC cancel_new_template]
[AUTH role=ADMIN_DEFAULT]
[REST-OP restore_template]
POST {{BACK_URL}}/api/platform/settings/v2/tenant/Store/{{STORE_ID}}/values
Content-Type: application/json
Body: {""Return.ReturnNewNumberTemplate"": ""RET{0:yyMMdd}-{1:D5}""}
[REST-EXEC restore_template]
[REST-OP reset_restore_template]
POST {{BACK_URL}}/api/platform-cache/reset
[REST-EXEC reset_restore_template]
[AUTH role=USER]
[GQL-OP create_restored_template]
mutation { createReturn(command: { orderId: ""@td(RETURNS_ORDER_E_SPLIT_DELIVERY.id)"", items: [{ orderLineItemId: ""@td(RETURNS_ORDER_E_SPLIT_DELIVERY.lineXItemId)"", quantity: 1 }] }) { id number status } }
[GQL-EXEC create_restored_template]
[GQL-CAPTURE create_restored_template.data.createReturn.id → RESTORED_TEMPLATE_RETURN_ID]
[GQL-OP cancel_restored_template]
mutation { cancelReturn(command: { returnId: ""{{RESTORED_TEMPLATE_RETURN_ID}}"" }) { id status } }
[GQL-EXEC cancel_restored_template]","[ERRORS label=set_template] HTTP 204
[ERRORS label=reset_set_template] HTTP 204
[ERRORS label=create_new_template] errors[] empty
[DATA label=create_new_template] data.createReturn.status = Draft
[DATA label=create_new_template] data.createReturn.number matches /^QATEST\d{6}-\d{5}$/
[ERRORS label=cancel_new_template] errors[] empty
[DATA label=cancel_new_template] data.cancelReturn.status = Cancelled
[ERRORS label=restore_template] HTTP 204
[ERRORS label=reset_restore_template] HTTP 204
[ERRORS label=create_restored_template] errors[] empty
[DATA label=create_restored_template] data.createReturn.number matches /^RET\d{6}-\d{5}$/
[ERRORS label=cancel_restored_template] errors[] empty
[DATA label=cancel_restored_template] data.cancelReturn.status = Cancelled","[EVIDENCE] MEASURED LIVE 2026-09-25 on vcptcore-qa1: with the template set to QATEST{0:yyMMdd}-{1:D5}, the next created return was numbered QATEST260925-00001 -- prefix, date and zero-padded sequence all intact; this case's regex re-derives that same shape at runtime instead of asserting the literal captured string, so it survives being run on a different day or after other returns have advanced the sequence counter","errors[] non-empty on a create/cancel op; a settings write or its cache reset is not HTTP 204 (BLOCKED, not FAIL); create_new_template.number still carries the RET prefix after the reset (the template is read from somewhere the reset does not reach - a real finding); the number matches the prefix but not the full date/sequence pattern (template engine broke the format tokens, more serious than a wrong prefix); create_restored_template still carries the QATEST prefix (restore did not take - escalate, every return created by later suites gets a non-standard prefix)","[AUTH role=ADMIN_DEFAULT]
[REST POST /api/platform/settings/v2/tenant/Store/{{STORE_ID}}/values]
{""Return.ReturnNewNumberTemplate"": ""RET{0:yyMMdd}-{1:D5}""}
[REST POST /api/platform-cache/reset]",VCST-5628 | Promoted: VCST-5628 (2026-10-01) | Behavior:ret.config.policy,Automated
"RET-GQL-035","returnReasons -- localizedName Is Per-Culture Admin Text With Code Fallback, Not A Single Global String","GraphQL > Returns > Query","High","","","Runner-native. No browser. RET-GQL-010 asserted only en-US, where D4 (the domain map's own finding) reported EVERY code's localizedName byte-identical to its code -- indistinguishable from a lookup that always falls back, never actually translating anything. Two translations were since entered into the admin dictionary specifically to break that ambiguity, and are now deliberate, durable fixture state this case relies on: FaultyOnArrival has an en-US entry (""Faulty on arrival"") and a ru-RU entry (""Брак при получении""), but nothing entered for de-DE. This case queries all THREE cultures for the SAME code in one pass and asserts a genuine three-way contrast -- translated / translated DIFFERENTLY in another culture / falls back to the bare code where nothing was entered -- which a hardcoded-string lookup cannot produce (it would return the SAME text regardless of cultureName) and a lookup that always falls back cannot produce either (en-US and ru-RU would both just read the code). NoLongerNeeded (one of the four codes with nothing entered in ANY culture) is checked in all three calls and must read as its bare code every time, confirming the fallback is per-CODE, not a global off switch. No store setting is changed by this case -- it is a pure read against existing admin dictionary state, so there is nothing to restore.","store={{STORE_ID}}","[AUTH role=USER]
[GQL-OP reasons_en]
query { returnReasons(storeId: ""{{STORE_ID}}"", cultureName: ""en-US"") { code localizedName requiresComment } }
[GQL-EXEC reasons_en]
[GQL-OP reasons_ru]
query { returnReasons(storeId: ""{{STORE_ID}}"", cultureName: ""ru-RU"") { code localizedName requiresComment } }
[GQL-EXEC reasons_ru]
[GQL-OP reasons_de]
query { returnReasons(storeId: ""{{STORE_ID}}"", cultureName: ""de-DE"") { code localizedName requiresComment } }
[GQL-EXEC reasons_de]","[ERRORS label=reasons_en] errors[] empty
[COUNT label=reasons_en] data.returnReasons.length = 5
[DATA label=reasons_en] data.returnReasons[?code=FaultyOnArrival].localizedName = Faulty on arrival
[DATA label=reasons_en] data.returnReasons[?code=NoLongerNeeded].localizedName = NoLongerNeeded
[ERRORS label=reasons_ru] errors[] empty
[DATA label=reasons_ru] data.returnReasons[?code=FaultyOnArrival].localizedName = Брак при получении
[DATA label=reasons_ru] data.returnReasons[?code=NoLongerNeeded].localizedName = NoLongerNeeded
[ERRORS label=reasons_de] errors[] empty
[DATA label=reasons_de] data.returnReasons[?code=FaultyOnArrival].localizedName = FaultyOnArrival
[DATA label=reasons_de] data.returnReasons[?code=NoLongerNeeded].localizedName = NoLongerNeeded","[EVIDENCE] FaultyOnArrival reading THREE different strings across three calls in the same case -- English text, Russian text, bare code -- is the only shape that rules out both a hardcoded global string and an always-falls-back lookup at once; NoLongerNeeded staying identical across all three confirms the fallback applies per-code, not per-culture-globally","errors[] non-empty on any of the three calls; FaultyOnArrival reads the SAME string in en-US and ru-RU (translations not actually keyed by culture); FaultyOnArrival reads its bare code in en-US or ru-RU (the entered translation was lost or never persisted -- re-check the admin dictionary before filing, since this is fixture state that could have been edited by someone else); NoLongerNeeded reads a translated string in any culture (a code that should have nothing entered started falling back to something other than its own name)","none -- read-only query against existing admin dictionary state, no store setting or return created","VCST-5628 | Promoted: VCST-5628 (2026-10-01) | Behavior:ret.config.policy.reason-labels | Audited: 2026-10-07 (TCA-2026-10-07); Source: vc-module-return@3.1004.0/src/VirtoCommerce.ReturnModule.ExperienceApi/Queries/ReturnReasonsQueryHandler.cs:31-41; Docs: N/A — project-specific: buyer self-service Returns xAPI has no published guide page (VirtoOZ StorefrontUserGuide + PlatformUserGuide queried 2026-10-07: only legacy admin Return pages, nothing on returnableItems/createReturn/submit/decisions); in-repo vc-module-return docs/return-module-guide.md read where it speaks",Automated
RET-GQL-036,"returnStatuses -- The Decision Statuses Approved, PartiallyApproved And Rejected Are Labelled Alongside The Step-1 Statuses",GraphQL > Returns > Query,Medium,,,"Runner-native. No browser. Read-only. Complements RET-GQL-011, which pins the dictionary shape and the three Step-1 statuses. Step 2 makes Approved, PartiallyApproved and Rejected reachable, so a buyer can now hold a return in each: the localized dictionary the storefront uses to label a status must carry them, or the storefront renders a raw code. The legacy spelling ""Canceled"" may also appear in this dictionary and is deliberately not asserted either way here (only the admin status dropdown is required to offer a single ""Cancelled"").",,"[AUTH role=USER]
[GQL-OP get_statuses]
query { returnStatuses { items { key value } } }
[GQL-EXEC get_statuses]","[ERRORS label=get_statuses] errors[] empty
[DATA label=get_statuses] data.returnStatuses.items[?key=Requested].value is non-null
[DATA label=get_statuses] data.returnStatuses.items[?key=Approved].value is non-null
[DATA label=get_statuses] data.returnStatuses.items[?key=PartiallyApproved].value is non-null
[DATA label=get_statuses] data.returnStatuses.items[?key=Rejected].value is non-null
[DATA label=get_statuses] data.returnStatuses.items[?key=Cancelled].value is non-null",,a decision status has no label (the storefront would render the bare code); errors[] non-empty,none -- read-only query,"VCST-5883 · Archetype:RENDER · Technique:EP | Promoted: VCST-5628 (2026-10-01) | Behavior:ret.config.policy.status-vocabulary | Audited: 2026-10-07 (TCA-2026-10-07); Source: vc-module-return@3.1004.0/src/VirtoCommerce.ReturnModule.Core/ModuleConstants.cs:47-52; Docs: N/A — project-specific: buyer self-service Returns xAPI has no published guide page (VirtoOZ StorefrontUserGuide + PlatformUserGuide queried 2026-10-07: only legacy admin Return pages, nothing on returnableItems/createReturn/submit/decisions); in-repo vc-module-return docs/return-module-guide.md read where it speaks",Automated
RET-GQL-037,"Approved Return -- Buyer Reads Approved Quantity, Line State And No Available Action; The Approved Unit Stays Held; Returns List Filters By Approved",GraphQL > Returns > Step 2 Read Surface,Critical,,ECL-2.1,"Runner-native. No browser. Self-contained (FIFTH RULE: a decided return is terminal and no seeder survives the previous run, so the case creates its OWN Requested return as the buyer on RETURNS_AUTH_JOURNEY line B (5 ordered; line B is SHARED - the approving cases 037/038/039 of this suite, 073a, 073b and 014c all draw their units from it), decides it as the agent through POST /api/return/{id}/authorize and reads the buyer surface. An APPROVED unit stays held by design - there is no un-authorize and an Approved return cannot be cancelled by an admin edit (OBSERVED: available-statuses of an Approved return is [Approved, Completed, Processing]) - so a case that approves consumes exactly the units named in its Title/Test_Data (qty) from line B, and a run needs line B re-seeded afterwards: npm run seed:returns:decisions -- --only RETURNS_AUTH_JOURNEY --fresh. Cases that only DECLINE or that the buyer cancels return every unit. Line B is shared by the VCST-5883 cases of suites 050o, 073a, 073b and 014c: run those suites serially, never on two lanes at once. THIS CASE CONSUMES 1 UNIT of line B.
ENVIRONMENT REQUIRED BY THIS SUITE (a miss here makes the suite BLOCKED, never FAIL):
(1) Module VirtoCommerce.Return installed (GET /api/platform/modules, isInstalled=true).
(2) Store {{STORE_ID}} Settings > Return > Return: ""Return module"" (Return.ReturnEnabled) = ON; ""Order statuses allowing returns"" (Return.AllowedOrderStatuses) contains Completed; ""Return window, days"" (Return.WindowDays) = 30; ""Photos or documents required"" (Return.AttachmentsRequired) = ON (the create cases attach one file per line); ""Return reasons"" (Return.Reasons) contains NoLongerNeeded.
(3) Platform configuration FileUpload:Scopes includes return-attachments (without it POST /api/files/return-attachments is refused and every create case cannot attach).
(4) Seeded fixtures: npm run seed:returns (RETURNS_ORDER_*) and npm run seed:returns:decisions (RETURNS_AUTH_JOURNEY) — check with npm run returns:check / npm run returns:decisions:check; buyer {{USER_EMAIL}} and agent {{ADMIN}} (holds return:authorize); colleague {{USER2_EMAIL}} in the SAME organization (RETURNS_COLLEAGUE).",orderId=@td(RETURNS_AUTH_JOURNEY.orderId); lineA=@td(RETURNS_AUTH_JOURNEY.lineAItemId); lineB=@td(RETURNS_AUTH_JOURNEY.lineBItemId); qty=1,"[AUTH role=USER]
[GQL-OP before]
query { returnableItems(orderId: ""{{orderId}}"") { orderLineItemId returnableQuantity } }
[GQL-EXEC before]
[GQL-CAPTURE before.data.returnableItems[?orderLineItemId={{lineB}}].returnableQuantity → B0]
[REST-OP upload_att]
POST {{BACK_URL}}/api/files/return-attachments
Content-Type: multipart/form-data
Body: file=@@td(UPLOAD_FIXTURES.primary.path) (mimeType: image/png; filename: Logo1.png)
[REST-EXEC upload_att]
[REST-CAPTURE upload_att.body.[0].url → ATTACHMENT_URL]
[GQL-OP create]
mutation { createReturn(command: { orderId: ""{{orderId}}"", items: [{ orderLineItemId: ""{{lineB}}"", quantity: 1, reasonCode: ""NoLongerNeeded"", attachmentUrls: [""{{ATTACHMENT_URL}}""] }] }) { id status } }
[GQL-EXEC create]
[GQL-CAPTURE create.data.createReturn.id → RETURN_ID]
[GQL-OP submit]
mutation { submitReturn(command: { returnId: ""{{RETURN_ID}}"" }) { id status items { id orderLineItemId quantity } } }
[GQL-EXEC submit]
[GQL-CAPTURE submit.data.submitReturn.items.0.id → LINE_ID]
[AUTH role=ADMIN_DEFAULT]
[REST-OP authorize]
POST {{BACK_URL}}/api/return/{{RETURN_ID}}/authorize
Content-Type: application/json
Body: {""items"": [{""lineItemId"": ""{{LINE_ID}}"", ""approvedQuantity"": 1}]}
[REST-EXEC authorize]
[AUTH role=USER]
[GQL-OP read]
query { return(id: ""{{RETURN_ID}}"") { id number status statusDisplayValue rejectReason itemsQuantity items { id orderLineItemId quantity approvedQuantity itemState reasonCode rejectReason } availableActions { name isAvailable unavailableReason } } }
[GQL-EXEC read]
[GQL-OP list_approved]
query { returns(storeId: ""{{STORE_ID}}"", first: 50, statuses: [""Approved""]) { totalCount items { id status } } }
[GQL-EXEC list_approved]
[GQL-OP after_approve]
query { returnableItems(orderId: ""{{orderId}}"") { orderLineItemId returnableQuantity } }
[GQL-EXEC after_approve]
[GQL-CAPTURE after_approve.data.returnableItems[?orderLineItemId={{lineB}}].returnableQuantity → B1]","[DATA label=before] data.returnableItems[?orderLineItemId={{lineB}}].returnableQuantity >= 1
[ERRORS label=create] errors[] empty
[ERRORS label=submit] errors[] empty
[DATA label=submit] data.submitReturn.status = Requested
[ERRORS label=authorize] HTTP 200
[DATA label=authorize] body.status = Approved
[ERRORS label=read] errors[] empty
[DATA label=read] data.return.status = Approved
[DATA label=read] data.return.items[?id={{LINE_ID}}].quantity = 1
[DATA label=read] data.return.items[?id={{LINE_ID}}].approvedQuantity = 1
[DATA label=read] data.return.items[?id={{LINE_ID}}].itemState = Approved
[NULL label=read] data.return.items.0.rejectReason
[NULL label=read] data.return.rejectReason
[COUNT label=read] data.return.availableActions[*?isAvailable=true].length = 0
[DATA label=read] data.return.availableActions[?name=cancel].isAvailable = false
[DATA label=read] data.return.availableActions[?name=edit].isAvailable = false
[DATA label=read] data.return.availableActions[?name=submit].isAvailable = false
[ERRORS label=list_approved] errors[] empty
[DATA label=list_approved] data.returns.items[?id={{RETURN_ID}}].status = Approved
[ERRORS label=after_approve] errors[] empty
[DATA label=after_approve] data.returnableItems[?orderLineItemId={{lineB}}].returnableQuantity = {{B0}} - 1
[EVIDENCE] BLOCKED guard: the first assertion (line B has at least 1 returnable unit) is a fixture prerequisite - when it fails the fixture is exhausted, report BLOCKED and re-seed (npm run seed:returns:decisions -- --only RETURNS_AUTH_JOURNEY --fresh), never FAIL.",[REST] authorize is the agent decision the buyer then reads; [EVIDENCE] a fully approved return releases nothing - the approved unit stays held (B1 = B0 - 1),"status is not Approved after a full decision; approvedQuantity differs from the requested 1 or itemState is not Approved; any action is offered to the buyer on a decided return; the approved unit is not held (B1 > B0 - 1); the Approved filter omits the return. Exhausted fixture (B0 = 0) = BLOCKED, not FAIL",none -- an Approved return cannot be undone or cancelled (no un-authorize; an admin edit to Cancelled is refused); the 1 consumed unit of line B is restored only by re-seeding RETURNS_AUTH_JOURNEY,VCST-5883 · Archetype:LIFECYCLE · Technique:ST | Promoted: VCST-5628 (2026-10-01) | Behavior:ret.buyer.read | Behavior:ret.buyer.hold.decided-line,Automated
RET-GQL-038,"Partly Approved Return -- Buyer Reads Per-Line Approved Quantity, Line State And Decline Reason; The Declined Line Is Released, The Approved Unit Stays Held",GraphQL > Returns > Step 2 Read Surface,Critical,,ECL-2.1,"Runner-native. No browser. Self-contained (FIFTH RULE: a decided return is terminal and no seeder survives the previous run, so the case creates its OWN Requested return as the buyer on RETURNS_AUTH_JOURNEY line B (5 ordered; line B is SHARED - the approving cases 037/038/039 of this suite, 073a, 073b and 014c all draw their units from it), decides it as the agent through POST /api/return/{id}/authorize and reads the buyer surface. An APPROVED unit stays held by design - there is no un-authorize and an Approved return cannot be cancelled by an admin edit (OBSERVED: available-statuses of an Approved return is [Approved, Completed, Processing]) - so a case that approves consumes exactly the units named in its Title/Test_Data (qty) from line B, and a run needs line B re-seeded afterwards: npm run seed:returns:decisions -- --only RETURNS_AUTH_JOURNEY --fresh. Cases that only DECLINE or that the buyer cancels return every unit. Line B is shared by the VCST-5883 cases of suites 050o, 073a, 073b and 014c: run those suites serially, never on two lanes at once. THIS CASE CONSUMES 1 UNIT of line B. Two lines: line A requested 1 and DECLINED with a reason (net zero on line A), line B requested 2 and approved 1 (a partial approval INSIDE one line - the approved quantity is measured against what was requested, not what was ordered).
ENVIRONMENT REQUIRED BY THIS SUITE (a miss here makes the suite BLOCKED, never FAIL):
(1) Module VirtoCommerce.Return installed (GET /api/platform/modules, isInstalled=true).
(2) Store {{STORE_ID}} Settings > Return > Return: ""Return module"" (Return.ReturnEnabled) = ON; ""Order statuses allowing returns"" (Return.AllowedOrderStatuses) contains Completed; ""Return window, days"" (Return.WindowDays) = 30; ""Photos or documents required"" (Return.AttachmentsRequired) = ON (the create cases attach one file per line); ""Return reasons"" (Return.Reasons) contains NoLongerNeeded.
(3) Platform configuration FileUpload:Scopes includes return-attachments (without it POST /api/files/return-attachments is refused and every create case cannot attach).
(4) Seeded fixtures: npm run seed:returns (RETURNS_ORDER_*) and npm run seed:returns:decisions (RETURNS_AUTH_JOURNEY) — check with npm run returns:check / npm run returns:decisions:check; buyer {{USER_EMAIL}} and agent {{ADMIN}} (holds return:authorize); colleague {{USER2_EMAIL}} in the SAME organization (RETURNS_COLLEAGUE).",orderId=@td(RETURNS_AUTH_JOURNEY.orderId); lineA=@td(RETURNS_AUTH_JOURNEY.lineAItemId); lineB=@td(RETURNS_AUTH_JOURNEY.lineBItemId),"[AUTH role=USER]
[GQL-OP before]
query { returnableItems(orderId: ""{{orderId}}"") { orderLineItemId returnableQuantity } }
[GQL-EXEC before]
[GQL-CAPTURE before.data.returnableItems[?orderLineItemId={{lineB}}].returnableQuantity → B0]
[GQL-OP before_a]
query { returnableItems(orderId: ""{{orderId}}"") { orderLineItemId returnableQuantity } }
[GQL-EXEC before_a]
[GQL-CAPTURE before_a.data.returnableItems[?orderLineItemId={{lineA}}].returnableQuantity → A0]
[REST-OP upload_a]
POST {{BACK_URL}}/api/files/return-attachments
Content-Type: multipart/form-data
Body: file=@@td(UPLOAD_FIXTURES.primary.path) (mimeType: image/png; filename: Logo1.png)
[REST-EXEC upload_a]
[REST-CAPTURE upload_a.body.[0].url → ATT_A]
[REST-OP upload_b]
POST {{BACK_URL}}/api/files/return-attachments
Content-Type: multipart/form-data
Body: file=@@td(UPLOAD_FIXTURES.primary.path) (mimeType: image/png; filename: Logo1.png)
[REST-EXEC upload_b]
[REST-CAPTURE upload_b.body.[0].url → ATT_B]
[GQL-OP create]
mutation { createReturn(command: { orderId: ""{{orderId}}"", items: [{ orderLineItemId: ""{{lineA}}"", quantity: 1, reasonCode: ""NoLongerNeeded"", attachmentUrls: [""{{ATT_A}}""] }, { orderLineItemId: ""{{lineB}}"", quantity: 2, reasonCode: ""NoLongerNeeded"", attachmentUrls: [""{{ATT_B}}""] }] }) { id status } }
[GQL-EXEC create]
[GQL-CAPTURE create.data.createReturn.id → RETURN_ID]
[GQL-OP submit]
mutation { submitReturn(command: { returnId: ""{{RETURN_ID}}"" }) { id status items { id orderLineItemId quantity } } }
[GQL-EXEC submit]
[GQL-CAPTURE submit.data.submitReturn.items[?orderLineItemId={{lineA}}].id → LINE_A_ID]
[GQL-CAPTURE submit.data.submitReturn.items[?orderLineItemId={{lineB}}].id → LINE_B_ID]
[AUTH role=ADMIN_DEFAULT]
[REST-OP authorize]
POST {{BACK_URL}}/api/return/{{RETURN_ID}}/authorize
Content-Type: application/json
Body: {""items"": [{""lineItemId"": ""{{LINE_A_ID}}"", ""approvedQuantity"": 0, ""rejectReason"": ""NoLongerNeeded""}, {""lineItemId"": ""{{LINE_B_ID}}"", ""approvedQuantity"": 1}]}
[REST-EXEC authorize]
[AUTH role=USER]
[GQL-OP read]
query { return(id: ""{{RETURN_ID}}"") { id number status statusDisplayValue rejectReason itemsQuantity items { id orderLineItemId quantity approvedQuantity itemState reasonCode rejectReason } availableActions { name isAvailable unavailableReason } } }
[GQL-EXEC read]
[GQL-OP after_a]
query { returnableItems(orderId: ""{{orderId}}"") { orderLineItemId returnableQuantity } }
[GQL-EXEC after_a]
[GQL-CAPTURE after_a.data.returnableItems[?orderLineItemId={{lineA}}].returnableQuantity → A1]
[GQL-OP after_b]
query { returnableItems(orderId: ""{{orderId}}"") { orderLineItemId returnableQuantity } }
[GQL-EXEC after_b]
[GQL-CAPTURE after_b.data.returnableItems[?orderLineItemId={{lineB}}].returnableQuantity → B1]","[DATA label=before] data.returnableItems[?orderLineItemId={{lineB}}].returnableQuantity >= 2
[ERRORS label=create] errors[] empty
[ERRORS label=submit] errors[] empty
[ERRORS label=authorize] HTTP 200
[DATA label=authorize] body.status = PartiallyApproved
[ERRORS label=read] errors[] empty
[DATA label=read] data.return.status = PartiallyApproved
[DATA label=read] data.return.items[?id={{LINE_A_ID}}].quantity = 1
[DATA label=read] data.return.items[?id={{LINE_A_ID}}].approvedQuantity = 0
[DATA label=read] data.return.items[?id={{LINE_A_ID}}].itemState = Rejected
[DATA label=read] data.return.items[?id={{LINE_A_ID}}].rejectReason = NoLongerNeeded
[DATA label=read] data.return.items[?id={{LINE_B_ID}}].quantity = 2
[DATA label=read] data.return.items[?id={{LINE_B_ID}}].approvedQuantity = 1
[DATA label=read] data.return.items[?id={{LINE_B_ID}}].itemState = Approved
[COUNT label=read] data.return.availableActions[*?isAvailable=true].length = 0
[ERRORS label=after_a] errors[] empty
[DATA label=after_a] data.returnableItems[?orderLineItemId={{lineA}}].returnableQuantity = {{A0}}
[DATA label=after_b] data.returnableItems[?orderLineItemId={{lineB}}].returnableQuantity = {{B0}} - 1
[EVIDENCE] BLOCKED guard: the first assertion (line B has at least 2 returnable units) is a fixture prerequisite - when it fails the fixture is exhausted, report BLOCKED and re-seed (npm run seed:returns:decisions -- --only RETURNS_AUTH_JOURNEY --fresh), never FAIL.","[REST] authorize is the agent decision; [EVIDENCE] line A returnable is unchanged after a full decline (A1 = A0), line B holds exactly the 1 approved unit (B1 = B0 - 1): the second requested unit was released","status is derived from one line instead of all (Approved or Rejected instead of PartiallyApproved); the declined line reports approvedQuantity above 0, itemState other than Rejected, or no rejectReason; the approved line reports 2 (requested) instead of 1; the declined line keeps its hold (A1 < A0); line B holds 2 (B1 = B0 - 2: the unapproved unit was not released). Exhausted fixture = BLOCKED, not FAIL",none -- the approved unit cannot be undone; the declined line holds nothing; re-seed RETURNS_AUTH_JOURNEY to restore line B,VCST-5883 · Archetype:LIFECYCLE · Technique:DT | Promoted: VCST-5628 (2026-10-01) | Behavior:ret.buyer.read | Behavior:ret.buyer.hold.decided-line,Automated
RET-GQL-039,Units Released By A Partial Decision Are Returnable Again Through returnableItems And Can Be Re-Requested On A New Return,GraphQL > Returns > Step 2 Read Surface,High,,ECL-2.1,"Runner-native. No browser. Self-contained (FIFTH RULE: a decided return is terminal and no seeder survives the previous run, so the case creates its OWN Requested return as the buyer on RETURNS_AUTH_JOURNEY line B (5 ordered; line B is SHARED - the approving cases 037/038/039 of this suite, 073a, 073b and 014c all draw their units from it), decides it as the agent through POST /api/return/{id}/authorize and reads the buyer surface. An APPROVED unit stays held by design - there is no un-authorize and an Approved return cannot be cancelled by an admin edit (OBSERVED: available-statuses of an Approved return is [Approved, Completed, Processing]) - so a case that approves consumes exactly the units named in its Title/Test_Data (qty) from line B, and a run needs line B re-seeded afterwards: npm run seed:returns:decisions -- --only RETURNS_AUTH_JOURNEY --fresh. Cases that only DECLINE or that the buyer cancels return every unit. Line B is shared by the VCST-5883 cases of suites 050o, 073a, 073b and 014c: run those suites serially, never on two lanes at once. THIS CASE CONSUMES 1 UNIT of line B. Return 1 requests 2 of line B and the agent approves 1: the other unit goes back to returnable immediately (VCST-5628 quantity model, consequence 3). The buyer then re-requests that released unit on a second return, which the buyer cancels again (net zero for the second return).
ENVIRONMENT REQUIRED BY THIS SUITE (a miss here makes the suite BLOCKED, never FAIL):
(1) Module VirtoCommerce.Return installed (GET /api/platform/modules, isInstalled=true).
(2) Store {{STORE_ID}} Settings > Return > Return: ""Return module"" (Return.ReturnEnabled) = ON; ""Order statuses allowing returns"" (Return.AllowedOrderStatuses) contains Completed; ""Return window, days"" (Return.WindowDays) = 30; ""Photos or documents required"" (Return.AttachmentsRequired) = ON (the create cases attach one file per line); ""Return reasons"" (Return.Reasons) contains NoLongerNeeded.
(3) Platform configuration FileUpload:Scopes includes return-attachments (without it POST /api/files/return-attachments is refused and every create case cannot attach).
(4) Seeded fixtures: npm run seed:returns (RETURNS_ORDER_*) and npm run seed:returns:decisions (RETURNS_AUTH_JOURNEY) — check with npm run returns:check / npm run returns:decisions:check; buyer {{USER_EMAIL}} and agent {{ADMIN}} (holds return:authorize); colleague {{USER2_EMAIL}} in the SAME organization (RETURNS_COLLEAGUE).",orderId=@td(RETURNS_AUTH_JOURNEY.orderId); lineA=@td(RETURNS_AUTH_JOURNEY.lineAItemId); lineB=@td(RETURNS_AUTH_JOURNEY.lineBItemId),"[AUTH role=USER]
[GQL-OP before]
query { returnableItems(orderId: ""{{orderId}}"") { orderLineItemId returnableQuantity } }
[GQL-EXEC before]
[GQL-CAPTURE before.data.returnableItems[?orderLineItemId={{lineB}}].returnableQuantity → B0]
[REST-OP upload_att]
POST {{BACK_URL}}/api/files/return-attachments
Content-Type: multipart/form-data
Body: file=@@td(UPLOAD_FIXTURES.primary.path) (mimeType: image/png; filename: Logo1.png)
[REST-EXEC upload_att]
[REST-CAPTURE upload_att.body.[0].url → ATTACHMENT_URL]
[GQL-OP create]
mutation { createReturn(command: { orderId: ""{{orderId}}"", items: [{ orderLineItemId: ""{{lineB}}"", quantity: 2, reasonCode: ""NoLongerNeeded"", attachmentUrls: [""{{ATTACHMENT_URL}}""] }] }) { id status } }
[GQL-EXEC create]
[GQL-CAPTURE create.data.createReturn.id → RETURN_ID]
[GQL-OP submit]
mutation { submitReturn(command: { returnId: ""{{RETURN_ID}}"" }) { id status items { id orderLineItemId quantity } } }
[GQL-EXEC submit]
[GQL-CAPTURE submit.data.submitReturn.items.0.id → LINE_ID]
[AUTH role=ADMIN_DEFAULT]
[REST-OP authorize]
POST {{BACK_URL}}/api/return/{{RETURN_ID}}/authorize
Content-Type: application/json
Body: {""items"": [{""lineItemId"": ""{{LINE_ID}}"", ""approvedQuantity"": 1}]}
[REST-EXEC authorize]
[REST-OP get_rest]
GET {{BACK_URL}}/api/return/{{RETURN_ID}}
[REST-EXEC get_rest]
[AUTH role=USER]
[GQL-OP after_partial]
query { returnableItems(orderId: ""{{orderId}}"") { orderLineItemId returnableQuantity } }
[GQL-EXEC after_partial]
[GQL-CAPTURE after_partial.data.returnableItems[?orderLineItemId={{lineB}}].returnableQuantity → B1]
[REST-OP upload_re]
POST {{BACK_URL}}/api/files/return-attachments
Content-Type: multipart/form-data
Body: file=@@td(UPLOAD_FIXTURES.primary.path) (mimeType: image/png; filename: Logo1.png)
[REST-EXEC upload_re]
[REST-CAPTURE upload_re.body.[0].url → ATT_RE]
[GQL-OP create_re]
mutation { createReturn(command: { orderId: ""{{orderId}}"", items: [{ orderLineItemId: ""{{lineB}}"", quantity: 1, reasonCode: ""NoLongerNeeded"", attachmentUrls: [""{{ATT_RE}}""] }] }) { id status } }
[GQL-EXEC create_re]
[GQL-CAPTURE create_re.data.createReturn.id → RE_ID]
[GQL-OP submit_re]
mutation { submitReturn(command: { returnId: ""{{RE_ID}}"" }) { id status } }
[GQL-EXEC submit_re]
[GQL-OP after_re]
query { returnableItems(orderId: ""{{orderId}}"") { orderLineItemId returnableQuantity } }
[GQL-EXEC after_re]
[GQL-CAPTURE after_re.data.returnableItems[?orderLineItemId={{lineB}}].returnableQuantity → B3]
[GQL-OP cancel_re]
mutation { cancelReturn(command: { returnId: ""{{RE_ID}}"" }) { id status } }
[GQL-EXEC cancel_re]
[GQL-OP after_cancel_re]
query { returnableItems(orderId: ""{{orderId}}"") { orderLineItemId returnableQuantity } }
[GQL-EXEC after_cancel_re]
[GQL-CAPTURE after_cancel_re.data.returnableItems[?orderLineItemId={{lineB}}].returnableQuantity → B4]","[DATA label=before] data.returnableItems[?orderLineItemId={{lineB}}].returnableQuantity >= 2
[ERRORS label=submit] errors[] empty
[ERRORS label=authorize] HTTP 200
[DATA label=authorize] body.status = PartiallyApproved
[ERRORS label=get_rest] HTTP 200
[DATA label=get_rest] body.status = PartiallyApproved
[DATA label=get_rest] body.lineItems[?id={{LINE_ID}}].approvedQuantity = 1
[ERRORS label=after_partial] errors[] empty
[DATA label=after_partial] data.returnableItems[?orderLineItemId={{lineB}}].returnableQuantity = {{B0}} - 1
[ERRORS label=create_re] errors[] empty
[ERRORS label=submit_re] errors[] empty
[DATA label=submit_re] data.submitReturn.status = Requested
[DATA label=after_re] data.returnableItems[?orderLineItemId={{lineB}}].returnableQuantity = {{B0}} - 2
[ERRORS label=cancel_re] errors[] empty
[DATA label=cancel_re] data.cancelReturn.status = Cancelled
[DATA label=after_cancel_re] data.returnableItems[?orderLineItemId={{lineB}}].returnableQuantity = {{B0}} - 1
[EVIDENCE] BLOCKED guard: the first assertion (line B has at least 2 returnable units) is a fixture prerequisite - when it fails the fixture is exhausted, report BLOCKED and re-seed (npm run seed:returns:decisions -- --only RETURNS_AUTH_JOURNEY --fresh), never FAIL.",[REST] GET /api/return/{id} as ADMIN_DEFAULT after the decision: status PartiallyApproved and approvedQuantity 1 of the 2 requested - the back-office record that backs the buyer's released-unit arithmetic (B0 - 1),"after_partial equals B0 - 2 (the unapproved unit was not released) or B0 (the approved unit holds nothing); the re-request of the released unit is refused (RETURN_QUANTITY_UNAVAILABLE); the second return does not hold exactly its own unit (after_re != B0 - 2); cancelling it does not give the unit back (after_cancel_re != B0 - 1). Exhausted fixture = BLOCKED, not FAIL","cancelReturn on {{RE_ID}} as USER if the inline cancel did not run (Requested, never decided); the approved unit of return 1 cannot be undone - re-seed RETURNS_AUTH_JOURNEY to restore line B",VCST-5883 · VCST-5628 · Archetype:BOUNDARY · Technique:FLOW | Promoted: VCST-5628 (2026-10-01) | Behavior:ret.buyer.read.re-request-released,Automated
RET-GQL-040,"Rejected Return -- Buyer Reads Every Line Declined With Its Reason, Return-Level Decline Reason And No Held Quantity",GraphQL > Returns > Step 2 Read Surface,High,,ECL-2.1,"Runner-native. No browser. INDEPENDENT of the approving cases: it runs on fixture RETURNS_ORDER_G_TWO_ELIGIBLE_LINES (line A delivered 5, line B delivered 3, both eligible, different products) which no case in any suite consumes, instead of RETURNS_AUTH_JOURNEY line B that 037/038/039 (and 073a/073b/014c) draw down - run REG-2026-10-01-2133 failed here on RETURN_QUANTITY_UNAVAILABLE (asked 3, 2 left). The case creates its OWN Requested return as the buyer (2 units of each line), declines BOTH lines with a return-level reason as the agent through POST /api/return/{id}/authorize, and reads the buyer surface. A declined unit is released again, so the case is quantity-neutral: nothing is consumed, nothing needs re-seeding, and no admin cancel is needed. BLOCKED guard: when either line has fewer than 2 returnable units the fixture is exhausted or aged past the return window (re-seed: npm run seed:returns) - report BLOCKED, never FAIL.
ENVIRONMENT REQUIRED BY THIS SUITE (a miss here makes the suite BLOCKED, never FAIL):
(1) Module VirtoCommerce.Return installed (GET /api/platform/modules, isInstalled=true).
(2) Store {{STORE_ID}} Settings > Return > Return: ""Return module"" (Return.ReturnEnabled) = ON; ""Order statuses allowing returns"" (Return.AllowedOrderStatuses) contains Completed; ""Return window, days"" (Return.WindowDays) = 30; ""Photos or documents required"" (Return.AttachmentsRequired) = ON (the create cases attach one file per line); ""Return reasons"" (Return.Reasons) contains NoLongerNeeded.
(3) Platform configuration FileUpload:Scopes includes return-attachments (without it POST /api/files/return-attachments is refused and every create case cannot attach).
(4) Seeded fixtures: npm run seed:returns (RETURNS_ORDER_*) and npm run seed:returns:decisions (RETURNS_AUTH_JOURNEY) — check with npm run returns:check / npm run returns:decisions:check; buyer {{USER_EMAIL}} and agent {{ADMIN}} (holds return:authorize); colleague {{USER2_EMAIL}} in the SAME organization (RETURNS_COLLEAGUE).",orderId=@td(RETURNS_ORDER_G_TWO_ELIGIBLE_LINES.id); lineA=@td(RETURNS_ORDER_G_TWO_ELIGIBLE_LINES.lineAItemId); lineB=@td(RETURNS_ORDER_G_TWO_ELIGIBLE_LINES.lineBItemId),"[AUTH role=USER]
[GQL-OP before]
query { returnableItems(orderId: ""{{orderId}}"") { orderLineItemId returnableQuantity } }
[GQL-EXEC before]
[GQL-CAPTURE before.data.returnableItems[?orderLineItemId={{lineB}}].returnableQuantity → B0]
[GQL-OP before_a]
query { returnableItems(orderId: ""{{orderId}}"") { orderLineItemId returnableQuantity } }
[GQL-EXEC before_a]
[GQL-CAPTURE before_a.data.returnableItems[?orderLineItemId={{lineA}}].returnableQuantity → A0]
[REST-OP upload_a]
POST {{BACK_URL}}/api/files/return-attachments
Content-Type: multipart/form-data
Body: file=@@td(UPLOAD_FIXTURES.primary.path) (mimeType: image/png; filename: Logo1.png)
[REST-EXEC upload_a]
[REST-CAPTURE upload_a.body.[0].url → ATT_A]
[REST-OP upload_b]
POST {{BACK_URL}}/api/files/return-attachments
Content-Type: multipart/form-data
Body: file=@@td(UPLOAD_FIXTURES.primary.path) (mimeType: image/png; filename: Logo1.png)
[REST-EXEC upload_b]
[REST-CAPTURE upload_b.body.[0].url → ATT_B]
[GQL-OP create]
mutation { createReturn(command: { orderId: ""{{orderId}}"", items: [{ orderLineItemId: ""{{lineA}}"", quantity: 2, reasonCode: ""NoLongerNeeded"", attachmentUrls: [""{{ATT_A}}""] }, { orderLineItemId: ""{{lineB}}"", quantity: 2, reasonCode: ""NoLongerNeeded"", attachmentUrls: [""{{ATT_B}}""] }] }) { id status } }
[GQL-EXEC create]
[GQL-CAPTURE create.data.createReturn.id → RETURN_ID]
[GQL-OP submit]
mutation { submitReturn(command: { returnId: ""{{RETURN_ID}}"" }) { id status items { id orderLineItemId quantity } } }
[GQL-EXEC submit]
[GQL-CAPTURE submit.data.submitReturn.items[?orderLineItemId={{lineA}}].id → LINE_A_ID]
[GQL-CAPTURE submit.data.submitReturn.items[?orderLineItemId={{lineB}}].id → LINE_B_ID]
[AUTH role=ADMIN_DEFAULT]
[REST-OP authorize]
POST {{BACK_URL}}/api/return/{{RETURN_ID}}/authorize
Content-Type: application/json
Body: {""rejectReason"": ""NoLongerNeeded"", ""items"": [{""lineItemId"": ""{{LINE_A_ID}}"", ""approvedQuantity"": 0, ""rejectReason"": ""NoLongerNeeded""}, {""lineItemId"": ""{{LINE_B_ID}}"", ""approvedQuantity"": 0, ""rejectReason"": ""NoLongerNeeded""}]}
[REST-EXEC authorize]
[REST-OP get_rest]
GET {{BACK_URL}}/api/return/{{RETURN_ID}}
[REST-EXEC get_rest]
[AUTH role=USER]
[GQL-OP read]
query { return(id: ""{{RETURN_ID}}"") { id number status statusDisplayValue rejectReason itemsQuantity items { id orderLineItemId quantity approvedQuantity itemState reasonCode rejectReason } availableActions { name isAvailable unavailableReason } } }
[GQL-EXEC read]
[GQL-OP list_rejected]
query { returns(storeId: ""{{STORE_ID}}"", first: 50, statuses: [""Rejected""]) { items { id status } } }
[GQL-EXEC list_rejected]
[GQL-OP after_a]
query { returnableItems(orderId: ""{{orderId}}"") { orderLineItemId returnableQuantity } }
[GQL-EXEC after_a]
[GQL-CAPTURE after_a.data.returnableItems[?orderLineItemId={{lineA}}].returnableQuantity → A1]
[GQL-OP after_b]
query { returnableItems(orderId: ""{{orderId}}"") { orderLineItemId returnableQuantity } }
[GQL-EXEC after_b]
[GQL-CAPTURE after_b.data.returnableItems[?orderLineItemId={{lineB}}].returnableQuantity → B1]","[DATA label=before] data.returnableItems[?orderLineItemId={{lineB}}].returnableQuantity >= 2
[DATA label=before_a] data.returnableItems[?orderLineItemId={{lineA}}].returnableQuantity >= 2
[ERRORS label=create] errors[] empty
[ERRORS label=submit] errors[] empty
[ERRORS label=authorize] HTTP 200
[DATA label=authorize] body.status = Rejected
[ERRORS label=get_rest] HTTP 200
[DATA label=get_rest] body.status = Rejected
[DATA label=get_rest] body.rejectReason = NoLongerNeeded
[DATA label=get_rest] body.lineItems[?id={{LINE_A_ID}}].approvedQuantity = 0
[DATA label=get_rest] body.lineItems[?id={{LINE_B_ID}}].itemState = Rejected
[ERRORS label=read] errors[] empty
[DATA label=read] data.return.status = Rejected
[DATA label=read] data.return.rejectReason = NoLongerNeeded
[DATA label=read] data.return.items[?id={{LINE_A_ID}}].approvedQuantity = 0
[DATA label=read] data.return.items[?id={{LINE_A_ID}}].itemState = Rejected
[DATA label=read] data.return.items[?id={{LINE_A_ID}}].rejectReason = NoLongerNeeded
[DATA label=read] data.return.items[?id={{LINE_B_ID}}].approvedQuantity = 0
[DATA label=read] data.return.items[?id={{LINE_B_ID}}].itemState = Rejected
[DATA label=read] data.return.items[?id={{LINE_B_ID}}].rejectReason = NoLongerNeeded
[COUNT label=read] data.return.availableActions[*?isAvailable=true].length = 0
[ERRORS label=list_rejected] errors[] empty
[DATA label=list_rejected] data.returns.items[?id={{RETURN_ID}}].status = Rejected
[DATA label=after_a] data.returnableItems[?orderLineItemId={{lineA}}].returnableQuantity = {{A0}}
[DATA label=after_b] data.returnableItems[?orderLineItemId={{lineB}}].returnableQuantity = {{B0}}
[EVIDENCE] BLOCKED guard: the two >= 2 assertions on label=before / before_a are fixture prerequisites - when either fails the fixture is exhausted or aged out, report BLOCKED and re-seed (npm run seed:returns), never FAIL.","[REST] GET /api/return/{id} as ADMIN_DEFAULT (the back-office read of the same return) agrees with the buyer xAPI read: status Rejected, return-level rejectReason, both lines declined (approvedQuantity 0, itemState Rejected); [EVIDENCE] the units asked for (2+2) come back to returnable after the decline (after = before), so the case consumes nothing","status stays Requested or becomes PartiallyApproved when every line is declined; the return-level reason or a line reason is missing on the buyer read; the declined quantities stay held (after_a < A0 or after_b < B0); the Rejected filter omits the return; the back-office REST read disagrees with the buyer read; either line has < 2 returnable units before the create (exhausted fixture = BLOCKED, not FAIL)",none -- every line is declined (the return is terminal and holds nothing) and fixture G is never consumed,VCST-5883 · Archetype:LIFECYCLE · Technique:DT | Promoted: VCST-5628 (2026-10-01) | Behavior:ret.buyer.read | Behavior:ret.buyer.hold.decided-line,Automated
RET-GQL-041,A Colleague In The Same Organization Cannot Read A Buyer's Decided Return -- return(id) Is Null And The Return Is Absent From Their List,GraphQL > Returns > Step 2 Read Surface,High,,,"Runner-native. No browser. Self-contained (FIFTH RULE: a decided return is terminal and no seeder survives the previous run, so the case creates its OWN Requested return as the buyer on RETURNS_AUTH_JOURNEY line B (5 ordered; line B is SHARED - the approving cases 037/038/039 of this suite, 073a, 073b and 014c all draw their units from it), decides it as the agent through POST /api/return/{id}/authorize and reads the buyer surface. An APPROVED unit stays held by design - there is no un-authorize and an Approved return cannot be cancelled by an admin edit (OBSERVED: available-statuses of an Approved return is [Approved, Completed, Processing]) - so a case that approves consumes exactly the units named in its Title/Test_Data (qty) from line B, and a run needs line B re-seeded afterwards: npm run seed:returns:decisions -- --only RETURNS_AUTH_JOURNEY --fresh. Cases that only DECLINE or that the buyer cancels return every unit. Line B is shared by the VCST-5883 cases of suites 050o, 073a, 073b and 014c: run those suites serially, never on two lanes at once. RETURNS_COLLEAGUE is a second buyer in the SAME organization as {{USER_EMAIL}}. RET-GQL-013 proves this for a Draft; a decided return carries decline reasons the colleague must not see either, and no return query in this schema takes an organization scope.
ENVIRONMENT REQUIRED BY THIS SUITE (a miss here makes the suite BLOCKED, never FAIL):
(1) Module VirtoCommerce.Return installed (GET /api/platform/modules, isInstalled=true).
(2) Store {{STORE_ID}} Settings > Return > Return: ""Return module"" (Return.ReturnEnabled) = ON; ""Order statuses allowing returns"" (Return.AllowedOrderStatuses) contains Completed; ""Return window, days"" (Return.WindowDays) = 30; ""Photos or documents required"" (Return.AttachmentsRequired) = ON (the create cases attach one file per line); ""Return reasons"" (Return.Reasons) contains NoLongerNeeded.
(3) Platform configuration FileUpload:Scopes includes return-attachments (without it POST /api/files/return-attachments is refused and every create case cannot attach).
(4) Seeded fixtures: npm run seed:returns (RETURNS_ORDER_*) and npm run seed:returns:decisions (RETURNS_AUTH_JOURNEY) — check with npm run returns:check / npm run returns:decisions:check; buyer {{USER_EMAIL}} and agent {{ADMIN}} (holds return:authorize); colleague {{USER2_EMAIL}} in the SAME organization (RETURNS_COLLEAGUE).",orderId=@td(RETURNS_AUTH_JOURNEY.orderId); lineA=@td(RETURNS_AUTH_JOURNEY.lineAItemId); lineB=@td(RETURNS_AUTH_JOURNEY.lineBItemId),"[AUTH role=USER]
[REST-OP upload_att]
POST {{BACK_URL}}/api/files/return-attachments
Content-Type: multipart/form-data
Body: file=@@td(UPLOAD_FIXTURES.primary.path) (mimeType: image/png; filename: Logo1.png)
[REST-EXEC upload_att]
[REST-CAPTURE upload_att.body.[0].url → ATTACHMENT_URL]
[GQL-OP create]
mutation { createReturn(command: { orderId: ""{{orderId}}"", items: [{ orderLineItemId: ""{{lineB}}"", quantity: 1, reasonCode: ""NoLongerNeeded"", attachmentUrls: [""{{ATTACHMENT_URL}}""] }] }) { id status } }
[GQL-EXEC create]
[GQL-CAPTURE create.data.createReturn.id → RETURN_ID]
[GQL-OP submit]
mutation { submitReturn(command: { returnId: ""{{RETURN_ID}}"" }) { id status items { id orderLineItemId quantity } } }
[GQL-EXEC submit]
[GQL-CAPTURE submit.data.submitReturn.items.0.id → LINE_ID]
[AUTH role=ADMIN_DEFAULT]
[REST-OP authorize]
POST {{BACK_URL}}/api/return/{{RETURN_ID}}/authorize
Content-Type: application/json
Body: {""rejectReason"": ""NoLongerNeeded"", ""items"": [{""lineItemId"": ""{{LINE_ID}}"", ""approvedQuantity"": 0, ""rejectReason"": ""NoLongerNeeded""}]}
[REST-EXEC authorize]
[REST-OP get_rest]
GET {{BACK_URL}}/api/return/{{RETURN_ID}}
[REST-EXEC get_rest]
[AUTH role=USER2]
[GQL-OP get_as_colleague]
query { return(id: ""{{RETURN_ID}}"") { id status rejectReason items { rejectReason } } }
[GQL-EXEC get_as_colleague]
[GQL-OP list_as_colleague]
query { returns(storeId: ""{{STORE_ID}}"", first: 100, statuses: [""Rejected""]) { items { id } } }
[GQL-EXEC list_as_colleague]
[AUTH role=USER]
[GQL-OP get_as_owner]
query { return(id: ""{{RETURN_ID}}"") { id status } }
[GQL-EXEC get_as_owner]","[ERRORS label=authorize] HTTP 200
[DATA label=authorize] body.status = Rejected
[ERRORS label=get_rest] HTTP 200
[DATA label=get_rest] body.status = Rejected
[DATA label=get_rest] body.rejectReason = NoLongerNeeded
[ERRORS label=get_as_colleague] errors[] empty
[NULL label=get_as_colleague] data.return
[ERRORS label=list_as_colleague] errors[] empty
[DATA label=list_as_colleague] data.returns.items[?id={{RETURN_ID}}].id is null
[ERRORS label=get_as_owner] errors[] empty
[DATA label=get_as_owner] data.return.status = Rejected
[EVIDENCE] the owner read proves the return exists and is decided at the moment the colleague gets null, so the null is ownership scoping, not an absent id","[REST] GET /api/return/{id} as ADMIN_DEFAULT: the return exists, is Rejected and carries the return-level decline reason the colleague must not see - the back-office record independent of the buyer owner read","get_as_colleague returns the return (decline reasons leak across the organization); the colleague's own list contains it; get_as_owner is null (the control read failed, the case proves nothing)",none -- the return is Rejected (terminal) and holds no quantity,VCST-5883 · Archetype:SCOPE · Technique:DT | Promoted: VCST-5628 (2026-10-01) | Behavior:ret.buyer.read.org-colleague | DataProfile:profile.ret.colleague,Automated
RET-GQL-042,"The Buyer xAPI Offers No Mutation That Decides A Return, And A Buyer Token Is Refused On The Agent Authorize Endpoint",GraphQL > Returns > Step 2 Read Surface,High,,,"Runner-native. No browser. Decisions are an agent action (VCST-5628 transitions table: authorize / reject actor = agent). The schema half is read-only introspection; the permission half calls POST /api/return/{id}/authorize with the BUYER's storefront token on a throwaway Requested return created in the case and cancelled by the buyer afterwards (a refused call persists nothing). Uses RETURNS_AUTH_JOURNEY line B for one unit.
ENVIRONMENT REQUIRED BY THIS SUITE (a miss here makes the suite BLOCKED, never FAIL):
(1) Module VirtoCommerce.Return installed (GET /api/platform/modules, isInstalled=true).
(2) Store {{STORE_ID}} Settings > Return > Return: ""Return module"" (Return.ReturnEnabled) = ON; ""Order statuses allowing returns"" (Return.AllowedOrderStatuses) contains Completed; ""Return window, days"" (Return.WindowDays) = 30; ""Photos or documents required"" (Return.AttachmentsRequired) = ON (the create cases attach one file per line); ""Return reasons"" (Return.Reasons) contains NoLongerNeeded.
(3) Platform configuration FileUpload:Scopes includes return-attachments (without it POST /api/files/return-attachments is refused and every create case cannot attach).
(4) Seeded fixtures: npm run seed:returns (RETURNS_ORDER_*) and npm run seed:returns:decisions (RETURNS_AUTH_JOURNEY) — check with npm run returns:check / npm run returns:decisions:check; buyer {{USER_EMAIL}} and agent {{ADMIN}} (holds return:authorize); colleague {{USER2_EMAIL}} in the SAME organization (RETURNS_COLLEAGUE).",orderId=@td(RETURNS_AUTH_JOURNEY.orderId); lineA=@td(RETURNS_AUTH_JOURNEY.lineAItemId); lineB=@td(RETURNS_AUTH_JOURNEY.lineBItemId),"[AUTH role=USER]
[GQL-OP mutation_names]
query { __schema { mutationType { fields { name } } } }
[GQL-EXEC mutation_names]
[REST-OP upload_att]
POST {{BACK_URL}}/api/files/return-attachments
Content-Type: multipart/form-data
Body: file=@@td(UPLOAD_FIXTURES.primary.path) (mimeType: image/png; filename: Logo1.png)
[REST-EXEC upload_att]
[REST-CAPTURE upload_att.body.[0].url → ATTACHMENT_URL]
[GQL-OP create]
mutation { createReturn(command: { orderId: ""{{orderId}}"", items: [{ orderLineItemId: ""{{lineB}}"", quantity: 1, reasonCode: ""NoLongerNeeded"", attachmentUrls: [""{{ATTACHMENT_URL}}""] }] }) { id status } }
[GQL-EXEC create]
[GQL-CAPTURE create.data.createReturn.id → RETURN_ID]
[GQL-OP submit]
mutation { submitReturn(command: { returnId: ""{{RETURN_ID}}"" }) { id status items { id orderLineItemId quantity } } }
[GQL-EXEC submit]
[GQL-CAPTURE submit.data.submitReturn.items.0.id → LINE_ID]
[REST-OP buyer_authorize]
POST {{BACK_URL}}/api/return/{{RETURN_ID}}/authorize
Content-Type: application/json
Body: {""items"": [{""lineItemId"": ""{{LINE_ID}}"", ""approvedQuantity"": 1}]}
[REST-EXEC buyer_authorize]
[GQL-OP read_back]
query { return(id: ""{{RETURN_ID}}"") { status } }
[GQL-EXEC read_back]
[AUTH role=ADMIN_DEFAULT]
[REST-OP get_rest]
GET {{BACK_URL}}/api/return/{{RETURN_ID}}
[REST-EXEC get_rest]
[AUTH role=USER]
[GQL-OP cleanup_cancel]
mutation { cancelReturn(command: { returnId: ""{{RETURN_ID}}"" }) { id status } }
[GQL-EXEC cleanup_cancel]","[ERRORS label=mutation_names] errors[] empty
[DATA label=mutation_names] data.__schema.mutationType.fields[?name=authorizeReturn].name is null
[DATA label=mutation_names] data.__schema.mutationType.fields[?name=approveReturn].name is null
[DATA label=mutation_names] data.__schema.mutationType.fields[?name=declineReturn].name is null
[DATA label=mutation_names] data.__schema.mutationType.fields[?name=rejectReturn].name is null
[DATA label=mutation_names] data.__schema.mutationType.fields[?name=createReturn].name is non-null
[ERRORS label=buyer_authorize] HTTP 403
[ERRORS label=get_rest] HTTP 200
[DATA label=get_rest] body.status = Requested
[ERRORS label=read_back] errors[] empty
[DATA label=read_back] data.return.status = Requested
[ERRORS label=cleanup_cancel] errors[] empty
[DATA label=cleanup_cancel] data.cancelReturn.status = Cancelled","[REST] GET /api/return/{id} as ADMIN_DEFAULT after the refused buyer authorize: the persisted return is still Requested - the 403 changed nothing in the back-office record, not only in the buyer's xAPI view",a decision mutation appears on the buyer schema; the buyer token is accepted (200) on authorize or the return is no longer Requested afterwards; the refusal is a 5xx instead of a clean 403,"cancelReturn on {{RETURN_ID}} as USER if the inline cancel did not run (state Requested, never decided)",VCST-5883 · Archetype:SCOPE · Technique:DT | Promoted: VCST-5628 (2026-10-01) | Behavior:ret.agent.authorize.buyer-cannot-decide,Automated
RET-GQL-043,"The Storefront Return Contract Exposes No Prices -- ReturnLineItemType And ReturnType Carry No Price, Currency Or Total Fields",GraphQL > Returns > Query,Medium,,,"Runner-native. No browser. Read-only schema introspection. Decided Team fact (VCST-5883, observed live on vcptcore-qa1): return prices exist only in the Admin REST/blade (an agent may edit the price of a line, even a decided one, and Save persists it), and the buyer-facing xAPI has no price fields at all. A price field appearing here is a contract change that needs a deliberate decision (it would expose the negotiated B2B price on a decided return) - this case makes that visible instead of silent.",,"[AUTH role=USER]
[GQL-OP line_fields]
query { __type(name: ""ReturnLineItemType"") { fields { name } } }
[GQL-EXEC line_fields]
[GQL-OP return_fields]
query { __type(name: ""ReturnType"") { fields { name } } }
[GQL-EXEC return_fields]","[ERRORS label=line_fields] errors[] empty
[DATA label=line_fields] data.__type.fields[?name=approvedQuantity].name is non-null
[DATA label=line_fields] data.__type.fields[?name=price].name is null
[DATA label=line_fields] data.__type.fields[?name=extendedPrice].name is null
[DATA label=line_fields] data.__type.fields[?name=currency].name is null
[ERRORS label=return_fields] errors[] empty
[DATA label=return_fields] data.__type.fields[?name=availableActions].name is non-null
[DATA label=return_fields] data.__type.fields[?name=total].name is null
[DATA label=return_fields] data.__type.fields[?name=currency].name is null",,"price, extendedPrice, currency or total appears on a buyer return type (the contract grew a price surface without a decision); approvedQuantity or availableActions disappeared (the Step-2 read surface regressed)",none -- read-only introspection,"VCST-5883 · VCST-5628 · Archetype:SCOPE · Technique:EG | Promoted: VCST-5628 (2026-10-01) | Behavior:ret.buyer.read.no-prices | Audited: 2026-10-07 (TCA-2026-10-07); Source: vc-module-return@3.1004.0/src/VirtoCommerce.ReturnModule.ExperienceApi/Schemas/ReturnLineItemType.cs; ReturnType.cs:59; Docs: N/A — project-specific: buyer self-service Returns xAPI has no published guide page (VirtoOZ StorefrontUserGuide + PlatformUserGuide queried 2026-10-07: only legacy admin Return pages, nothing on returnableItems/createReturn/submit/decisions); in-repo vc-module-return docs/return-module-guide.md read where it speaks",Automated
RET-GQL-044,"customerReference And customerComment -- Set On Create, Read Back, Edited On A Draft And Persisted After Submit",GraphQL > Returns > Mutation,Medium,,,"Runner-native. No browser. VCST-5628 B2B readiness: ""CustomerReference on Return, prefilled from the order's PO where present, editable"". The prefill is a wizard behaviour (storefront); this case pins the API half - the field is accepted on create, editable while Draft, and survives submit. Uses RETURNS_ORDER_E_SPLIT_DELIVERY (8 returnable) for one unit, cancelled in the case.
ENVIRONMENT REQUIRED BY THIS SUITE (a miss here makes the suite BLOCKED, never FAIL):
(1) Module VirtoCommerce.Return installed (GET /api/platform/modules, isInstalled=true).
(2) Store {{STORE_ID}} Settings > Return > Return: ""Return module"" (Return.ReturnEnabled) = ON; ""Order statuses allowing returns"" (Return.AllowedOrderStatuses) contains Completed; ""Return window, days"" (Return.WindowDays) = 30; ""Photos or documents required"" (Return.AttachmentsRequired) = ON (the create cases attach one file per line); ""Return reasons"" (Return.Reasons) contains NoLongerNeeded.
(3) Platform configuration FileUpload:Scopes includes return-attachments (without it POST /api/files/return-attachments is refused and every create case cannot attach).
(4) Seeded fixtures: npm run seed:returns (RETURNS_ORDER_*) and npm run seed:returns:decisions (RETURNS_AUTH_JOURNEY) — check with npm run returns:check / npm run returns:decisions:check; buyer {{USER_EMAIL}} and agent {{ADMIN}} (holds return:authorize); colleague {{USER2_EMAIL}} in the SAME organization (RETURNS_COLLEAGUE).",order=@td(RETURNS_ORDER_E_SPLIT_DELIVERY.id); line=@td(RETURNS_ORDER_E_SPLIT_DELIVERY.lineXItemId),"[AUTH role=USER]
[REST-OP upload_att]
POST {{BACK_URL}}/api/files/return-attachments
Content-Type: multipart/form-data
Body: file=@@td(UPLOAD_FIXTURES.primary.path) (mimeType: image/png; filename: Logo1.png)
[REST-EXEC upload_att]
[REST-CAPTURE upload_att.body.[0].url → ATTACHMENT_URL]
[GQL-OP create]
mutation { createReturn(command: { orderId: ""{{order}}"", customerReference: ""AGENT-TEST-PO-1"", customerComment: ""AGENT-TEST first comment"", items: [{ orderLineItemId: ""{{line}}"", quantity: 1, reasonCode: ""NoLongerNeeded"", attachmentUrls: [""{{ATTACHMENT_URL}}""] }] }) { id status customerReference customerComment } }
[GQL-EXEC create]
[GQL-CAPTURE create.data.createReturn.id → RETURN_ID]
[GQL-OP edit]
mutation { updateReturn(command: { returnId: ""{{RETURN_ID}}"", customerReference: ""AGENT-TEST-PO-2"", customerComment: ""AGENT-TEST edited comment"" }) { id status customerReference customerComment } }
[GQL-EXEC edit]
[GQL-OP submit]
mutation { submitReturn(command: { returnId: ""{{RETURN_ID}}"" }) { id status customerReference customerComment } }
[GQL-EXEC submit]
[GQL-OP read_back]
query { return(id: ""{{RETURN_ID}}"") { status customerReference customerComment } }
[GQL-EXEC read_back]
[AUTH role=ADMIN_DEFAULT]
[REST-OP get_rest]
GET {{BACK_URL}}/api/return/{{RETURN_ID}}
[REST-EXEC get_rest]
[AUTH role=USER]
[GQL-OP cleanup_cancel]
mutation { cancelReturn(command: { returnId: ""{{RETURN_ID}}"" }) { id status } }
[GQL-EXEC cleanup_cancel]","[ERRORS label=create] errors[] empty
[DATA label=create] data.createReturn.customerReference = AGENT-TEST-PO-1
[DATA label=create] data.createReturn.customerComment = AGENT-TEST first comment
[ERRORS label=edit] errors[] empty
[DATA label=edit] data.updateReturn.customerReference = AGENT-TEST-PO-2
[DATA label=edit] data.updateReturn.customerComment = AGENT-TEST edited comment
[ERRORS label=submit] errors[] empty
[DATA label=submit] data.submitReturn.status = Requested
[ERRORS label=get_rest] HTTP 200
[DATA label=get_rest] body.customerReference = AGENT-TEST-PO-2
[DATA label=get_rest] body.customerComment = AGENT-TEST edited comment
[DATA label=get_rest] body.status = Requested
[DATA label=read_back] data.return.customerReference = AGENT-TEST-PO-2
[DATA label=read_back] data.return.customerComment = AGENT-TEST edited comment
[ERRORS label=cleanup_cancel] errors[] empty","[REST] GET /api/return/{id} as ADMIN_DEFAULT: the persisted return carries the EDITED customerReference and customerComment and status Requested - the field is stored on the return record, not only echoed by the xAPI","customerReference is dropped on create, not editable on a Draft, or reset by submit; customerComment loses the edit",cancelReturn on {{RETURN_ID}} as USER if the inline cancel did not run (Draft or Requested),VCST-5628 · Archetype:BOUNDARY · Technique:EP | Promoted: VCST-5628 (2026-10-01) | Behavior:ret.buyer.draft,Automated
RET-ORG-001,"organizationReturns — non-holder gets the same Forbidden for own, empty and unknown organization, never an empty list",GraphQL xAPI — Returns > Organization returns (step 3),Critical,"BL-B2B-007, BL-GQL-001",ECL-14.3,"Runner-native. No browser. Fixtures are the 3a ORG_RET_* personas (organization AGENT-TEST-Org-RetViewer). Every return a case creates is PER-RUN and is cancelled inline; Return.AttachmentsRequired must be at its default false (else the submit step is BLOCKED, KB-84773559). Assert the NAMED return a case created, never a total: other lanes submit returns into the same organization at the same time. The viewer ORG_RET_BUYER is a NON-holder (organization employee only; read me.permissions as a precondition, it carries no xapi:my_organization:return:view). A colleague, ORG_RET_HOLDER_MEMBERSHIP, submits the return first, so the organization is NOT empty when the refusals are read. unknown_org is a string that cannot be an organization id; the empty string is the second class.",own_org=@td(ORG_RET_VIEWER_ORG.id); col_order=@td(ORG_RET_HOLDER_MEMBERSHIP.orderId); col_line=@td(ORG_RET_HOLDER_MEMBERSHIP.lineAItemId); unknown_org=AGENT-TEST-NO-SUCH-ORG-{{TIMESTAMP}},"[AUTH role=ORG_RET_HOLDER_MEMBERSHIP]
[GQL-OP col_create]
mutation { createReturn(command: { orderId: ""{{col_order}}"", customerComment: ""AGENT-TEST VCST-5884"", items: [{ orderLineItemId: ""{{col_line}}"", quantity: 1, reasonCode: ""NoLongerNeeded"", reasonComment: ""AGENT-TEST VCST-5884"" }] }) { id number status } }
[GQL-EXEC col_create]
[GQL-CAPTURE col_create.data.createReturn.id → COL_ID]
[GQL-CAPTURE col_create.data.createReturn.number → COL_NO]
[GQL-OP col_submit]
mutation { submitReturn(command: { returnId: ""{{COL_ID}}"" }) { id number status } }
[GQL-EXEC col_submit]
[AUTH role=ORG_RET_HOLDER_MEMBERSHIP]
[GQL-OP control_list]
query { organizationReturns(storeId: ""{{STORE_ID}}"", organizationId: ""{{own_org}}"", first: 50) { totalCount pageInfo { hasNextPage endCursor } items { id number status customerId customerName organizationId organizationName } } }
[GQL-EXEC control_list]
[AUTH role=ORG_RET_BUYER]
[GQL-OP own_org_q]
query { organizationReturns(storeId: ""{{STORE_ID}}"", organizationId: ""{{own_org}}"", first: 50) { totalCount pageInfo { hasNextPage endCursor } items { id number status customerId customerName organizationId organizationName } } }
[GQL-EXEC own_org_q]
[GQL-OP empty_org_q]
query { organizationReturns(storeId: ""{{STORE_ID}}"", organizationId: """", first: 50) { totalCount pageInfo { hasNextPage endCursor } items { id number status customerId customerName organizationId organizationName } } }
[GQL-EXEC empty_org_q]
[GQL-OP unknown_org_q]
query { organizationReturns(storeId: ""{{STORE_ID}}"", organizationId: ""{{unknown_org}}"", first: 50) { totalCount pageInfo { hasNextPage endCursor } items { id number status customerId customerName organizationId organizationName } } }
[GQL-EXEC unknown_org_q]
[GQL-OP colleague_read]
query { return(id: ""{{COL_ID}}"") { id status } }
[GQL-EXEC colleague_read]
[AUTH role=ORG_RET_HOLDER_MEMBERSHIP]
[GQL-OP cleanup_cancel]
mutation { cancelReturn(command: { returnId: ""{{COL_ID}}"" }) { id status } }
[GQL-EXEC cleanup_cancel]","[ERRORS label=col_create] errors[] empty {SPEC} (VCST-5628)
[DATA label=col_create] data.createReturn.status = Draft {SPEC} (VCST-5628)
[ERRORS label=col_submit] errors[] empty {SPEC} (VCST-5628)
[DATA label=col_submit] data.submitReturn.status = Requested {SPEC} (VCST-5628)
[ERRORS label=control_list] errors[] empty {SPEC} (VCST-5884 AC-1: a holder reads the organization)
[DATA label=control_list] data.organizationReturns.items[?number={{COL_NO}}].number = {{COL_NO}} {SPEC} (VCST-5884 AC-3)
[ERRORS label=own_org_q] errors[] non-empty {SPEC} (VCST-5884 AC-1: only the permission opens the organization)
[DATA label=own_org_q] errors[0].extensions.code = Forbidden {OBSERVED} (kb KB-9E0ED0F4)
[NULL label=own_org_q] data.organizationReturns {DOC} (PR #28: an error, never a narrower or empty list)
[ERRORS label=empty_org_q] errors[] non-empty {SPEC} (VCST-5884 AC-1: only the permission opens the organization)
[DATA label=empty_org_q] errors[0].extensions.code = Forbidden {OBSERVED} (kb KB-9E0ED0F4)
[NULL label=empty_org_q] data.organizationReturns {DOC} (PR #28: an error, never a narrower or empty list)
[ERRORS label=unknown_org_q] errors[] non-empty {SPEC} (VCST-5884 AC-1: only the permission opens the organization)
[DATA label=unknown_org_q] errors[0].extensions.code = Forbidden {OBSERVED} (kb KB-9E0ED0F4)
[NULL label=unknown_org_q] data.organizationReturns {DOC} (PR #28: an error, never a narrower or empty list)
[ERRORS label=colleague_read] errors[] empty {OBSERVED} (kb KB-657521DF)
[NULL label=colleague_read] data.return {SPEC} (VCST-5884 AC-1: a non-holder reads no colleague return)
[ERRORS label=cleanup_cancel] errors[] empty {SPEC} (VCST-5628)
[DATA label=cleanup_cancel] data.cancelReturn.status = Cancelled {SPEC} (VCST-5628)","[EVIDENCE] the organization list, read as a permitted holder in the same case, proves the colleague return existed at the moment the other identity was refused or answered, so a refusal is not an empty organization","any of the three refusals returns data or an empty list instead of an error; the three refusals carry different codes (a distinguishable error lets a caller enumerate organization ids); the non-holder reads the colleague return; control_list is refused (the permitted holder was never a holder, the case proves nothing)","cancelReturn on COL_ID as ORG_RET_HOLDER_MEMBERSHIP (inline above as cleanup_cancel). If the case aborted before it, the Requested return holds one unit of line A (40 ordered); re-seed with npm run seed:returns:org -- --fresh when it runs low.",VCST-5884 · Archetype:SCOPE · Technique:DT,Draft
RET-ORG-002,"organizationReturns — the permission counts whether it arrives by a global role, an organization-level role or a membership role",GraphQL xAPI — Returns > Organization returns (step 3),High,"BL-B2B-005, BL-B2B-007",,"Runner-native. No browser. Fixtures are the 3a ORG_RET_* personas (organization AGENT-TEST-Org-RetViewer). Every return a case creates is PER-RUN and is cancelled inline; Return.AttachmentsRequired must be at its default false (else the submit step is BLOCKED, KB-84773559). Assert the NAMED return a case created, never a total: other lanes submit returns into the same organization at the same time. Three holders that differ ONLY in where the grant sits: ORG_RET_HOLDER_GLOBAL (global account role), ORG_RET_HOLDER_MEMBERSHIP (membership role in the viewer organization), ORG_RET_HOLDER_ORGROLE (organization-level role on its OWN organization ORGROLE_ORG, deliberately not the viewer organization: an organization-level role is inherited by every member, so putting it on the viewer organization would make the buyer a holder). Read each holder's me.permissions as a precondition; only the permission-to-gate binding is asserted. The last read, ORGROLE holder asking for the VIEWER organization, is the scope control: the role grants nothing outside its own organization.",viewer_org=@td(ORG_RET_VIEWER_ORG.id); orgrole_org=@td(ORG_RET_ORGROLE_ORG.id); b_order=@td(ORG_RET_BUYER.orderId); b_line=@td(ORG_RET_BUYER.lineAItemId); r_order=@td(ORG_RET_ORGROLE_BUYER.orderId); r_line=@td(ORG_RET_ORGROLE_BUYER.lineAItemId),"[AUTH role=ORG_RET_BUYER]
[GQL-OP b_create]
mutation { createReturn(command: { orderId: ""{{b_order}}"", customerComment: ""AGENT-TEST VCST-5884"", items: [{ orderLineItemId: ""{{b_line}}"", quantity: 1, reasonCode: ""NoLongerNeeded"", reasonComment: ""AGENT-TEST VCST-5884"" }] }) { id number status } }
[GQL-EXEC b_create]
[GQL-CAPTURE b_create.data.createReturn.id → B_ID]
[GQL-CAPTURE b_create.data.createReturn.number → B_NO]
[GQL-OP b_submit]
mutation { submitReturn(command: { returnId: ""{{B_ID}}"" }) { id number status } }
[GQL-EXEC b_submit]
[AUTH role=ORG_RET_ORGROLE_BUYER]
[GQL-OP r_create]
mutation { createReturn(command: { orderId: ""{{r_order}}"", customerComment: ""AGENT-TEST VCST-5884"", items: [{ orderLineItemId: ""{{r_line}}"", quantity: 1, reasonCode: ""NoLongerNeeded"", reasonComment: ""AGENT-TEST VCST-5884"" }] }) { id number status } }
[GQL-EXEC r_create]
[GQL-CAPTURE r_create.data.createReturn.id → R_ID]
[GQL-CAPTURE r_create.data.createReturn.number → R_NO]
[GQL-OP r_submit]
mutation { submitReturn(command: { returnId: ""{{R_ID}}"" }) { id number status } }
[GQL-EXEC r_submit]
[AUTH role=ORG_RET_HOLDER_GLOBAL]
[GQL-OP global_list]
query { organizationReturns(storeId: ""{{STORE_ID}}"", organizationId: ""{{viewer_org}}"", first: 50) { totalCount pageInfo { hasNextPage endCursor } items { id number status customerId customerName organizationId organizationName } } }
[GQL-EXEC global_list]
[AUTH role=ORG_RET_HOLDER_MEMBERSHIP]
[GQL-OP membership_list]
query { organizationReturns(storeId: ""{{STORE_ID}}"", organizationId: ""{{viewer_org}}"", first: 50) { totalCount pageInfo { hasNextPage endCursor } items { id number status customerId customerName organizationId organizationName } } }
[GQL-EXEC membership_list]
[AUTH role=ORG_RET_HOLDER_ORGROLE]
[GQL-OP orgrole_list]
query { organizationReturns(storeId: ""{{STORE_ID}}"", organizationId: ""{{orgrole_org}}"", first: 50) { totalCount pageInfo { hasNextPage endCursor } items { id number status customerId customerName organizationId organizationName } } }
[GQL-EXEC orgrole_list]
[GQL-OP orgrole_foreign]
query { organizationReturns(storeId: ""{{STORE_ID}}"", organizationId: ""{{viewer_org}}"", first: 50) { totalCount pageInfo { hasNextPage endCursor } items { id number status customerId customerName organizationId organizationName } } }
[GQL-EXEC orgrole_foreign]
[AUTH role=ORG_RET_BUYER]
[GQL-OP cleanup_b]
mutation { cancelReturn(command: { returnId: ""{{B_ID}}"" }) { id status } }
[GQL-EXEC cleanup_b]
[AUTH role=ORG_RET_ORGROLE_BUYER]
[GQL-OP cleanup_r]
mutation { cancelReturn(command: { returnId: ""{{R_ID}}"" }) { id status } }
[GQL-EXEC cleanup_r]","[ERRORS label=b_create] errors[] empty {SPEC} (VCST-5628)
[DATA label=b_create] data.createReturn.status = Draft {SPEC} (VCST-5628)
[ERRORS label=b_submit] errors[] empty {SPEC} (VCST-5628)
[DATA label=b_submit] data.submitReturn.status = Requested {SPEC} (VCST-5628)
[ERRORS label=r_create] errors[] empty {SPEC} (VCST-5628)
[DATA label=r_create] data.createReturn.status = Draft {SPEC} (VCST-5628)
[ERRORS label=r_submit] errors[] empty {SPEC} (VCST-5628)
[DATA label=r_submit] data.submitReturn.status = Requested {SPEC} (VCST-5628)
[ERRORS label=global_list] errors[] empty {SPEC} (VCST-5884 AC-1: the permission by a global role)
[DATA label=global_list] data.organizationReturns.items[?number={{B_NO}}].number = {{B_NO}} {SPEC} (VCST-5884 AC-3)
[DATA label=global_list] data.organizationReturns.items[?number={{B_NO}}].customerName is non-null {SPEC} (VCST-5884 AC-3: the buyer is named)
[ERRORS label=membership_list] errors[] empty {BL} (BL-B2B-005: permissions are the union of global, organization and membership roles)
[DATA label=membership_list] data.organizationReturns.items[?number={{B_NO}}].number = {{B_NO}} {SPEC} (VCST-5884 AC-3)
[DATA label=membership_list] data.organizationReturns.items[?number={{B_NO}}].customerName is non-null {SPEC} (VCST-5884 AC-3)
[ERRORS label=orgrole_list] errors[] empty {BL} (BL-B2B-005, BL-B2B-007: an organization-level role counts)
[DATA label=orgrole_list] data.organizationReturns.items[?number={{R_NO}}].number = {{R_NO}} {SPEC} (VCST-5884 AC-3)
[DATA label=orgrole_list] data.organizationReturns.items[?number={{R_NO}}].customerName is non-null {SPEC} (VCST-5884 AC-3)
[ERRORS label=orgrole_foreign] errors[] non-empty {SPEC} (VCST-5884 AC-1: only the permission opens the organization)
[DATA label=orgrole_foreign] errors[0].extensions.code = Forbidden {OBSERVED} (kb KB-9E0ED0F4)
[NULL label=orgrole_foreign] data.organizationReturns {DOC} (PR #28: an error, never a narrower or empty list)
[ERRORS label=cleanup_b] errors[] empty {SPEC} (VCST-5628)
[ERRORS label=cleanup_r] errors[] empty {SPEC} (VCST-5628)","[EVIDENCE] the organization list, read as a permitted holder in the same case, proves the colleague return existed at the moment the other identity was refused or answered, so a refusal is not an empty organization",a holder reached through one of the three placements gets Forbidden or an empty list; the colleague return is missing or customerName is null; the ORGROLE holder reads the VIEWER organization (the grant leaked across organizations); a cleanup cancel fails,cancelReturn on B_ID and R_ID as their owners (inline). Aborted before that: two Requested returns each hold one unit; re-seed with --fresh when line A runs low.,VCST-5884 · Archetype:SCOPE · Technique:DT,Draft
RET-ORG-003,"organizationReturns — a locked, Invited, Rejected or Deleted membership holding the permission is refused at once",GraphQL xAPI — Returns > Organization returns (step 3),Critical,"BL-B2B-012, BL-B2B-013",,"Runner-native. No browser. Fixtures are the 3a ORG_RET_* personas (organization AGENT-TEST-Org-RetViewer). Every return a case creates is PER-RUN and is cancelled inline; Return.AttachmentsRequired must be at its default false (else the submit step is BLOCKED, KB-84773559). Assert the NAMED return a case created, never a total: other lanes submit returns into the same organization at the same time. The four holders are BLOCKED AT REST (a token request answers 400 invalid_grant or an empty token), so per holder: an administrator sets the membership to Approved (the locked one is unlocked), the holder signs in, the administrator sets the blocking status (or locks the membership), and the holder calls with the OLD token. Each holder is left BLOCKED, as found. The shared TechFlow fixtures are NOT used: they hold no view permission, so a refusal there would prove nothing about the block. The role id and name are read from ORG_RET_HOLDER_MEMBERSHIP's membership, never typed. SHARED STATE: four memberships are written; run this case alone, never beside another lane that signs these holders in. The REST bodies mirror scripts/seed-data/orders/seed-org-returns.mjs (membership PUT / lock); the first live run settles anything the platform rejects.",viewer_org=@td(ORG_RET_VIEWER_ORG.id); col_order=@td(ORG_RET_HOLDER_MEMBERSHIP.orderId); col_line=@td(ORG_RET_HOLDER_MEMBERSHIP.lineAItemId),"[AUTH role=ORG_RET_HOLDER_MEMBERSHIP]
[GQL-OP col_create]
mutation { createReturn(command: { orderId: ""{{col_order}}"", customerComment: ""AGENT-TEST VCST-5884"", items: [{ orderLineItemId: ""{{col_line}}"", quantity: 1, reasonCode: ""NoLongerNeeded"", reasonComment: ""AGENT-TEST VCST-5884"" }] }) { id number status } }
[GQL-EXEC col_create]
[GQL-CAPTURE col_create.data.createReturn.id → COL_ID]
[GQL-CAPTURE col_create.data.createReturn.number → COL_NO]
[GQL-OP col_submit]
mutation { submitReturn(command: { returnId: ""{{COL_ID}}"" }) { id number status } }
[GQL-EXEC col_submit]
[AUTH role=ADMIN_DEFAULT]
[REST-OP get_role]
GET {{BACK_URL}}/api/customer/organization-memberships/@td(ORG_RET_HOLDER_MEMBERSHIP.membershipId)
[REST-EXEC get_role]
[REST-CAPTURE get_role.body.roles.0.roleId → VIEW_ROLE_ID]
[REST-CAPTURE get_role.body.roles.0.roleName → VIEW_ROLE_NAME]
[AUTH role=ADMIN_DEFAULT]
[REST-OP invited_approve]
PUT {{BACK_URL}}/api/customer/organization-memberships/@td(ORG_RET_HOLDER_INVITED.membershipId)
Content-Type: application/json
Body: {""id"": ""@td(ORG_RET_HOLDER_INVITED.membershipId)"", ""userId"": ""@td(ORG_RET_HOLDER_INVITED.userId)"", ""organizationId"": ""@td(ORG_RET_VIEWER_ORG.id)"", ""organizationName"": ""@td(ORG_RET_VIEWER_ORG.name)"", ""roles"": [{""roleId"": ""{{VIEW_ROLE_ID}}"", ""roleName"": ""{{VIEW_ROLE_NAME}}""}], ""status"": ""Approved"", ""isLocked"": false}
[REST-EXEC invited_approve]
[AUTH role=ORG_RET_HOLDER_INVITED]
[GQL-OP invited_before]
query { organizationReturns(storeId: ""{{STORE_ID}}"", organizationId: ""{{viewer_org}}"", first: 50) { totalCount } }
[GQL-EXEC invited_before]
[AUTH role=ADMIN_DEFAULT]
[REST-OP invited_block]
PUT {{BACK_URL}}/api/customer/organization-memberships/@td(ORG_RET_HOLDER_INVITED.membershipId)
Content-Type: application/json
Body: {""id"": ""@td(ORG_RET_HOLDER_INVITED.membershipId)"", ""userId"": ""@td(ORG_RET_HOLDER_INVITED.userId)"", ""organizationId"": ""@td(ORG_RET_VIEWER_ORG.id)"", ""organizationName"": ""@td(ORG_RET_VIEWER_ORG.name)"", ""roles"": [{""roleId"": ""{{VIEW_ROLE_ID}}"", ""roleName"": ""{{VIEW_ROLE_NAME}}""}], ""status"": ""Invited"", ""isLocked"": false}
[REST-EXEC invited_block]
[REST-OP invited_state]
GET {{BACK_URL}}/api/customer/organization-memberships/@td(ORG_RET_HOLDER_INVITED.membershipId)
[REST-EXEC invited_state]
[AUTH role=ORG_RET_HOLDER_INVITED]
[GQL-OP invited_after]
query { organizationReturns(storeId: ""{{STORE_ID}}"", organizationId: ""{{viewer_org}}"", first: 50) { totalCount pageInfo { hasNextPage endCursor } items { id number status customerId customerName organizationId organizationName } } }
[GQL-EXEC invited_after]
[GQL-OP invited_open]
query { return(id: ""{{COL_ID}}"") { id status customerComment } }
[GQL-EXEC invited_open]
[AUTH role=ADMIN_DEFAULT]
[REST-OP rejected_approve]
PUT {{BACK_URL}}/api/customer/organization-memberships/@td(ORG_RET_HOLDER_REJECTED.membershipId)
Content-Type: application/json
Body: {""id"": ""@td(ORG_RET_HOLDER_REJECTED.membershipId)"", ""userId"": ""@td(ORG_RET_HOLDER_REJECTED.userId)"", ""organizationId"": ""@td(ORG_RET_VIEWER_ORG.id)"", ""organizationName"": ""@td(ORG_RET_VIEWER_ORG.name)"", ""roles"": [{""roleId"": ""{{VIEW_ROLE_ID}}"", ""roleName"": ""{{VIEW_ROLE_NAME}}""}], ""status"": ""Approved"", ""isLocked"": false}
[REST-EXEC rejected_approve]
[AUTH role=ORG_RET_HOLDER_REJECTED]
[GQL-OP rejected_before]
query { organizationReturns(storeId: ""{{STORE_ID}}"", organizationId: ""{{viewer_org}}"", first: 50) { totalCount } }
[GQL-EXEC rejected_before]
[AUTH role=ADMIN_DEFAULT]
[REST-OP rejected_block]
PUT {{BACK_URL}}/api/customer/organization-memberships/@td(ORG_RET_HOLDER_REJECTED.membershipId)
Content-Type: application/json
Body: {""id"": ""@td(ORG_RET_HOLDER_REJECTED.membershipId)"", ""userId"": ""@td(ORG_RET_HOLDER_REJECTED.userId)"", ""organizationId"": ""@td(ORG_RET_VIEWER_ORG.id)"", ""organizationName"": ""@td(ORG_RET_VIEWER_ORG.name)"", ""roles"": [{""roleId"": ""{{VIEW_ROLE_ID}}"", ""roleName"": ""{{VIEW_ROLE_NAME}}""}], ""status"": ""Rejected"", ""isLocked"": false}
[REST-EXEC rejected_block]
[REST-OP rejected_state]
GET {{BACK_URL}}/api/customer/organization-memberships/@td(ORG_RET_HOLDER_REJECTED.membershipId)
[REST-EXEC rejected_state]
[AUTH role=ORG_RET_HOLDER_REJECTED]
[GQL-OP rejected_after]
query { organizationReturns(storeId: ""{{STORE_ID}}"", organizationId: ""{{viewer_org}}"", first: 50) { totalCount pageInfo { hasNextPage endCursor } items { id number status customerId customerName organizationId organizationName } } }
[GQL-EXEC rejected_after]
[GQL-OP rejected_open]
query { return(id: ""{{COL_ID}}"") { id status customerComment } }
[GQL-EXEC rejected_open]
[AUTH role=ADMIN_DEFAULT]
[REST-OP deleted_approve]
PUT {{BACK_URL}}/api/customer/organization-memberships/@td(ORG_RET_HOLDER_DELETED.membershipId)
Content-Type: application/json
Body: {""id"": ""@td(ORG_RET_HOLDER_DELETED.membershipId)"", ""userId"": ""@td(ORG_RET_HOLDER_DELETED.userId)"", ""organizationId"": ""@td(ORG_RET_VIEWER_ORG.id)"", ""organizationName"": ""@td(ORG_RET_VIEWER_ORG.name)"", ""roles"": [{""roleId"": ""{{VIEW_ROLE_ID}}"", ""roleName"": ""{{VIEW_ROLE_NAME}}""}], ""status"": ""Approved"", ""isLocked"": false}
[REST-EXEC deleted_approve]
[AUTH role=ORG_RET_HOLDER_DELETED]
[GQL-OP deleted_before]
query { organizationReturns(storeId: ""{{STORE_ID}}"", organizationId: ""{{viewer_org}}"", first: 50) { totalCount } }
[GQL-EXEC deleted_before]
[AUTH role=ADMIN_DEFAULT]
[REST-OP deleted_block]
PUT {{BACK_URL}}/api/customer/organization-memberships/@td(ORG_RET_HOLDER_DELETED.membershipId)
Content-Type: application/json
Body: {""id"": ""@td(ORG_RET_HOLDER_DELETED.membershipId)"", ""userId"": ""@td(ORG_RET_HOLDER_DELETED.userId)"", ""organizationId"": ""@td(ORG_RET_VIEWER_ORG.id)"", ""organizationName"": ""@td(ORG_RET_VIEWER_ORG.name)"", ""roles"": [{""roleId"": ""{{VIEW_ROLE_ID}}"", ""roleName"": ""{{VIEW_ROLE_NAME}}""}], ""status"": ""Deleted"", ""isLocked"": false}
[REST-EXEC deleted_block]
[REST-OP deleted_state]
GET {{BACK_URL}}/api/customer/organization-memberships/@td(ORG_RET_HOLDER_DELETED.membershipId)
[REST-EXEC deleted_state]
[AUTH role=ORG_RET_HOLDER_DELETED]
[GQL-OP deleted_after]
query { organizationReturns(storeId: ""{{STORE_ID}}"", organizationId: ""{{viewer_org}}"", first: 50) { totalCount pageInfo { hasNextPage endCursor } items { id number status customerId customerName organizationId organizationName } } }
[GQL-EXEC deleted_after]
[GQL-OP deleted_open]
query { return(id: ""{{COL_ID}}"") { id status customerComment } }
[GQL-EXEC deleted_open]
[AUTH role=ADMIN_DEFAULT]
[REST-OP locked_approve]
PUT {{BACK_URL}}/api/customer/organization-memberships/@td(ORG_RET_HOLDER_LOCKED.membershipId)
Content-Type: application/json
Body: {""id"": ""@td(ORG_RET_HOLDER_LOCKED.membershipId)"", ""userId"": ""@td(ORG_RET_HOLDER_LOCKED.userId)"", ""organizationId"": ""@td(ORG_RET_VIEWER_ORG.id)"", ""organizationName"": ""@td(ORG_RET_VIEWER_ORG.name)"", ""roles"": [{""roleId"": ""{{VIEW_ROLE_ID}}"", ""roleName"": ""{{VIEW_ROLE_NAME}}""}], ""status"": ""Approved"", ""isLocked"": false}
[REST-EXEC locked_approve]
[REST POST /api/customer/organization-memberships/@td(ORG_RET_HOLDER_LOCKED.membershipId)/unlock]
[AUTH role=ORG_RET_HOLDER_LOCKED]
[GQL-OP locked_before]
query { organizationReturns(storeId: ""{{STORE_ID}}"", organizationId: ""{{viewer_org}}"", first: 50) { totalCount } }
[GQL-EXEC locked_before]
[AUTH role=ADMIN_DEFAULT]
[REST POST /api/customer/organization-memberships/@td(ORG_RET_HOLDER_LOCKED.membershipId)/lock]
{""lockoutEnd"": null}
[REST-OP locked_state]
GET {{BACK_URL}}/api/customer/organization-memberships/@td(ORG_RET_HOLDER_LOCKED.membershipId)
[REST-EXEC locked_state]
[AUTH role=ORG_RET_HOLDER_LOCKED]
[GQL-OP locked_after]
query { organizationReturns(storeId: ""{{STORE_ID}}"", organizationId: ""{{viewer_org}}"", first: 50) { totalCount pageInfo { hasNextPage endCursor } items { id number status customerId customerName organizationId organizationName } } }
[GQL-EXEC locked_after]
[GQL-OP locked_open]
query { return(id: ""{{COL_ID}}"") { id status customerComment } }
[GQL-EXEC locked_open]
[AUTH role=ORG_RET_HOLDER_MEMBERSHIP]
[GQL-OP cleanup_col]
mutation { cancelReturn(command: { returnId: ""{{COL_ID}}"" }) { id status } }
[GQL-EXEC cleanup_col]","[ERRORS label=col_create] errors[] empty {SPEC} (VCST-5628)
[DATA label=col_create] data.createReturn.status = Draft {SPEC} (VCST-5628)
[ERRORS label=col_submit] errors[] empty {SPEC} (VCST-5628)
[DATA label=col_submit] data.submitReturn.status = Requested {SPEC} (VCST-5628)
[ERRORS label=get_role] HTTP 200 {OBSERVED}
[DATA label=get_role] body.roles.0.roleId is non-null {SPEC} (VCST-5884 AC-3)
[ERRORS label=invited_before] errors[] empty {BL} (BL-B2B-005: a holder in good standing reads the organization)
[DATA label=invited_state] body.status = Invited {OBSERVED}
[ERRORS label=invited_after] errors[] non-empty {BL} (BL-B2B-012, BL-B2B-013: a blocked membership opens nothing, at once)
[DATA label=invited_after] errors[0].extensions.code = Forbidden {OBSERVED} (kb KB-9E0ED0F4)
[NULL label=invited_after] data.organizationReturns {SPEC} (VCST-5884 AC-1)
[NULL label=invited_open] data.return {BL} (BL-B2B-012, BL-B2B-013: the colleague's return stays closed too)
[ERRORS label=rejected_before] errors[] empty {BL} (BL-B2B-005: a holder in good standing reads the organization)
[DATA label=rejected_state] body.status = Rejected {OBSERVED}
[ERRORS label=rejected_after] errors[] non-empty {BL} (BL-B2B-012, BL-B2B-013: a blocked membership opens nothing, at once)
[DATA label=rejected_after] errors[0].extensions.code = Forbidden {OBSERVED} (kb KB-9E0ED0F4)
[NULL label=rejected_after] data.organizationReturns {SPEC} (VCST-5884 AC-1)
[NULL label=rejected_open] data.return {BL} (BL-B2B-012, BL-B2B-013: the colleague's return stays closed too)
[ERRORS label=deleted_before] errors[] empty {BL} (BL-B2B-005: a holder in good standing reads the organization)
[DATA label=deleted_state] body.status = Deleted {OBSERVED}
[ERRORS label=deleted_after] errors[] non-empty {BL} (BL-B2B-012, BL-B2B-013: a blocked membership opens nothing, at once)
[DATA label=deleted_after] errors[0].extensions.code = Forbidden {OBSERVED} (kb KB-9E0ED0F4)
[NULL label=deleted_after] data.organizationReturns {SPEC} (VCST-5884 AC-1)
[NULL label=deleted_open] data.return {BL} (BL-B2B-012, BL-B2B-013: the colleague's return stays closed too)
[ERRORS label=locked_before] errors[] empty {BL} (BL-B2B-005: a holder in good standing reads the organization)
[DATA label=locked_state] body.isCurrentlyLocked = true {OBSERVED}
[ERRORS label=locked_after] errors[] non-empty {BL} (BL-B2B-012, BL-B2B-013: a blocked membership opens nothing, at once)
[DATA label=locked_after] errors[0].extensions.code = Forbidden {OBSERVED} (kb KB-9E0ED0F4)
[NULL label=locked_after] data.organizationReturns {SPEC} (VCST-5884 AC-1)
[NULL label=locked_open] data.return {BL} (BL-B2B-012, BL-B2B-013: the colleague's return stays closed too)
[ERRORS label=cleanup_col] errors[] empty {SPEC} (VCST-5628)","[EVIDENCE] each holder reads the organization successfully BEFORE the block (xx_before) and is refused AFTER it with the SAME token, and the membership is read back in the blocking state (xx_state), so the refusal is the block and not a bad token or a missing grant","a blocked member (Invited, Rejected, Deleted or locked) still reads the list or the colleague return with a token issued before the block; the ""before"" read is refused (the holder never held the permission: the case proves nothing); the membership read-back does not show the blocking state (the REST write failed: BLOCKED, not a pass)","[AUTH role=ADMIN_DEFAULT]
[REST PUT /api/customer/organization-memberships/@td(ORG_RET_HOLDER_INVITED.membershipId)]
{""id"": ""@td(ORG_RET_HOLDER_INVITED.membershipId)"", ""userId"": ""@td(ORG_RET_HOLDER_INVITED.userId)"", ""organizationId"": ""@td(ORG_RET_VIEWER_ORG.id)"", ""organizationName"": ""@td(ORG_RET_VIEWER_ORG.name)"", ""roles"": [{""roleId"": ""{{VIEW_ROLE_ID}}"", ""roleName"": ""{{VIEW_ROLE_NAME}}""}], ""status"": ""Invited"", ""isLocked"": false}
[REST PUT /api/customer/organization-memberships/@td(ORG_RET_HOLDER_REJECTED.membershipId)]
{""id"": ""@td(ORG_RET_HOLDER_REJECTED.membershipId)"", ""userId"": ""@td(ORG_RET_HOLDER_REJECTED.userId)"", ""organizationId"": ""@td(ORG_RET_VIEWER_ORG.id)"", ""organizationName"": ""@td(ORG_RET_VIEWER_ORG.name)"", ""roles"": [{""roleId"": ""{{VIEW_ROLE_ID}}"", ""roleName"": ""{{VIEW_ROLE_NAME}}""}], ""status"": ""Rejected"", ""isLocked"": false}
[REST PUT /api/customer/organization-memberships/@td(ORG_RET_HOLDER_DELETED.membershipId)]
{""id"": ""@td(ORG_RET_HOLDER_DELETED.membershipId)"", ""userId"": ""@td(ORG_RET_HOLDER_DELETED.userId)"", ""organizationId"": ""@td(ORG_RET_VIEWER_ORG.id)"", ""organizationName"": ""@td(ORG_RET_VIEWER_ORG.name)"", ""roles"": [{""roleId"": ""{{VIEW_ROLE_ID}}"", ""roleName"": ""{{VIEW_ROLE_NAME}}""}], ""status"": ""Deleted"", ""isLocked"": false}
[REST POST /api/customer/organization-memberships/@td(ORG_RET_HOLDER_LOCKED.membershipId)/lock]
{""lockoutEnd"": null}",VCST-5884 · Archetype:SCOPE · Technique:EP,Draft
RET-ORG-004,organizationReturns — an administrator who is not a member of the organization is refused,GraphQL xAPI — Returns > Organization returns (step 3),Medium,,,"Runner-native. No browser. Fixtures are the 3a ORG_RET_* personas (organization AGENT-TEST-Org-RetViewer). Every return a case creates is PER-RUN and is cancelled inline; Return.AttachmentsRequired must be at its default false (else the submit step is BLOCKED, KB-84773559). Assert the NAMED return a case created, never a total: other lanes submit returns into the same organization at the same time. {HYPOTHESIS} The ticket does not say whether a platform administrator who is not a member may read an organization's returns; PR #28 states ""no bypass"" and the build refuses uniformly (3x observed). The expectation below is the PR's statement, real when the PO ratifies it. Read the administrator token's claims first: no organization_id and no xapi:* claim. The control read is a holder of the same organization.",viewer_org=@td(ORG_RET_VIEWER_ORG.id),"[AUTH role=ADMIN_DEFAULT]
[GQL-OP admin_list]
query { organizationReturns(storeId: ""{{STORE_ID}}"", organizationId: ""{{viewer_org}}"", first: 50) { totalCount pageInfo { hasNextPage endCursor } items { id number status customerId customerName organizationId organizationName } } }
[GQL-EXEC admin_list]
[AUTH role=ORG_RET_HOLDER_GLOBAL]
[GQL-OP control_list]
query { organizationReturns(storeId: ""{{STORE_ID}}"", organizationId: ""{{viewer_org}}"", first: 50) { totalCount } }
[GQL-EXEC control_list]","[ERRORS label=admin_list] errors[] non-empty {HYPOTHESIS} (PR #28 ""no bypass""; real when the PO ratifies membership as the rule)
[DATA label=admin_list] errors[0].extensions.code = Forbidden {OBSERVED} (3x 2026-10-08)
[NULL label=admin_list] data.organizationReturns {HYPOTHESIS}
[ERRORS label=control_list] errors[] empty {SPEC} (VCST-5884 AC-1)
[DATA label=control_list] data.organizationReturns.totalCount >= 0 {SPEC} (VCST-5884 AC-1: the organization exists and a holder reads it)","[EVIDENCE] control_list proves the organization id is real and readable, so the administrator refusal is about the caller and not the id",the administrator reads the organization (a bypass nobody ratified: every organization is open to any administrator account); or the administrator refusal differs from the non-holder refusal; control_list is refused (the control holder lost its grant),none -- read-only,VCST-5884 · Archetype:SCOPE · Technique:EG,Draft
RET-ORG-005,"organizationReturns — permission held only in a non-active organization: API answers for that organization, not for the other",GraphQL xAPI — Returns > Organization returns (step 3),High,BL-B2B-007,ECL-14.3,"Runner-native. No browser. Fixtures are the 3a ORG_RET_* personas (organization AGENT-TEST-Org-RetViewer). Every return a case creates is PER-RUN and is cancelled inline; Return.AttachmentsRequired must be at its default false (else the submit step is BLOCKED, KB-84773559). Assert the NAMED return a case created, never a total: other lanes submit returns into the same organization at the same time. ORG_RET_MULTI_ORG is a contact in TWO organizations: X (ORG_RET_HOME_ORG, ordinary member) and Y (the viewer organization, membership role holding the view permission). Always pass organization_id when requesting the token; without it the platform picks an organization and it differed on each seed. The two token reads are made with the same person and a different ACTIVE organization. The row marked {HYPOTHESIS} (the token's active organization is X, the query asks for Y) is the tab-gate versus server-gate drift: it is real when the PO says which of the two decides.",org_x=@td(ORG_RET_MULTI_ORG.org_x_id); org_y=@td(ORG_RET_MULTI_ORG.org_y_id); y_order=@td(ORG_RET_BUYER.orderId); y_line=@td(ORG_RET_BUYER.lineAItemId),"[AUTH role=ORG_RET_BUYER]
[GQL-OP y_create]
mutation { createReturn(command: { orderId: ""{{y_order}}"", customerComment: ""AGENT-TEST VCST-5884"", items: [{ orderLineItemId: ""{{y_line}}"", quantity: 1, reasonCode: ""NoLongerNeeded"", reasonComment: ""AGENT-TEST VCST-5884"" }] }) { id number status } }
[GQL-EXEC y_create]
[GQL-CAPTURE y_create.data.createReturn.id → Y_ID]
[GQL-CAPTURE y_create.data.createReturn.number → Y_NO]
[GQL-OP y_submit]
mutation { submitReturn(command: { returnId: ""{{Y_ID}}"" }) { id number status } }
[GQL-EXEC y_submit]
[AUTH role=ORG_RET_MULTI_ORG org=@td(ORG_RET_MULTI_ORG.org_x_id)]
[GQL-OP tokx_list_y]
query { organizationReturns(storeId: ""{{STORE_ID}}"", organizationId: ""{{org_y}}"", first: 50) { totalCount pageInfo { hasNextPage endCursor } items { id number status customerId customerName organizationId organizationName } } }
[GQL-EXEC tokx_list_y]
[GQL-OP tokx_list_x]
query { organizationReturns(storeId: ""{{STORE_ID}}"", organizationId: ""{{org_x}}"", first: 50) { totalCount pageInfo { hasNextPage endCursor } items { id number status customerId customerName organizationId organizationName } } }
[GQL-EXEC tokx_list_x]
[AUTH role=ORG_RET_MULTI_ORG org=@td(ORG_RET_MULTI_ORG.org_y_id)]
[GQL-OP toky_list_y]
query { organizationReturns(storeId: ""{{STORE_ID}}"", organizationId: ""{{org_y}}"", first: 50) { totalCount pageInfo { hasNextPage endCursor } items { id number status customerId customerName organizationId organizationName } } }
[GQL-EXEC toky_list_y]
[GQL-OP toky_list_x]
query { organizationReturns(storeId: ""{{STORE_ID}}"", organizationId: ""{{org_x}}"", first: 50) { totalCount pageInfo { hasNextPage endCursor } items { id number status customerId customerName organizationId organizationName } } }
[GQL-EXEC toky_list_x]
[AUTH role=ORG_RET_BUYER]
[GQL-OP cleanup_y]
mutation { cancelReturn(command: { returnId: ""{{Y_ID}}"" }) { id status } }
[GQL-EXEC cleanup_y]","[ERRORS label=y_create] errors[] empty {SPEC} (VCST-5628)
[DATA label=y_create] data.createReturn.status = Draft {SPEC} (VCST-5628)
[ERRORS label=y_submit] errors[] empty {SPEC} (VCST-5628)
[DATA label=y_submit] data.submitReturn.status = Requested {SPEC} (VCST-5628)
[ERRORS label=tokx_list_x] errors[] non-empty {SPEC} (VCST-5884 AC-1: no permission in X)
[DATA label=tokx_list_x] errors[0].extensions.code = Forbidden {OBSERVED} (kb KB-9E0ED0F4)
[NULL label=tokx_list_x] data.organizationReturns {SPEC} (VCST-5884 AC-3)
[ERRORS label=tokx_list_y] errors[] empty {HYPOTHESIS} (the server decides per QUERIED organization from live roles, PR #28; real when the PO states the rule — the tab decides from the token)
[DATA label=tokx_list_y] data.organizationReturns.items[?number={{Y_NO}}].number = {{Y_NO}} {HYPOTHESIS}
[ERRORS label=toky_list_y] errors[] empty {BL} (BL-B2B-007: the token carries the active organization permissions)
[DATA label=toky_list_y] data.organizationReturns.items[?number={{Y_NO}}].number = {{Y_NO}} {SPEC} (VCST-5884 AC-3)
[ERRORS label=toky_list_x] errors[] non-empty {SPEC} (VCST-5884 AC-1: no permission in X, whichever organization is active)
[DATA label=toky_list_x] errors[0].extensions.code = Forbidden {OBSERVED}
[NULL label=toky_list_x] data.organizationReturns {SPEC} (VCST-5884 AC-3)
[ERRORS label=cleanup_y] errors[] empty {SPEC} (VCST-5628)",[EVIDENCE] the colleague return exists in Y (created in this case); the two refusals for X are the same Forbidden whichever organization is active,the contact reads organization X (the permission leaked across organizations); the contact is refused in Y while Y is active; Y reads differ between the two tokens in a way the PO has not accepted,cancelReturn on Y_ID as ORG_RET_BUYER (inline). Nothing else is written.,VCST-5884 · Archetype:SCOPE · Technique:PW,Draft
RET-ORG-006,organizationReturns and return(id) — a draft cancelled before it was submitted is not listed and not readable by a holder,GraphQL xAPI — Returns > Organization returns (step 3),High,BL-GQL-004,,"Runner-native. No browser. Fixtures are the 3a ORG_RET_* personas (organization AGENT-TEST-Org-RetViewer). Every return a case creates is PER-RUN and is cancelled inline; Return.AttachmentsRequired must be at its default false (else the submit step is BLOCKED, KB-84773559). Assert the NAMED return a case created, never a total: other lanes submit returns into the same organization at the same time. HELD, read before running: this case keeps the SPEC and DOC expectation (a draft the buyer cancelled WITHOUT submitting is never visible to a holder, neither in the list nor by id) and the build is known to break it (3x observed: listed as Cancelled, opens read-only with the buyer's comment and line reason; the exclusion is Status != Draft and a cancelled draft carries status Cancelled). A red result is the finding, not a bad case. It is NOT inverted to the build, and stays Draft until the PO answers ""is a draft cancelled before submit an organization record"". owner_read is the control: the draft really exists when the holder is refused or served.",viewer_org=@td(ORG_RET_VIEWER_ORG.id); b_order=@td(ORG_RET_BUYER.orderId); b_line=@td(ORG_RET_BUYER.lineAItemId),"[AUTH role=ORG_RET_BUYER]
[GQL-OP d_create]
mutation { createReturn(command: { orderId: ""{{b_order}}"", customerComment: ""AGENT-TEST VCST-5884 abandoned draft"", items: [{ orderLineItemId: ""{{b_line}}"", quantity: 1, reasonCode: ""NoLongerNeeded"", reasonComment: ""AGENT-TEST VCST-5884 never sent"" }] }) { id number status } }
[GQL-EXEC d_create]
[GQL-CAPTURE d_create.data.createReturn.id → D_ID]
[GQL-CAPTURE d_create.data.createReturn.number → D_NO]
[GQL-OP d_cancel]
mutation { cancelReturn(command: { returnId: ""{{D_ID}}"" }) { id status } }
[GQL-EXEC d_cancel]
[GQL-OP owner_read]
query { return(id: ""{{D_ID}}"") { id number status customerComment } }
[GQL-EXEC owner_read]
[AUTH role=ORG_RET_HOLDER_MEMBERSHIP]
[GQL-OP holder_list]
query { organizationReturns(storeId: ""{{STORE_ID}}"", organizationId: ""{{viewer_org}}"", first: 50, statuses: [""Cancelled""]) { totalCount pageInfo { hasNextPage endCursor } items { id number status customerId customerName organizationId organizationName } } }
[GQL-EXEC holder_list]
[GQL-OP holder_read]
query { return(id: ""{{D_ID}}"") { id number status customerComment items { reasonComment } } }
[GQL-EXEC holder_read]","[ERRORS label=d_create] errors[] empty {SPEC} (VCST-5628)
[DATA label=d_create] data.createReturn.status = Draft {SPEC} (VCST-5628)
[ERRORS label=d_cancel] errors[] empty {SPEC} (VCST-5884 AC-3)
[DATA label=d_cancel] data.cancelReturn.status = Cancelled {SPEC} (VCST-5628)
[ERRORS label=owner_read] errors[] empty {SPEC} (VCST-5884 AC-3)
[DATA label=owner_read] data.return.number = {{D_NO}} {SPEC} (VCST-5628: the owner still reads the abandoned draft)
[ERRORS label=holder_list] errors[] empty {SPEC} (VCST-5884 AC-1)
[NULL label=holder_list] data.organizationReturns.items[?number={{D_NO}}] {DOC} (PR #28 ""drafts are never listed""; module guide: an abandoned draft is not an organization record; HELD: the build lists it, 3x observed, the PO decides)
[ERRORS label=holder_read] errors[] empty {SPEC} (VCST-5884 AC-3)
[NULL label=holder_read] data.return {DOC} (PR #28 ""drafts are never listed""; HELD, same decision)",[EVIDENCE] owner_read proves the draft exists at the moment the holder reads; the holder reads the buyer's comment and line reason when the defect is present,"D_NO is in the holder list; return(id) as the holder returns data (the buyer's comment or reasonComment leak); owner_read is null (the control failed, nothing proven)",none -- the draft is already Cancelled and holds no unit,VCST-5884 · Archetype:SCOPE · Technique:ST · Behavior:ret.state.cancelled,Draft
RET-ORG-007,organizationReturns — statuses [Draft] returns nothing and the search never offers a draft,GraphQL xAPI — Returns > Organization returns (step 3),Medium,,,"Runner-native. No browser. Fixtures are the 3a ORG_RET_* personas (organization AGENT-TEST-Org-RetViewer). Every return a case creates is PER-RUN and is cancelled inline; Return.AttachmentsRequired must be at its default false (else the submit step is BLOCKED, KB-84773559). Assert the NAMED return a case created, never a total: other lanes submit returns into the same organization at the same time. The buyer holds a LIVE Draft (created, not submitted, not cancelled) while the holder filters by status Draft. The cancelled-never-submitted case is RET-ORG-006; this one isolates the Draft filter and the live Draft. Cancelling the draft in cleanup leaves one Cancelled draft in the organization list (RET-ORG-006's HELD defect): other lanes must identify rows by their own return numbers.",viewer_org=@td(ORG_RET_VIEWER_ORG.id); b_order=@td(ORG_RET_BUYER.orderId); b_line=@td(ORG_RET_BUYER.lineAItemId),"[AUTH role=ORG_RET_BUYER]
[GQL-OP d_create]
mutation { createReturn(command: { orderId: ""{{b_order}}"", customerComment: ""AGENT-TEST VCST-5884"", items: [{ orderLineItemId: ""{{b_line}}"", quantity: 1, reasonCode: ""NoLongerNeeded"", reasonComment: ""AGENT-TEST VCST-5884"" }] }) { id number status } }
[GQL-EXEC d_create]
[GQL-CAPTURE d_create.data.createReturn.id → D_ID]
[GQL-CAPTURE d_create.data.createReturn.number → D_NO]
[AUTH role=ORG_RET_HOLDER_MEMBERSHIP]
[GQL-OP draft_filter]
query { organizationReturns(storeId: ""{{STORE_ID}}"", organizationId: ""{{viewer_org}}"", first: 50, statuses: [""Draft""]) { totalCount items { id number status } } }
[GQL-EXEC draft_filter]
[GQL-OP all_list]
query { organizationReturns(storeId: ""{{STORE_ID}}"", organizationId: ""{{viewer_org}}"", first: 50) { totalCount pageInfo { hasNextPage endCursor } items { id number status customerId customerName organizationId organizationName } } }
[GQL-EXEC all_list]
[AUTH role=ORG_RET_BUYER]
[GQL-OP cleanup_d]
mutation { cancelReturn(command: { returnId: ""{{D_ID}}"" }) { id status } }
[GQL-EXEC cleanup_d]","[ERRORS label=d_create] errors[] empty {SPEC} (VCST-5628)
[DATA label=d_create] data.createReturn.status = Draft {SPEC} (VCST-5628)
[ERRORS label=draft_filter] errors[] empty {SPEC} (VCST-5884 AC-1)
[DATA label=draft_filter] data.organizationReturns.totalCount = 0 {DOC} (PR #28 ""no drafts"")
[COUNT label=draft_filter] data.organizationReturns.items.length = 0 {DOC} (PR #28 ""no drafts"")
[ERRORS label=all_list] errors[] empty {SPEC} (VCST-5884 AC-3)
[NULL label=all_list] data.organizationReturns.items[?number={{D_NO}}] {DOC} (PR #28 ""drafts are never listed"")
[ERRORS label=cleanup_d] errors[] empty {SPEC} (VCST-5628)",[EVIDENCE] the draft exists (status Draft in d_create) while the holder asks for statuses [Draft],statuses [Draft] returns the buyer's unsent draft (totalCount > 0 or the number listed); the unfiltered list contains the live draft,cancelReturn on D_ID as ORG_RET_BUYER (inline as cleanup_d),VCST-5884 · Archetype:BOUNDARY · Technique:EP,Draft
RET-ORG-008,"organizationReturns — keyword, status, date, sort and paging stay inside the organization at the page boundary",GraphQL xAPI — Returns > Organization returns (step 3),High,,,"Runner-native. No browser. Fixtures are the 3a ORG_RET_* personas (organization AGENT-TEST-Org-RetViewer). Every return a case creates is PER-RUN and is cancelled inline; Return.AttachmentsRequired must be at its default false (else the submit step is BLOCKED, KB-84773559). Assert the NAMED return a case created, never a total: other lanes submit returns into the same organization at the same time. The case creates TWO Requested returns in the viewer organization (the buyer's and the holder's own), so a page of one row always has a next page, and compares only the rows it created. The page-size boundaries at 10, 11 and 0 returns are NOT asserted: 11 per-run returns would hold 11 units of a 40-unit line on a shared organization; the boundary here is page size 1 over two or more rows. The buyer's name is read from the list (the order's customer name) and used as the keyword, so no name is typed. Partial-name and other-letter-case keyword legs are not asserted: no string function exists in the assertion grammar, and a typed fragment of a persona name would be a hardcode.",viewer_org=@td(ORG_RET_VIEWER_ORG.id); b_order=@td(ORG_RET_BUYER.orderId); b_line=@td(ORG_RET_BUYER.lineAItemId); h_order=@td(ORG_RET_HOLDER_MEMBERSHIP.orderId); h_line=@td(ORG_RET_HOLDER_MEMBERSHIP.lineAItemId); other_number=@td(ORG_RET_OTHER_ORG_RETURN.number),"[AUTH role=ORG_RET_BUYER]
[GQL-OP b_create]
mutation { createReturn(command: { orderId: ""{{b_order}}"", customerComment: ""AGENT-TEST VCST-5884"", items: [{ orderLineItemId: ""{{b_line}}"", quantity: 1, reasonCode: ""NoLongerNeeded"", reasonComment: ""AGENT-TEST VCST-5884"" }] }) { id number status } }
[GQL-EXEC b_create]
[GQL-CAPTURE b_create.data.createReturn.id → B_ID]
[GQL-CAPTURE b_create.data.createReturn.number → B_NO]
[GQL-OP b_submit]
mutation { submitReturn(command: { returnId: ""{{B_ID}}"" }) { id number status } }
[GQL-EXEC b_submit]
[AUTH role=ORG_RET_HOLDER_MEMBERSHIP]
[GQL-OP h_create]
mutation { createReturn(command: { orderId: ""{{h_order}}"", customerComment: ""AGENT-TEST VCST-5884"", items: [{ orderLineItemId: ""{{h_line}}"", quantity: 1, reasonCode: ""NoLongerNeeded"", reasonComment: ""AGENT-TEST VCST-5884"" }] }) { id number status } }
[GQL-EXEC h_create]
[GQL-CAPTURE h_create.data.createReturn.id → H_ID]
[GQL-CAPTURE h_create.data.createReturn.number → H_NO]
[GQL-OP h_submit]
mutation { submitReturn(command: { returnId: ""{{H_ID}}"" }) { id number status } }
[GQL-EXEC h_submit]
[GQL-OP find_name]
query { organizationReturns(storeId: ""{{STORE_ID}}"", organizationId: ""{{viewer_org}}"", first: 50) { totalCount pageInfo { hasNextPage endCursor } items { id number status customerId customerName organizationId organizationName } } }
[GQL-EXEC find_name]
[GQL-CAPTURE find_name.data.organizationReturns.items[?number={{B_NO}}].customerName → B_NAME]
[GQL-OP by_name]
query { organizationReturns(storeId: ""{{STORE_ID}}"", organizationId: ""{{viewer_org}}"", first: 50, keyword: ""{{B_NAME}}"") { totalCount pageInfo { hasNextPage endCursor } items { id number status customerId customerName organizationId organizationName } } }
[GQL-EXEC by_name]
[GQL-OP by_number]
query { organizationReturns(storeId: ""{{STORE_ID}}"", organizationId: ""{{viewer_org}}"", first: 50, keyword: ""{{B_NO}}"") { totalCount pageInfo { hasNextPage endCursor } items { id number status customerId customerName organizationId organizationName } } }
[GQL-EXEC by_number]
[GQL-OP by_foreign_number]
query { organizationReturns(storeId: ""{{STORE_ID}}"", organizationId: ""{{viewer_org}}"", first: 50, keyword: ""{{other_number}}"") { totalCount pageInfo { hasNextPage endCursor } items { id number status customerId customerName organizationId organizationName } } }
[GQL-EXEC by_foreign_number]
[GQL-OP by_status]
query { organizationReturns(storeId: ""{{STORE_ID}}"", organizationId: ""{{viewer_org}}"", first: 50, statuses: [""Requested""]) { totalCount pageInfo { hasNextPage endCursor } items { id number status customerId customerName organizationId organizationName } } }
[GQL-EXEC by_status]
[GQL-OP sort_asc]
query { organizationReturns(storeId: ""{{STORE_ID}}"", organizationId: ""{{viewer_org}}"", first: 50, sort: ""customerName:asc"") { totalCount pageInfo { hasNextPage endCursor } items { id number status customerId customerName organizationId organizationName } } }
[GQL-EXEC sort_asc]
[GQL-OP sort_desc]
query { organizationReturns(storeId: ""{{STORE_ID}}"", organizationId: ""{{viewer_org}}"", first: 50, sort: ""customerName:desc"") { totalCount pageInfo { hasNextPage endCursor } items { id number status customerId customerName organizationId organizationName } } }
[GQL-EXEC sort_desc]
[GQL-OP page_one]
query { organizationReturns(storeId: ""{{STORE_ID}}"", organizationId: ""{{viewer_org}}"", first: 1, sort: ""customerName:asc"") { totalCount pageInfo { hasNextPage endCursor } items { id number organizationId } } }
[GQL-EXEC page_one]
[GQL-CAPTURE page_one.data.organizationReturns.items.0.id → PAGE1_ID]
[GQL-CAPTURE page_one.data.organizationReturns.pageInfo.endCursor → CURSOR1]
[GQL-OP page_two]
query { organizationReturns(storeId: ""{{STORE_ID}}"", organizationId: ""{{viewer_org}}"", first: 1, after: ""{{CURSOR1}}"", sort: ""customerName:asc"") { totalCount pageInfo { hasNextPage endCursor } items { id number organizationId } } }
[GQL-EXEC page_two]
[AUTH role=ORG_RET_BUYER]
[GQL-OP cleanup_b]
mutation { cancelReturn(command: { returnId: ""{{B_ID}}"" }) { id status } }
[GQL-EXEC cleanup_b]
[AUTH role=ORG_RET_HOLDER_MEMBERSHIP]
[GQL-OP cleanup_h]
mutation { cancelReturn(command: { returnId: ""{{H_ID}}"" }) { id status } }
[GQL-EXEC cleanup_h]","[ERRORS label=b_create] errors[] empty {SPEC} (VCST-5628)
[DATA label=b_create] data.createReturn.status = Draft {SPEC} (VCST-5628)
[ERRORS label=b_submit] errors[] empty {SPEC} (VCST-5628)
[DATA label=b_submit] data.submitReturn.status = Requested {SPEC} (VCST-5628)
[ERRORS label=h_create] errors[] empty {SPEC} (VCST-5628)
[DATA label=h_create] data.createReturn.status = Draft {SPEC} (VCST-5628)
[ERRORS label=h_submit] errors[] empty {SPEC} (VCST-5628)
[DATA label=h_submit] data.submitReturn.status = Requested {SPEC} (VCST-5628)
[ERRORS label=find_name] errors[] empty {SPEC} (VCST-5884 AC-3)
[DATA label=find_name] data.organizationReturns.items[?number={{B_NO}}].customerName is non-null {SPEC} (VCST-5884 AC-3: the buyer is named)
[ERRORS label=by_name] errors[] empty {SPEC} (VCST-5884 AC-3)
[DATA label=by_name] data.organizationReturns.items[?number={{B_NO}}].number = {{B_NO}} {DOC} (PR #28: the keyword also matches the buyer name)
[COUNT label=by_name] data.organizationReturns.items[*?organizationId!={{viewer_org}}].length = 0 {SPEC} (VCST-5884 AC-3: never another organization's row)
[ERRORS label=by_number] errors[] empty {SPEC} (VCST-5884 AC-3)
[DATA label=by_number] data.organizationReturns.items[?number={{B_NO}}].number = {{B_NO}} {DOC} (PR #28: keyword matches the RMA)
[ERRORS label=by_foreign_number] errors[] empty {SPEC} (VCST-5884 AC-3)
[DATA label=by_foreign_number] data.organizationReturns.totalCount = 0 {SPEC} (VCST-5884 AC-3: another organization's RMA finds nothing here)
[ERRORS label=by_status] errors[] empty {SPEC} (VCST-5884 AC-3)
[COUNT label=by_status] data.organizationReturns.items[*?status!=Requested].length = 0 {DOC} (PR #28: the status filter)
[COUNT label=by_status] data.organizationReturns.items[*?organizationId!={{viewer_org}}].length = 0 {SPEC} (VCST-5884 AC-3)
[ERRORS label=sort_asc] errors[] empty {SPEC} (VCST-5884 AC-3)
[COUNT label=sort_asc] data.organizationReturns.items[*?organizationId!={{viewer_org}}].length = 0 {SPEC} (VCST-5884 AC-3: a sort never drops the organization filter)
[ERRORS label=sort_desc] errors[] empty {SPEC} (VCST-5884 AC-3)
[COUNT label=sort_desc] data.organizationReturns.items[*?organizationId!={{viewer_org}}].length = 0 {SPEC} (VCST-5884 AC-3)
[ERRORS label=page_one] errors[] empty {SPEC} (VCST-5884 AC-3)
[DATA label=page_one] data.organizationReturns.totalCount >= 2 {SPEC} (VCST-5884 AC-3: this case created two returns in the organization)
[DATA label=page_one] data.organizationReturns.pageInfo.hasNextPage = true {SPEC} (VCST-5884 AC-3: first:1 over two or more rows has a next page)
[ERRORS label=page_two] errors[] empty {SPEC} (VCST-5884 AC-3)
[COUNT label=page_two] data.organizationReturns.items[*?id={{PAGE1_ID}}].length = 0 {SPEC} (VCST-5884 AC-3: the second page repeats nothing of the first)
[COUNT label=page_two] data.organizationReturns.items[*?organizationId!={{viewer_org}}].length = 0 {SPEC} (VCST-5884 AC-3: paging stays inside the organization)
[ERRORS label=cleanup_b] errors[] empty {SPEC} (VCST-5628)
[ERRORS label=cleanup_h] errors[] empty {SPEC} (VCST-5628)",[EVIDENCE] other_number is a seeded Requested return of ANOTHER organization (ORG_RET_OTHER_ORG_RETURN): finding it here would be a cross-organization leak,"the keyword by buyer name finds nothing; a sort, filter or page returns a row whose organizationId is not the queried organization; the second page repeats the first row; the foreign RMA is found",cancelReturn on B_ID and H_ID as their owners (inline). Aborted before that: two Requested returns each hold one unit; re-seed with --fresh when line A runs low.,VCST-5884 · Archetype:PARITY · Technique:BVA,Draft
RET-ORG-009,"cancelReturn, updateReturn, submitReturn and createReturn — a colleague holding the view permission changes nothing",GraphQL xAPI — Returns > Organization returns (step 3),Critical,BL-GQL-004,,"Runner-native. No browser. Fixtures are the 3a ORG_RET_* personas (organization AGENT-TEST-Org-RetViewer). Every return a case creates is PER-RUN and is cancelled inline; Return.AttachmentsRequired must be at its default false (else the submit step is BLOCKED, KB-84773559). Assert the NAMED return a case created, never a total: other lanes submit returns into the same organization at the same time. Two holders: ORG_RET_HOLDER_MEMBERSHIP (view only) and ORG_RET_HOLDER_SUBMIT (view AND xapi:my_organization:return:submit, which nothing in the build checks: it must change nothing either). The owner has one Requested return (OWN) and one live Draft (DR). The Admin-side read-back is the owner's own token. Deleting a colleague's attachment is part of S11 and is NOT asserted here: it needs the FileUpload return-attachments scope, which vcst lacks (the storefront attachments case, Manual). The ""nothing persisted"" claim rests on the owner's status and comment read-backs, and on every colleague attempt answering with an error.",b_order=@td(ORG_RET_BUYER.orderId); b_line=@td(ORG_RET_BUYER.lineAItemId),"[AUTH role=ORG_RET_BUYER]
[GQL-OP own_create]
mutation { createReturn(command: { orderId: ""{{b_order}}"", customerComment: ""AGENT-TEST VCST-5884"", items: [{ orderLineItemId: ""{{b_line}}"", quantity: 1, reasonCode: ""NoLongerNeeded"", reasonComment: ""AGENT-TEST VCST-5884"" }] }) { id number status } }
[GQL-EXEC own_create]
[GQL-CAPTURE own_create.data.createReturn.id → OWN_ID]
[GQL-CAPTURE own_create.data.createReturn.number → OWN_NO]
[GQL-OP own_submit]
mutation { submitReturn(command: { returnId: ""{{OWN_ID}}"" }) { id number status } }
[GQL-EXEC own_submit]
[GQL-OP dr_create]
mutation { createReturn(command: { orderId: ""{{b_order}}"", customerComment: ""AGENT-TEST VCST-5884 owner draft"", items: [{ orderLineItemId: ""{{b_line}}"", quantity: 1, reasonCode: ""NoLongerNeeded"", reasonComment: ""AGENT-TEST VCST-5884 owner draft"" }] }) { id number status } }
[GQL-EXEC dr_create]
[GQL-CAPTURE dr_create.data.createReturn.id → DR_ID]
[GQL-CAPTURE dr_create.data.createReturn.number → DR_NO]
[AUTH role=ORG_RET_HOLDER_MEMBERSHIP]
[GQL-OP holder_cancel]
mutation { cancelReturn(command: { returnId: ""{{OWN_ID}}"" }) { id status } }
[GQL-EXEC holder_cancel]
[GQL-OP holder_update]
mutation { updateReturn(command: { returnId: ""{{DR_ID}}"", customerComment: ""AGENT-TEST hijack attempt"" }) { id status customerComment } }
[GQL-EXEC holder_update]
[GQL-OP holder_submit]
mutation { submitReturn(command: { returnId: ""{{DR_ID}}"" }) { id status } }
[GQL-EXEC holder_submit]
[GQL-OP holder_create]
mutation { createReturn(command: { orderId: ""{{b_order}}"", items: [{ orderLineItemId: ""{{b_line}}"", quantity: 1, reasonCode: ""NoLongerNeeded"", reasonComment: ""AGENT-TEST hijack"" }] }) { id status } }
[GQL-EXEC holder_create]
[AUTH role=ORG_RET_HOLDER_SUBMIT]
[GQL-OP submit_holder_cancel]
mutation { cancelReturn(command: { returnId: ""{{OWN_ID}}"" }) { id status } }
[GQL-EXEC submit_holder_cancel]
[GQL-OP submit_holder_update]
mutation { updateReturn(command: { returnId: ""{{DR_ID}}"", customerComment: ""AGENT-TEST hijack attempt"" }) { id status customerComment } }
[GQL-EXEC submit_holder_update]
[GQL-OP submit_holder_submit]
mutation { submitReturn(command: { returnId: ""{{DR_ID}}"" }) { id status } }
[GQL-EXEC submit_holder_submit]
[GQL-OP submit_holder_create]
mutation { createReturn(command: { orderId: ""{{b_order}}"", items: [{ orderLineItemId: ""{{b_line}}"", quantity: 1, reasonCode: ""NoLongerNeeded"", reasonComment: ""AGENT-TEST hijack"" }] }) { id status } }
[GQL-EXEC submit_holder_create]
[AUTH role=ORG_RET_HOLDER_MEMBERSHIP]
[GQL-OP holder_view]
query { return(id: ""{{OWN_ID}}"") { id number status availableActions { name isAvailable unavailableReason } } }
[GQL-EXEC holder_view]
[AUTH role=ORG_RET_BUYER]
[GQL-OP owner_check_req]
query { return(id: ""{{OWN_ID}}"") { id status } }
[GQL-EXEC owner_check_req]
[GQL-OP owner_check_draft]
query { return(id: ""{{DR_ID}}"") { id status customerComment items { quantity } } }
[GQL-EXEC owner_check_draft]
[GQL-OP cleanup_own]
mutation { cancelReturn(command: { returnId: ""{{OWN_ID}}"" }) { id status } }
[GQL-EXEC cleanup_own]
[GQL-OP cleanup_dr]
mutation { cancelReturn(command: { returnId: ""{{DR_ID}}"" }) { id status } }
[GQL-EXEC cleanup_dr]","[ERRORS label=own_create] errors[] empty {SPEC} (VCST-5628)
[DATA label=own_create] data.createReturn.status = Draft {SPEC} (VCST-5628)
[ERRORS label=own_submit] errors[] empty {SPEC} (VCST-5628)
[DATA label=own_submit] data.submitReturn.status = Requested {SPEC} (VCST-5628)
[ERRORS label=dr_create] errors[] empty {SPEC} (VCST-5628)
[DATA label=dr_create] data.createReturn.status = Draft {SPEC} (VCST-5628)
[ERRORS label=holder_cancel] errors[] non-empty {SPEC} (VCST-5884 AC-3: read-only)
[DATA label=holder_cancel] errors[0].extensions.code = RETURN_NOT_FOUND {OBSERVED} (kb KB-657521DF)
[ERRORS label=holder_update] errors[] non-empty {SPEC} (VCST-5884 AC-3)
[DATA label=holder_update] errors[0].extensions.code = RETURN_NOT_FOUND {OBSERVED}
[ERRORS label=holder_submit] errors[] non-empty {SPEC} (VCST-5884 AC-3)
[DATA label=holder_submit] errors[0].extensions.code = RETURN_NOT_FOUND {OBSERVED}
[ERRORS label=holder_create] errors[] non-empty {SPEC} (VCST-5884 AC-3: nothing is created on a colleague's order)
[DATA label=holder_create] errors[0].extensions.code = ORDER_NOT_FOUND {OBSERVED}
[ERRORS label=submit_holder_cancel] errors[] non-empty {SPEC} (VCST-5884 AC-3: read-only)
[DATA label=submit_holder_cancel] errors[0].extensions.code = RETURN_NOT_FOUND {OBSERVED} (kb KB-657521DF)
[ERRORS label=submit_holder_update] errors[] non-empty {SPEC} (VCST-5884 AC-3)
[DATA label=submit_holder_update] errors[0].extensions.code = RETURN_NOT_FOUND {OBSERVED}
[ERRORS label=submit_holder_submit] errors[] non-empty {SPEC} (VCST-5884 AC-3)
[DATA label=submit_holder_submit] errors[0].extensions.code = RETURN_NOT_FOUND {OBSERVED}
[ERRORS label=submit_holder_create] errors[] non-empty {SPEC} (VCST-5884 AC-3: nothing is created on a colleague's order)
[DATA label=submit_holder_create] errors[0].extensions.code = ORDER_NOT_FOUND {OBSERVED}
[ERRORS label=holder_view] errors[] empty {SPEC} (VCST-5884 AC-3: a holder reads a colleague's return)
[DATA label=holder_view] data.return.number = {{OWN_NO}} {SPEC} (VCST-5884 AC-3)
[COUNT label=holder_view] data.return.availableActions[*?isAvailable=true].length = 0 {SPEC} (VCST-5884 AC-3: read-only, no action is offered)
[ERRORS label=owner_check_req] errors[] empty {SPEC} (VCST-5884 AC-3)
[DATA label=owner_check_req] data.return.status = Requested {SPEC} (VCST-5884 AC-3: nothing the colleague did persisted)
[ERRORS label=owner_check_draft] errors[] empty {SPEC} (VCST-5884 AC-3)
[DATA label=owner_check_draft] data.return.status = Draft {SPEC} (VCST-5884 AC-3)
[DATA label=owner_check_draft] data.return.customerComment = AGENT-TEST VCST-5884 owner draft {SPEC} (VCST-5884 AC-3: the colleague's edit did not persist)
[ERRORS label=cleanup_own] errors[] empty {SPEC} (VCST-5628)
[ERRORS label=cleanup_dr] errors[] empty {SPEC} (VCST-5628)","[EVIDENCE] owner_check_req and owner_check_draft are read as the OWNER after each refused attempt: the refusals were genuine no-ops, not partial mutations that merely failed to return a payload",any holder call answers errors[] empty (a colleague acted on the return); the owner's status or comment changed; the :submit holder changes anything; the holder sees an available action on a colleague's return; a return appears on the owner's order that the owner did not create,cancelReturn on OWN_ID and DR_ID as ORG_RET_BUYER (inline). Aborted before that: a Requested return holds one unit of line A (40 ordered) and a Draft holds none; re-seed with --fresh when it runs low.,VCST-5884 · Archetype:SILENT · Technique:DT · Behavior:ret.buyer.cancel.not-owner,Draft
RET-ORG-010,organizationReturns filter and REST search — a legacy return with a backfilled organization and no store is dropped by the store filter,GraphQL xAPI — Returns > Organization returns (step 3),High,,,"HELD and MANUAL. FIXTURE-GAP: the platform API cannot create a return without a store, and the three organizations that carry a store-less return on vcst (observed through REST search, 3x 2026-10-08: 1 row each for organizationId + excludeDrafts, 0 once storeId=B2B-store is added) are SHARED, non-AGENT-TEST organizations, so no holder can be provisioned there. The xAPI holder view of those rows is not reachable; no alias is invented for it. The REST leg is a manual probe: as the administrator, POST /api/return/search {""organizationId"": <an organization that carries a store-less return>, ""excludeDrafts"": true, ""take"": 100} with and without ""storeId"": ""B2B-store"" and record both row counts. The expectation is the SPEC/DOC one (the migration note and the module guide say the organization of an existing return was ""filled in"", so it belongs in the organization's list): the filtered query returns the same row, and the case stays Draft/Manual while the PO has not stated whether legacy returns belong in the list. Would make it real: a store-less return in an AGENT-TEST organization (a seeder that can write a return row) or the PO's rule.",admin={{ADMIN_USER}},"[AUTH role=ADMIN_DEFAULT]
[REST-OP legacy_unfiltered]
POST {{BACK_URL}}/api/return/search
Content-Type: application/json
Body: {""organizationId"": ""<id of an organization that carries a store-less return>"", ""excludeDrafts"": true, ""take"": 100}
[REST-EXEC legacy_unfiltered]
[REST-OP legacy_store_filtered]
POST {{BACK_URL}}/api/return/search
Content-Type: application/json
Body: {""organizationId"": ""<the same organization>"", ""excludeDrafts"": true, ""storeId"": ""{{STORE_ID}}"", ""take"": 100}
[REST-EXEC legacy_store_filtered]","[REL] the number of rows POST /api/return/search returns for the legacy organization with excludeDrafts equals the number it returns with storeId added {DOC} (PR #28 Database: the organization of an existing return is filled in; HELD: 3x observed 1 row without the store filter and 0 with it)
[EVIDENCE] once a holder fixture exists, organizationReturns for that organization lists the legacy return {DOC} (PR #28 Database)",[EVIDENCE] the row counts of the two REST calls are the evidence; nothing is written,the storeId-filtered REST search returns fewer rows than the unfiltered one for the same organization (a legacy return never reaches the organization list although the upgrade note says its organization was filled in); the holder-side list omits a legacy return the REST search shows for the same organization,none -- read-only,VCST-5884 · Archetype:FALLBACK · Technique:EP,Manual
RET-ORG-011,return(id) and organizationReturns — a holder reading a return created in another store gets the rule the PO states,GraphQL xAPI — Returns > Organization returns (step 3),Medium,,,"Runner-native. No browser. Fixtures are the 3a ORG_RET_* personas (organization AGENT-TEST-Org-RetViewer). Every return a case creates is PER-RUN and is cancelled inline; Return.AttachmentsRequired must be at its default false (else the submit step is BLOCKED, KB-84773559). Assert the NAMED return a case created, never a total: other lanes submit returns into the same organization at the same time. {HYPOTHESIS} createReturn has NO storeId: the store of a return comes from its ORDER, so a buyer cannot create an other-store return through the xAPI (execution lane B, corrects the plan). The per-run setup is therefore an administrator PUT /api/return that moves the AGENT-TEST return to store Electronics, built from the scalar fields read from the return itself (GET /api/return/{id}); the first live run confirms the PUT keeps the return's lines (execution lane B moved a return this way on vcst). The store is restored to the order's store BEFORE the buyer cancels, and the return is cancelled in Cleanup if the case aborts. Observed (3x, lane B): the store is NOT compared on return(id), and the list's storeId argument matches case-insensitively. The expectation is the consistent one (a by-id read agrees with the list), kept as a {HYPOTHESIS} that stays Draft until the PO states the store rule: a red holder_read is a candidate finding for the PO, not a certified defect and not inverted to the build.",viewer_org=@td(ORG_RET_VIEWER_ORG.id); b_order=@td(ORG_RET_BUYER.orderId); b_line=@td(ORG_RET_BUYER.lineAItemId),"[AUTH role=ORG_RET_BUYER]
[GQL-OP x_create]
mutation { createReturn(command: { orderId: ""{{b_order}}"", customerComment: ""AGENT-TEST VCST-5884"", items: [{ orderLineItemId: ""{{b_line}}"", quantity: 1, reasonCode: ""NoLongerNeeded"", reasonComment: ""AGENT-TEST VCST-5884"" }] }) { id number status } }
[GQL-EXEC x_create]
[GQL-CAPTURE x_create.data.createReturn.id → X_ID]
[GQL-CAPTURE x_create.data.createReturn.number → X_NO]
[GQL-OP x_submit]
mutation { submitReturn(command: { returnId: ""{{X_ID}}"" }) { id number status } }
[GQL-EXEC x_submit]
[AUTH role=ADMIN_DEFAULT]
[REST-OP get_ret]
GET {{BACK_URL}}/api/return/{{X_ID}}
[REST-EXEC get_ret]
[REST-CAPTURE get_ret.body.number → X_NUMBER]
[REST-CAPTURE get_ret.body.orderId → X_ORDERID]
[REST-CAPTURE get_ret.body.orderNumber → X_ORDERNUMBER]
[REST-CAPTURE get_ret.body.customerId → X_CUSTOMERID]
[REST-CAPTURE get_ret.body.customerName → X_CUSTOMERNAME]
[REST-CAPTURE get_ret.body.organizationId → X_ORGANIZATIONID]
[REST-CAPTURE get_ret.body.organizationName → X_ORGANIZATIONNAME]
[REST-CAPTURE get_ret.body.status → X_STATUS]
[REST-OP move]
PUT {{BACK_URL}}/api/return
Content-Type: application/json
Body: {""id"": ""{{X_ID}}"", ""number"": ""{{X_NUMBER}}"", ""orderId"": ""{{X_ORDERID}}"", ""orderNumber"": ""{{X_ORDERNUMBER}}"", ""storeId"": ""Electronics"", ""customerId"": ""{{X_CUSTOMERID}}"", ""customerName"": ""{{X_CUSTOMERNAME}}"", ""organizationId"": ""{{X_ORGANIZATIONID}}"", ""organizationName"": ""{{X_ORGANIZATIONNAME}}"", ""status"": ""{{X_STATUS}}""}
[REST-EXEC move]
[REST-OP moved_state]
GET {{BACK_URL}}/api/return/{{X_ID}}
[REST-EXEC moved_state]
[AUTH role=ORG_RET_HOLDER_MEMBERSHIP]
[GQL-OP holder_read]
query { return(id: ""{{X_ID}}"") { id number status } }
[GQL-EXEC holder_read]
[GQL-OP list_home_store]
query { organizationReturns(storeId: ""{{STORE_ID}}"", organizationId: ""{{viewer_org}}"", first: 50) { totalCount items { id number } } }
[GQL-EXEC list_home_store]
[GQL-OP list_other_store]
query { organizationReturns(storeId: ""Electronics"", organizationId: ""{{viewer_org}}"", first: 50) { totalCount items { id number } } }
[GQL-EXEC list_other_store]
[AUTH role=ADMIN_DEFAULT]
[REST-OP restore]
PUT {{BACK_URL}}/api/return
Content-Type: application/json
Body: {""id"": ""{{X_ID}}"", ""number"": ""{{X_NUMBER}}"", ""orderId"": ""{{X_ORDERID}}"", ""orderNumber"": ""{{X_ORDERNUMBER}}"", ""storeId"": ""{{STORE_ID}}"", ""customerId"": ""{{X_CUSTOMERID}}"", ""customerName"": ""{{X_CUSTOMERNAME}}"", ""organizationId"": ""{{X_ORGANIZATIONID}}"", ""organizationName"": ""{{X_ORGANIZATIONNAME}}"", ""status"": ""{{X_STATUS}}""}
[REST-EXEC restore]
[AUTH role=ORG_RET_BUYER]
[GQL-OP cleanup_x]
mutation { cancelReturn(command: { returnId: ""{{X_ID}}"" }) { id status } }
[GQL-EXEC cleanup_x]","[ERRORS label=x_create] errors[] empty {SPEC} (VCST-5628)
[DATA label=x_create] data.createReturn.status = Draft {SPEC} (VCST-5628)
[ERRORS label=x_submit] errors[] empty {SPEC} (VCST-5628)
[DATA label=x_submit] data.submitReturn.status = Requested {SPEC} (VCST-5628)
[ERRORS label=get_ret] HTTP 200 {OBSERVED}
[ERRORS label=move] HTTP 200 {OBSERVED}
[ERRORS label=moved_state] HTTP 200 {OBSERVED}
[DATA label=moved_state] body.storeId = Electronics {OBSERVED} (the per-run return really sits in another store before the holder reads it)
[ERRORS label=holder_read] errors[] empty {HYPOTHESIS} (the store rule is unstated; real when the PO states it)
[NULL label=holder_read] data.return {HYPOTHESIS} (the store rule is unstated; the organization list filters StoreId, so a by-id read of a return the list would not show should agree with it; real when the PO states the rule. 3x and lane B observed: store NOT compared, the return opens)
[ERRORS label=list_home_store] errors[] empty {HYPOTHESIS} (the store rule is unstated; real when the PO states it)
[NULL label=list_home_store] data.organizationReturns.items[?number={{X_NO}}] {SPEC} (PR #28 Behaviour: the list filters the store of the request; the return now belongs to another store)
[ERRORS label=list_other_store] errors[] empty {OBSERVED} (the storeId argument matches case-insensitively; no expectation on the other store's own list)
[ERRORS label=restore] HTTP 200 {OBSERVED}
[ERRORS label=cleanup_x] errors[] empty {SPEC} (VCST-5628)","[EVIDENCE] moved_state reads the store of the return as the administrator after the PUT, so the holder's read is made against a known StoreId; the buyer owns the return throughout","a holder reads, by id, a return of a store other than the one the list shows (the by-id read and the list disagree about the same return); the PUT dropped the return's lines or customer (BLOCKED: the setup, not the product); the store is left on Electronics","[AUTH role=ADMIN_DEFAULT]
[REST PUT /api/return]
{""id"": ""{{X_ID}}"", ""number"": ""{{X_NUMBER}}"", ""orderId"": ""{{X_ORDERID}}"", ""orderNumber"": ""{{X_ORDERNUMBER}}"", ""storeId"": ""{{STORE_ID}}"", ""customerId"": ""{{X_CUSTOMERID}}"", ""customerName"": ""{{X_CUSTOMERNAME}}"", ""organizationId"": ""{{X_ORGANIZATIONID}}"", ""organizationName"": ""{{X_ORGANIZATIONNAME}}"", ""status"": ""{{X_STATUS}}""}",VCST-5884 · Archetype:SCOPE · Technique:EG,Draft
RET-ORG-012,organizationReturns — a permission revoked mid-session is refused on the next call while the old token is still valid,GraphQL xAPI — Returns > Organization returns (step 3),High,BL-GQL-004,,"Runner-native. No browser. Fixtures are the 3a ORG_RET_* personas (organization AGENT-TEST-Org-RetViewer). Every return a case creates is PER-RUN and is cancelled inline; Return.AttachmentsRequired must be at its default false (else the submit step is BLOCKED, KB-84773559). Assert the NAMED return a case created, never a total: other lanes submit returns into the same organization at the same time. The same access token is used for before_revoke, after_revoke and after_regrant: the runner caches one token per role for the run, and the whole case signs the holder in once. The holder's membership role is removed and re-granted through the platform API. Do NOT cite VC-B2B-002 (""without re-login""): it contradicts BL-B2B-005 and the docs, which say the server applies the change at once and only the signed-in session is stale. SHARED STATE: this writes the membership of ORG_RET_HOLDER_MEMBERSHIP, which other cases use as their holder: run this case alone and let it restore the role before anything else signs that holder in (the checklist's revoke row names ORG_RET_HOLDER_ORGROLE, whose grant is an organization-level role and cannot be written without sending a whole organization object through this grammar). The role id and name are read from the membership itself. The REST body mirrors seed-org-returns.mjs; the first live run settles anything the platform rejects.",viewer_org=@td(ORG_RET_VIEWER_ORG.id); b_order=@td(ORG_RET_BUYER.orderId); b_line=@td(ORG_RET_BUYER.lineAItemId),"[AUTH role=ORG_RET_BUYER]
[GQL-OP b_create]
mutation { createReturn(command: { orderId: ""{{b_order}}"", customerComment: ""AGENT-TEST VCST-5884"", items: [{ orderLineItemId: ""{{b_line}}"", quantity: 1, reasonCode: ""NoLongerNeeded"", reasonComment: ""AGENT-TEST VCST-5884"" }] }) { id number status } }
[GQL-EXEC b_create]
[GQL-CAPTURE b_create.data.createReturn.id → B_ID]
[GQL-CAPTURE b_create.data.createReturn.number → B_NO]
[GQL-OP b_submit]
mutation { submitReturn(command: { returnId: ""{{B_ID}}"" }) { id number status } }
[GQL-EXEC b_submit]
[AUTH role=ADMIN_DEFAULT]
[REST-OP get_role]
GET {{BACK_URL}}/api/customer/organization-memberships/@td(ORG_RET_HOLDER_MEMBERSHIP.membershipId)
[REST-EXEC get_role]
[REST-CAPTURE get_role.body.roles.0.roleId → VIEW_ROLE_ID]
[REST-CAPTURE get_role.body.roles.0.roleName → VIEW_ROLE_NAME]
[AUTH role=ORG_RET_HOLDER_MEMBERSHIP]
[GQL-OP before_revoke]
query { organizationReturns(storeId: ""{{STORE_ID}}"", organizationId: ""{{viewer_org}}"", first: 50) { totalCount pageInfo { hasNextPage endCursor } items { id number status customerId customerName organizationId organizationName } } }
[GQL-EXEC before_revoke]
[AUTH role=ADMIN_DEFAULT]
[REST-OP revoke]
PUT {{BACK_URL}}/api/customer/organization-memberships/@td(ORG_RET_HOLDER_MEMBERSHIP.membershipId)
Content-Type: application/json
Body: {""id"": ""@td(ORG_RET_HOLDER_MEMBERSHIP.membershipId)"", ""userId"": ""@td(ORG_RET_HOLDER_MEMBERSHIP.userId)"", ""organizationId"": ""@td(ORG_RET_VIEWER_ORG.id)"", ""organizationName"": ""@td(ORG_RET_VIEWER_ORG.name)"", ""roles"": [], ""status"": ""Approved"", ""isLocked"": false}
[REST-EXEC revoke]
[REST-OP state_revoked]
GET {{BACK_URL}}/api/customer/organization-memberships/@td(ORG_RET_HOLDER_MEMBERSHIP.membershipId)
[REST-EXEC state_revoked]
[AUTH role=ORG_RET_HOLDER_MEMBERSHIP]
[GQL-OP after_revoke]
query { organizationReturns(storeId: ""{{STORE_ID}}"", organizationId: ""{{viewer_org}}"", first: 50) { totalCount pageInfo { hasNextPage endCursor } items { id number status customerId customerName organizationId organizationName } } }
[GQL-EXEC after_revoke]
[AUTH role=ADMIN_DEFAULT]
[REST-OP regrant]
PUT {{BACK_URL}}/api/customer/organization-memberships/@td(ORG_RET_HOLDER_MEMBERSHIP.membershipId)
Content-Type: application/json
Body: {""id"": ""@td(ORG_RET_HOLDER_MEMBERSHIP.membershipId)"", ""userId"": ""@td(ORG_RET_HOLDER_MEMBERSHIP.userId)"", ""organizationId"": ""@td(ORG_RET_VIEWER_ORG.id)"", ""organizationName"": ""@td(ORG_RET_VIEWER_ORG.name)"", ""roles"": [{""roleId"": ""{{VIEW_ROLE_ID}}"", ""roleName"": ""{{VIEW_ROLE_NAME}}""}], ""status"": ""Approved"", ""isLocked"": false}
[REST-EXEC regrant]
[REST-OP state_regranted]
GET {{BACK_URL}}/api/customer/organization-memberships/@td(ORG_RET_HOLDER_MEMBERSHIP.membershipId)
[REST-EXEC state_regranted]
[AUTH role=ORG_RET_HOLDER_MEMBERSHIP]
[GQL-OP after_regrant]
query { organizationReturns(storeId: ""{{STORE_ID}}"", organizationId: ""{{viewer_org}}"", first: 50) { totalCount pageInfo { hasNextPage endCursor } items { id number status customerId customerName organizationId organizationName } } }
[GQL-EXEC after_regrant]
[AUTH role=ORG_RET_BUYER]
[GQL-OP cleanup_b]
mutation { cancelReturn(command: { returnId: ""{{B_ID}}"" }) { id status } }
[GQL-EXEC cleanup_b]","[ERRORS label=b_create] errors[] empty {SPEC} (VCST-5628)
[DATA label=b_create] data.createReturn.status = Draft {SPEC} (VCST-5628)
[ERRORS label=b_submit] errors[] empty {SPEC} (VCST-5628)
[DATA label=b_submit] data.submitReturn.status = Requested {SPEC} (VCST-5628)
[ERRORS label=get_role] HTTP 200 {OBSERVED}
[DATA label=get_role] body.roles.0.roleId is non-null {OBSERVED}
[ERRORS label=before_revoke] errors[] empty {SPEC} (VCST-5884 AC-1: a holder reads the organization)
[DATA label=before_revoke] data.organizationReturns.items[?number={{B_NO}}].number = {{B_NO}} {SPEC} (VCST-5884 AC-3)
[ERRORS label=state_revoked] HTTP 200 {OBSERVED}
[COUNT label=state_revoked] body.roles.length = 0 {OBSERVED}
[ERRORS label=after_revoke] errors[] non-empty {DOC} (VirtoOZ PlatformUserGuide: organization-scoped roles are applied on the server immediately, only the signed-in session is stale; execution lane B observed the same token refused on the next call)
[DATA label=after_revoke] errors[0].extensions.code = Forbidden {OBSERVED} (kb KB-9E0ED0F4)
[NULL label=after_revoke] data.organizationReturns {DOC} (VirtoOZ PlatformUserGuide, as above)
[ERRORS label=state_regranted] HTTP 200 {OBSERVED}
[DATA label=state_regranted] body.roles.0.roleId = {{VIEW_ROLE_ID}} {OBSERVED}
[ERRORS label=after_regrant] errors[] empty {OBSERVED} (execution lane B: the server re-reads roles on every call, so the OLD token is answered again after the restore; BL-B2B-005 and ECL-4.3 concern what the TOKEN carries, so they are not cited for this server leg)
[DATA label=after_regrant] data.organizationReturns.items[?number={{B_NO}}].number = {{B_NO}} {OBSERVED} (execution lane B, as above)
[ERRORS label=cleanup_b] errors[] empty {SPEC} (VCST-5628)","[EVIDENCE] state_revoked and state_regranted read the membership back through REST, so the call outcomes are tied to a verified role state; the token is the same in all three holder reads","after the revoke the same token still reads the organization (stale authorisation: the maintainer keeps reading until the token expires); after the re-grant the same token is still refused (a granted permission is ignored for the session); a REST write failed (BLOCKED, not a verdict)","[AUTH role=ADMIN_DEFAULT]
[REST PUT /api/customer/organization-memberships/@td(ORG_RET_HOLDER_MEMBERSHIP.membershipId)]
{""id"": ""@td(ORG_RET_HOLDER_MEMBERSHIP.membershipId)"", ""userId"": ""@td(ORG_RET_HOLDER_MEMBERSHIP.userId)"", ""organizationId"": ""@td(ORG_RET_VIEWER_ORG.id)"", ""organizationName"": ""@td(ORG_RET_VIEWER_ORG.name)"", ""roles"": [{""roleId"": ""{{VIEW_ROLE_ID}}"", ""roleName"": ""{{VIEW_ROLE_NAME}}""}], ""status"": ""Approved"", ""isLocked"": false}",VCST-5884 · Archetype:STALE · Technique:ST,Draft
RET-ORG-013,every return query and mutation except returnStatuses refuses a locked account; healthy accounts' own flows are unchanged,GraphQL xAPI — Returns > Organization returns (step 3),High,BL-GQL-004,,"Runner-native. No browser. Fixtures are the 3a ORG_RET_* personas (organization AGENT-TEST-Org-RetViewer). Every return a case creates is PER-RUN and is cancelled inline; Return.AttachmentsRequired must be at its default false (else the submit step is BLOCKED, KB-84773559). Assert the NAMED return a case created, never a total: other lanes submit returns into the same organization at the same time. SCOPE CREEP, no acceptance criterion: PR #28 adds an account-state guard (UserLocked / PasswordExpired / Unauthorized) in front of EVERY return query and mutation except returnStatuses. This case asserts the PR's description and is raised to the PO; it is {HYPOTHESIS} until the PO confirms the guard belongs in this story. ORG_RET_OTHER_BUYER signs in FIRST (a locked account cannot sign in), then is locked through the platform API and UNLOCKED in the same case and in Cleanup. Never LOCKOUT_TEST_* (shared with other suites). CARRIED, NOT ASSERTED (execution lane B): the password-expired leg is INCONCLUSIVE (a flag set through the users API did not trip the guard, so PasswordExpired is not asserted) and the deleted-account leg was not reached (a deleted account cannot be restored on a shared stand); both stay {HYPOTHESIS} and add no assertion here. Observed on the locked leg: UserLocked on returns, return, organizationReturns, returnableItems, returnPolicy, returnReasons, createReturn, updateReturn, submitReturn and cancelReturn, while returnStatuses still answers.",o_order=@td(ORG_RET_OTHER_BUYER.orderId); o_line=@td(ORG_RET_OTHER_BUYER.lineAItemId); o_org=@td(ORG_RET_OTHER_ORG.id),"[AUTH role=ORG_RET_OTHER_BUYER]
[GQL-OP dr_create]
mutation { createReturn(command: { orderId: ""{{o_order}}"", customerComment: ""AGENT-TEST VCST-5884"", items: [{ orderLineItemId: ""{{o_line}}"", quantity: 1, reasonCode: ""NoLongerNeeded"", reasonComment: ""AGENT-TEST VCST-5884"" }] }) { id number status } }
[GQL-EXEC dr_create]
[GQL-CAPTURE dr_create.data.createReturn.id → DR_ID]
[GQL-CAPTURE dr_create.data.createReturn.number → DR_NO]
[AUTH role=ORG_RET_BUYER]
[GQL-OP healthy_policy]
query { returnPolicy(storeId: ""{{STORE_ID}}"") { isEnabled windowDays allowedOrderStatuses } }
[GQL-EXEC healthy_policy]
[GQL-OP healthy_reasons]
query { returnReasons(storeId: ""{{STORE_ID}}"") { code localizedName requiresComment } }
[GQL-EXEC healthy_reasons]
[GQL-OP healthy_list]
query { returns(storeId: ""{{STORE_ID}}"", first: 5) { totalCount items { id number status } } }
[GQL-EXEC healthy_list]
[AUTH role=ADMIN_DEFAULT]
[REST POST /api/platform/security/users/@td(ORG_RET_OTHER_BUYER.userId)/lock]
[AUTH role=ORG_RET_OTHER_BUYER]
[GQL-OP lk_returns]
query { returns(storeId: ""{{STORE_ID}}"", first: 5) { totalCount items { id } } }
[GQL-EXEC lk_returns]
[GQL-OP lk_return]
query { return(id: ""{{DR_ID}}"") { id status } }
[GQL-EXEC lk_return]
[GQL-OP lk_policy]
query { returnPolicy(storeId: ""{{STORE_ID}}"") { isEnabled } }
[GQL-EXEC lk_policy]
[GQL-OP lk_reasons]
query { returnReasons(storeId: ""{{STORE_ID}}"") { code } }
[GQL-EXEC lk_reasons]
[GQL-OP lk_create]
mutation { createReturn(command: { orderId: ""{{o_order}}"", items: [{ orderLineItemId: ""{{o_line}}"", quantity: 1, reasonCode: ""NoLongerNeeded"", reasonComment: ""AGENT-TEST locked"" }] }) { id status } }
[GQL-EXEC lk_create]
[GQL-OP lk_org]
query { organizationReturns(storeId: ""{{STORE_ID}}"", organizationId: ""{{o_org}}"", first: 1) { totalCount } }
[GQL-EXEC lk_org]
[GQL-OP lk_returnable]
query { returnableItems(orderId: ""{{o_order}}"") { orderLineItemId returnableQuantity } }
[GQL-EXEC lk_returnable]
[GQL-OP lk_update]
mutation { updateReturn(command: { returnId: ""{{DR_ID}}"", customerComment: ""AGENT-TEST locked edit"" }) { id status } }
[GQL-EXEC lk_update]
[GQL-OP lk_submit]
mutation { submitReturn(command: { returnId: ""{{DR_ID}}"" }) { id status } }
[GQL-EXEC lk_submit]
[GQL-OP lk_cancel]
mutation { cancelReturn(command: { returnId: ""{{DR_ID}}"" }) { id status } }
[GQL-EXEC lk_cancel]
[GQL-OP lk_statuses]
query { returnStatuses { items { key } } }
[GQL-EXEC lk_statuses]
[AUTH role=ADMIN_DEFAULT]
[REST POST /api/platform/security/users/@td(ORG_RET_OTHER_BUYER.userId)/unlock]
[AUTH role=ORG_RET_OTHER_BUYER]
[GQL-OP after_unlock]
query { return(id: ""{{DR_ID}}"") { id status } }
[GQL-EXEC after_unlock]
[GQL-OP cleanup_dr]
mutation { cancelReturn(command: { returnId: ""{{DR_ID}}"" }) { id status } }
[GQL-EXEC cleanup_dr]","[ERRORS label=dr_create] errors[] empty {SPEC} (VCST-5628)
[DATA label=dr_create] data.createReturn.status = Draft {SPEC} (VCST-5628)
[ERRORS label=healthy_policy] errors[] empty {HYPOTHESIS} (PR #28: healthy accounts are unchanged; released VCST-5883 behaviour)
[DATA label=healthy_policy] data.returnPolicy.isEnabled = true {SPEC} (VCST-5883)
[ERRORS label=healthy_reasons] errors[] empty {SPEC} (VCST-5883)
[DATA label=healthy_reasons] data.returnReasons[?code=NoLongerNeeded].code = NoLongerNeeded {SPEC} (VCST-5883)
[ERRORS label=healthy_list] errors[] empty {SPEC} (VCST-5883)
[DATA label=healthy_list] data.returns.totalCount >= 0 {SPEC} (VCST-5883)
[ERRORS label=lk_returns] errors[] non-empty {HYPOTHESIS} (PR #28 Runtime: every return operation but returnStatuses refuses a locked account; no AC, real when the PO confirms it belongs here)
[DATA label=lk_returns] errors[0].extensions.code = UserLocked {OBSERVED} (3x 2026-10-08)
[ERRORS label=lk_return] errors[] non-empty {HYPOTHESIS} (PR #28 Runtime: every return operation but returnStatuses refuses a locked account; no AC, real when the PO confirms it belongs here)
[DATA label=lk_return] errors[0].extensions.code = UserLocked {OBSERVED} (3x 2026-10-08)
[ERRORS label=lk_policy] errors[] non-empty {HYPOTHESIS} (PR #28 Runtime: every return operation but returnStatuses refuses a locked account; no AC, real when the PO confirms it belongs here)
[DATA label=lk_policy] errors[0].extensions.code = UserLocked {OBSERVED} (3x 2026-10-08)
[ERRORS label=lk_reasons] errors[] non-empty {HYPOTHESIS} (PR #28 Runtime: every return operation but returnStatuses refuses a locked account; no AC, real when the PO confirms it belongs here)
[DATA label=lk_reasons] errors[0].extensions.code = UserLocked {OBSERVED} (3x 2026-10-08)
[ERRORS label=lk_org] errors[] non-empty {HYPOTHESIS} (PR #28 Runtime: every return operation but returnStatuses refuses a locked account; no AC, real when the PO confirms it belongs here)
[DATA label=lk_org] errors[0].extensions.code = UserLocked {OBSERVED} (3x 2026-10-08)
[ERRORS label=lk_returnable] errors[] non-empty {HYPOTHESIS} (PR #28 Runtime: every return operation but returnStatuses refuses a locked account; no AC, real when the PO confirms it belongs here)
[DATA label=lk_returnable] errors[0].extensions.code = UserLocked {OBSERVED} (3x 2026-10-08)
[ERRORS label=lk_create] errors[] non-empty {HYPOTHESIS} (PR #28 Runtime: every return operation but returnStatuses refuses a locked account; no AC, real when the PO confirms it belongs here)
[DATA label=lk_create] errors[0].extensions.code = UserLocked {OBSERVED} (3x 2026-10-08)
[ERRORS label=lk_update] errors[] non-empty {HYPOTHESIS} (PR #28 Runtime: every return operation but returnStatuses refuses a locked account; no AC, real when the PO confirms it belongs here)
[DATA label=lk_update] errors[0].extensions.code = UserLocked {OBSERVED} (3x 2026-10-08)
[ERRORS label=lk_submit] errors[] non-empty {HYPOTHESIS} (PR #28 Runtime: every return operation but returnStatuses refuses a locked account; no AC, real when the PO confirms it belongs here)
[DATA label=lk_submit] errors[0].extensions.code = UserLocked {OBSERVED} (3x 2026-10-08)
[ERRORS label=lk_cancel] errors[] non-empty {HYPOTHESIS} (PR #28 Runtime: every return operation but returnStatuses refuses a locked account; no AC, real when the PO confirms it belongs here)
[DATA label=lk_cancel] errors[0].extensions.code = UserLocked {OBSERVED} (3x 2026-10-08)
[ERRORS label=lk_statuses] errors[] empty {HYPOTHESIS} (PR #28: returnStatuses is the one exemption)
[ERRORS label=after_unlock] errors[] empty {SPEC} (VCST-5883)
[DATA label=after_unlock] data.return.status = Draft {SPEC} (VCST-5883: the refused calls changed nothing)
[ERRORS label=cleanup_dr] errors[] empty {SPEC} (VCST-5628)","[EVIDENCE] after_unlock reads the owner's draft after the refused calls: still Draft, so every refusal was a no-op; healthy_* are read by a healthy account BEFORE the lock, so ""unchanged for healthy accounts"" is a before-and-after on the same operations","a locked account reads or changes a return through any one operation (a builder outside the guard); a healthy buyer is refused on returnPolicy, returnReasons or the own list; returnStatuses is refused for the locked account; the lock REST call failed (BLOCKED)","[AUTH role=ADMIN_DEFAULT]
[REST POST /api/platform/security/users/@td(ORG_RET_OTHER_BUYER.userId)/unlock]",VCST-5884 · Archetype:PARITY · Technique:DT,Draft
RET-ORG-014,organizationReturns — a buyer removed from the organization keeps their returns in the organization's list,GraphQL xAPI — Returns > Organization returns (step 3),Medium,,,"Runner-native. No browser. Fixtures are the 3a ORG_RET_* personas (organization AGENT-TEST-Org-RetViewer). Every return a case creates is PER-RUN and is cancelled inline; Return.AttachmentsRequired must be at its default false (else the submit step is BLOCKED, KB-84773559). Assert the NAMED return a case created, never a total: other lanes submit returns into the same organization at the same time. {HYPOTHESIS} The expectation is the PR's own: the list filters the OrganizationId snapshot stored on the return, not the buyer's current membership, so a departed buyer's return stays in the organization's list. It is what 3x observed and the PO has not stated it; it is NOT certified here as correct. What would make it real: a PO rule either way. If the PO says a departed buyer's returns must leave the list, this assertion is the one that flips. The buyer is ORG_RET_LEAVER (a non-holder with its own order), and its membership is set to Deleted and RESTORED in the same case and in Cleanup. The role id and name are read from the membership. The REST body mirrors seed-org-returns.mjs.",viewer_org=@td(ORG_RET_VIEWER_ORG.id); l_order=@td(ORG_RET_LEAVER.orderId); l_line=@td(ORG_RET_LEAVER.lineAItemId),"[AUTH role=ORG_RET_LEAVER]
[GQL-OP l_create]
mutation { createReturn(command: { orderId: ""{{l_order}}"", customerComment: ""AGENT-TEST VCST-5884"", items: [{ orderLineItemId: ""{{l_line}}"", quantity: 1, reasonCode: ""NoLongerNeeded"", reasonComment: ""AGENT-TEST VCST-5884"" }] }) { id number status } }
[GQL-EXEC l_create]
[GQL-CAPTURE l_create.data.createReturn.id → L_ID]
[GQL-CAPTURE l_create.data.createReturn.number → L_NO]
[GQL-OP l_submit]
mutation { submitReturn(command: { returnId: ""{{L_ID}}"" }) { id number status } }
[GQL-EXEC l_submit]
[AUTH role=ADMIN_DEFAULT]
[REST-OP get_role]
GET {{BACK_URL}}/api/customer/organization-memberships/@td(ORG_RET_LEAVER.membershipId)
[REST-EXEC get_role]
[REST-CAPTURE get_role.body.roles.0.roleId → BASE_ROLE_ID]
[REST-CAPTURE get_role.body.roles.0.roleName → BASE_ROLE_NAME]
[REST-OP remove]
PUT {{BACK_URL}}/api/customer/organization-memberships/@td(ORG_RET_LEAVER.membershipId)
Content-Type: application/json
Body: {""id"": ""@td(ORG_RET_LEAVER.membershipId)"", ""userId"": ""@td(ORG_RET_LEAVER.userId)"", ""organizationId"": ""@td(ORG_RET_VIEWER_ORG.id)"", ""organizationName"": ""@td(ORG_RET_VIEWER_ORG.name)"", ""roles"": [{""roleId"": ""{{BASE_ROLE_ID}}"", ""roleName"": ""{{BASE_ROLE_NAME}}""}], ""status"": ""Deleted"", ""isLocked"": false}
[REST-EXEC remove]
[REST-OP state_removed]
GET {{BACK_URL}}/api/customer/organization-memberships/@td(ORG_RET_LEAVER.membershipId)
[REST-EXEC state_removed]
[AUTH role=ORG_RET_HOLDER_MEMBERSHIP]
[GQL-OP holder_list]
query { organizationReturns(storeId: ""{{STORE_ID}}"", organizationId: ""{{viewer_org}}"", first: 50) { totalCount pageInfo { hasNextPage endCursor } items { id number status customerId customerName organizationId organizationName } } }
[GQL-EXEC holder_list]
[GQL-OP holder_read]
query { return(id: ""{{L_ID}}"") { id number status customerName organizationName } }
[GQL-EXEC holder_read]
[AUTH role=ADMIN_DEFAULT]
[REST-OP restore]
PUT {{BACK_URL}}/api/customer/organization-memberships/@td(ORG_RET_LEAVER.membershipId)
Content-Type: application/json
Body: {""id"": ""@td(ORG_RET_LEAVER.membershipId)"", ""userId"": ""@td(ORG_RET_LEAVER.userId)"", ""organizationId"": ""@td(ORG_RET_VIEWER_ORG.id)"", ""organizationName"": ""@td(ORG_RET_VIEWER_ORG.name)"", ""roles"": [{""roleId"": ""{{BASE_ROLE_ID}}"", ""roleName"": ""{{BASE_ROLE_NAME}}""}], ""status"": ""Approved"", ""isLocked"": false}
[REST-EXEC restore]
[REST-OP state_restored]
GET {{BACK_URL}}/api/customer/organization-memberships/@td(ORG_RET_LEAVER.membershipId)
[REST-EXEC state_restored]
[AUTH role=ORG_RET_LEAVER]
[GQL-OP cleanup_l]
mutation { cancelReturn(command: { returnId: ""{{L_ID}}"" }) { id status } }
[GQL-EXEC cleanup_l]","[ERRORS label=l_create] errors[] empty {SPEC} (VCST-5628)
[DATA label=l_create] data.createReturn.status = Draft {SPEC} (VCST-5628)
[ERRORS label=l_submit] errors[] empty {SPEC} (VCST-5628)
[DATA label=l_submit] data.submitReturn.status = Requested {SPEC} (VCST-5628)
[ERRORS label=get_role] HTTP 200 {OBSERVED}
[ERRORS label=state_removed] HTTP 200 {OBSERVED}
[DATA label=state_removed] body.status = Deleted {OBSERVED}
[ERRORS label=holder_list] errors[] empty {SPEC} (VCST-5884 AC-1)
[DATA label=holder_list] data.organizationReturns.items[?number={{L_NO}}].number = {{L_NO}} {HYPOTHESIS} (the organization snapshot is by design per PR #28: a departed buyer's return stays in the organization history; real when the PO states it; 3x observed)
[ERRORS label=holder_read] errors[] empty {SPEC} (VCST-5884 AC-3)
[DATA label=holder_read] data.return.number = {{L_NO}} {HYPOTHESIS} (same rule)
[ERRORS label=state_restored] HTTP 200 {OBSERVED}
[DATA label=state_restored] body.status = Approved {OBSERVED}
[ERRORS label=cleanup_l] errors[] empty {SPEC} (VCST-5628)","[EVIDENCE] state_removed reads the membership back as Deleted before the holder reads the list, so the buyer really had left",the departed buyer's return is gone (if the PO rule is to keep it) or still listed (if the PO rule is to drop it); the membership is not restored (a later case finds ORG_RET_LEAVER blocked),"[AUTH role=ADMIN_DEFAULT]
[REST PUT /api/customer/organization-memberships/@td(ORG_RET_LEAVER.membershipId)]
{""id"": ""@td(ORG_RET_LEAVER.membershipId)"", ""userId"": ""@td(ORG_RET_LEAVER.userId)"", ""organizationId"": ""@td(ORG_RET_VIEWER_ORG.id)"", ""organizationName"": ""@td(ORG_RET_VIEWER_ORG.name)"", ""roles"": [{""roleId"": ""{{BASE_ROLE_ID}}"", ""roleName"": ""{{BASE_ROLE_NAME}}""}], ""status"": ""Approved"", ""isLocked"": false}",VCST-5884 · Archetype:STALE · Technique:ST,Draft
RET-ORG-015,organizationReturns and REST search — a renamed organization keeps its old name on existing returns and on returns created after the rename,GraphQL xAPI — Returns > Organization returns (step 3),Medium,,,"Runner-native. No browser. Fixtures are the 3a ORG_RET_* personas (organization AGENT-TEST-Org-RetViewer). Every return a case creates is PER-RUN and is cancelled inline; Return.AttachmentsRequired must be at its default false (else the submit step is BLOCKED, KB-84773559). Assert the NAMED return a case created, never a total: other lanes submit returns into the same organization at the same time. {HYPOTHESIS} Records what is observed after a rename (3x: existing rows keep the old name AND a return created after the rename also gets the old name, because it copies the order's snapshot). It is NOT a verdict that this is right: the PO has not said whether a rename should reach existing or new returns, and there is no re-snapshot path in the product (ABSENT, a finding for the PO). What would make it real: the PO's rule; if the rule is ""the current name"", the two after_rename assertions flip. The holder-side leg is not testable here: ORG_RET_OTHER_ORG has no holder, so the observation is the Admin REST search (the Admin Organization column reads the same field). The rename is written through PUT /api/organizations with the fields the seeder sets (id, memberType, name, emails); the first live run confirms it drops nothing else, and the name is restored in the same case and in Cleanup. The original name is captured from a return read before the rename.",o_order=@td(ORG_RET_OTHER_BUYER.orderId); o_line=@td(ORG_RET_OTHER_BUYER.lineAItemId); old_name=@td(ORG_RET_OTHER_ORG.name),"[AUTH role=ORG_RET_OTHER_BUYER]
[GQL-OP n_create]
mutation { createReturn(command: { orderId: ""{{o_order}}"", customerComment: ""AGENT-TEST VCST-5884"", items: [{ orderLineItemId: ""{{o_line}}"", quantity: 1, reasonCode: ""NoLongerNeeded"", reasonComment: ""AGENT-TEST VCST-5884"" }] }) { id number status } }
[GQL-EXEC n_create]
[GQL-CAPTURE n_create.data.createReturn.id → N_ID]
[GQL-CAPTURE n_create.data.createReturn.number → N_NO]
[GQL-OP n_submit]
mutation { submitReturn(command: { returnId: ""{{N_ID}}"" }) { id number status } }
[GQL-EXEC n_submit]
[AUTH role=ADMIN_DEFAULT]
[REST-OP before_rename]
POST {{BACK_URL}}/api/return/search
Content-Type: application/json
Body: {""organizationId"": ""@td(ORG_RET_OTHER_ORG.id)"", ""take"": 50}
[REST-EXEC before_rename]
[REST-OP rename]
PUT {{BACK_URL}}/api/organizations
Content-Type: application/json
Body: {""id"": ""@td(ORG_RET_OTHER_ORG.id)"", ""memberType"": ""Organization"", ""name"": ""AGENT-TEST-Org-RetOther-RENAMED"", ""emails"": [""@td(ORG_RET_OTHER_ORG.email)""]}
[REST-EXEC rename]
[REST-OP org_state]
GET {{BACK_URL}}/api/organizations/@td(ORG_RET_OTHER_ORG.id)
[REST-EXEC org_state]
[AUTH role=ORG_RET_OTHER_BUYER]
[GQL-OP m_create]
mutation { createReturn(command: { orderId: ""{{o_order}}"", customerComment: ""AGENT-TEST VCST-5884"", items: [{ orderLineItemId: ""{{o_line}}"", quantity: 1, reasonCode: ""NoLongerNeeded"", reasonComment: ""AGENT-TEST VCST-5884"" }] }) { id number status } }
[GQL-EXEC m_create]
[GQL-CAPTURE m_create.data.createReturn.id → M_ID]
[GQL-CAPTURE m_create.data.createReturn.number → M_NO]
[GQL-OP m_submit]
mutation { submitReturn(command: { returnId: ""{{M_ID}}"" }) { id number status } }
[GQL-EXEC m_submit]
[AUTH role=ADMIN_DEFAULT]
[REST-OP after_rename]
POST {{BACK_URL}}/api/return/search
Content-Type: application/json
Body: {""organizationId"": ""@td(ORG_RET_OTHER_ORG.id)"", ""take"": 50}
[REST-EXEC after_rename]
[REST-OP restore]
PUT {{BACK_URL}}/api/organizations
Content-Type: application/json
Body: {""id"": ""@td(ORG_RET_OTHER_ORG.id)"", ""memberType"": ""Organization"", ""name"": ""{{old_name}}"", ""emails"": [""@td(ORG_RET_OTHER_ORG.email)""]}
[REST-EXEC restore]
[AUTH role=ORG_RET_OTHER_BUYER]
[GQL-OP cleanup_n]
mutation { cancelReturn(command: { returnId: ""{{N_ID}}"" }) { id status } }
[GQL-EXEC cleanup_n]
[AUTH role=ORG_RET_OTHER_BUYER]
[GQL-OP cleanup_m]
mutation { cancelReturn(command: { returnId: ""{{M_ID}}"" }) { id status } }
[GQL-EXEC cleanup_m]","[ERRORS label=n_create] errors[] empty {SPEC} (VCST-5628)
[DATA label=n_create] data.createReturn.status = Draft {SPEC} (VCST-5628)
[ERRORS label=n_submit] errors[] empty {SPEC} (VCST-5628)
[DATA label=n_submit] data.submitReturn.status = Requested {SPEC} (VCST-5628)
[ERRORS label=m_create] errors[] empty {SPEC} (VCST-5628)
[DATA label=m_create] data.createReturn.status = Draft {SPEC} (VCST-5628)
[ERRORS label=m_submit] errors[] empty {SPEC} (VCST-5628)
[DATA label=m_submit] data.submitReturn.status = Requested {SPEC} (VCST-5628)
[ERRORS label=before_rename] HTTP 200 {OBSERVED}
[DATA label=before_rename] body.results[?number={{N_NO}}].organizationName = {{old_name}} {OBSERVED} (the baseline before the rename)
[ERRORS label=org_state] HTTP 200 {OBSERVED}
[DATA label=org_state] body.name = AGENT-TEST-Org-RetOther-RENAMED {OBSERVED} (the rename took effect before the observation)
[ERRORS label=after_rename] HTTP 200 {OBSERVED}
[DATA label=after_rename] body.results[?number={{N_NO}}].organizationName = {{old_name}} {HYPOTHESIS} (a return keeps the organization name copied from its order at creation: snapshot by design per PR #28; real when the PO states the rule; 3x observed)
[DATA label=after_rename] body.results[?number={{M_NO}}].organizationName = {{old_name}} {HYPOTHESIS} (a return created AFTER the rename also copies the order's old name; whether that is wanted is the PO question; 3x observed)
[ERRORS label=cleanup_n] errors[] empty {SPEC} (VCST-5628)
[ERRORS label=cleanup_m] errors[] empty {SPEC} (VCST-5628)","[EVIDENCE] org_state reads the organization back after the rename, so the observation is made with the new name really in place; the two returns are compared by their own numbers","the organization name on the returns differs from what the PO decides (stale on existing returns, or on the one created after the rename); the rename or its restore fails (BLOCKED: ORG_RET_OTHER_ORG left renamed)","[AUTH role=ADMIN_DEFAULT]
[REST PUT /api/organizations]
{""id"": ""@td(ORG_RET_OTHER_ORG.id)"", ""memberType"": ""Organization"", ""name"": ""@td(ORG_RET_OTHER_ORG.name)"", ""emails"": [""@td(ORG_RET_OTHER_ORG.email)""]}",VCST-5884 · Archetype:STALE · Technique:ST,Draft
